source_id,file_id,period,time_remaining,assister_number,assister_name,assister_assist_count,scorer_number,scorer_name,shot_type,points,home_score,visiting_score,narrative
2021,12546,1,523,15,Ashley Owusu,1,55,Chloe Bibby,3PTR,3,3.0,0.0,55 Chloe Bibby 3PTR GOOD (3 Pt); 15 Ashley Owusu Assist (1 Asst)
2021,12546,1,291,15,Ashley Owusu,2,00,Shyanne Sellers,3PTR,3,6.0,9.0,00 Shyanne Sellers 3PTR GOOD (3 Pt); 15 Ashley Owusu Assist (2 Asst)
2021,12546,1,250,02,Mimi Collins,1,00,Shyanne Sellers,3PTR,3,9.0,11.0,00 Shyanne Sellers 3PTR GOOD (6 Pt); 02 Mimi Collins Assist (1 Asst)
2021,12546,2,518,15,Ashley Owusu,3,10,Angel Reese,LAYUP,2,16.0,25.0,10 Angel Reese LAYUP GOOD (2 Pt); 15 Ashley Owusu Assist (3 Asst)
2021,12546,2,284,00,Shyanne Sellers,1,55,Chloe Bibby,LAYUP,2,19.0,36.0,55 Chloe Bibby LAYUP GOOD (5 Pt); 00 Shyanne Sellers Assist (1 Asst)
2021,12546,2,255,55,Chloe Bibby,1,10,Angel Reese,LAYUP,2,21.0,36.0,10 Angel Reese LAYUP GOOD (5 Pt); 55 Chloe Bibby Assist (1 Asst)
2021,12546,2,182,00,Shyanne Sellers,2,10,Angel Reese,JUMPER,2,23.0,40.0,10 Angel Reese JUMPER GOOD (7 Pt); 00 Shyanne Sellers Assist (2 Asst)
2021,12546,2,147,55,Chloe Bibby,2,10,Angel Reese,LAYUP,2,25.0,42.0,10 Angel Reese LAYUP GOOD (9 Pt); 55 Chloe Bibby Assist (2 Asst)
2021,12546,3,385,00,Shyanne Sellers,3,15,Ashley Owusu,LAYUP,2,35.0,55.0,15 Ashley Owusu LAYUP GOOD (9 Pt); 00 Shyanne Sellers Assist (3 Asst)
2021,12546,3,314,55,Chloe Bibby,3,02,Mimi Collins,LAYUP,2,38.0,55.0,02 Mimi Collins LAYUP GOOD (2 Pt); 55 Chloe Bibby Assist (3 Asst)
2021,12546,3,75,15,Ashley Owusu,4,00,Shyanne Sellers,LAYUP,2,46.0,63.0,00 Shyanne Sellers LAYUP GOOD (10 Pt); 15 Ashley Owusu Assist (4 Asst)
2021,12546,4,516,55,Chloe Bibby,4,10,Angel Reese,3PTR,3,49.0,70.0,10 Angel Reese 3PTR GOOD (18 Pt); 55 Chloe Bibby Assist (4 Asst)
2021,12546,4,465,15,Ashley Owusu,5,55,Chloe Bibby,3PTR,3,52.0,70.0,55 Chloe Bibby 3PTR GOOD (8 Pt); 15 Ashley Owusu Assist (5 Asst)
2021,12547,1,586,15,Ashley Owusu,1,55,Chloe Bibby,3PTR,3,3.0,0.0,55 Chloe Bibby 3PTR GOOD (3 Pt); 15 Ashley Owusu Assist (1 Asst)
2021,12547,1,360,00,Shyanne Sellers,1,55,Chloe Bibby,LAYUP,2,9.0,7.0,55 Chloe Bibby LAYUP GOOD (5 Pt); 00 Shyanne Sellers Assist (1 Asst)
2021,12547,1,150,10,Angel Reese,1,55,Chloe Bibby,JUMPER,2,13.0,12.0,55 Chloe Bibby JUMPER GOOD (7 Pt); 10 Angel Reese Assist (1 Asst)
2021,12547,2,512,00,Shyanne Sellers,2,55,Chloe Bibby,JUMPER,2,17.0,22.0,55 Chloe Bibby JUMPER GOOD (9 Pt); 00 Shyanne Sellers Assist (2 Asst)
2021,12547,2,299,15,Ashley Owusu,2,55,Chloe Bibby,3PTR,3,20.0,34.0,55 Chloe Bibby 3PTR GOOD (12 Pt); 15 Ashley Owusu Assist (2 Asst)
2021,12547,2,259,10,Angel Reese,2,15,Ashley Owusu,JUMPER,2,22.0,34.0,15 Ashley Owusu JUMPER GOOD (6 Pt); 10 Angel Reese Assist (2 Asst)
2021,12547,3,561,00,Shyanne Sellers,3,10,Angel Reese,LAYUP,2,28.0,46.0,10 Angel Reese LAYUP GOOD (2 Pt); 00 Shyanne Sellers Assist (3 Asst)
2021,12547,3,243,15,Ashley Owusu,3,14,Taisiya Kozlova,3PTR,3,36.0,67.0,14 Taisiya Kozlova 3PTR GOOD (3 Pt); 15 Ashley Owusu Assist (3 Asst)
2021,12547,3,134,15,Ashley Owusu,4,02,Mimi Collins,3PTR,3,43.0,70.0,02 Mimi Collins 3PTR GOOD (9 Pt); 15 Ashley Owusu Assist (4 Asst)
2021,12547,4,456,00,Shyanne Sellers,4,10,Angel Reese,LAYUP,2,53.0,75.0,10 Angel Reese LAYUP GOOD (6 Pt); 00 Shyanne Sellers Assist (4 Asst)
2021,12547,4,3,00,Shyanne Sellers,5,15,Ashley Owusu,3PTR,3,68.0,86.0,15 Ashley Owusu 3PTR GOOD (30 Pt); 00 Shyanne Sellers Assist (5 Asst)
2021,12548,1,511,11,Katie Benzan,1,02,Mimi Collins,3PTR,3,6.0,2.0,02 Mimi Collins 3PTR GOOD (3 Pt); 11 Katie Benzan Assist (1 Asst)
2021,12548,1,467,15,Ashley Owusu,1,10,Angel Reese,LAYUP,2,8.0,2.0,10 Angel Reese LAYUP GOOD (2 Pt); 15 Ashley Owusu Assist (1 Asst)
2021,12548,2,77,55,Chloe Bibby,1,02,Mimi Collins,3PTR,3,44.0,31.0,02 Mimi Collins 3PTR GOOD (14 Pt); 55 Chloe Bibby Assist (1 Asst)
2021,12548,2,48,15,Ashley Owusu,2,00,Shyanne Sellers,3PTR,3,47.0,31.0,00 Shyanne Sellers 3PTR GOOD (5 Pt); 15 Ashley Owusu Assist (2 Asst)
2021,12548,3,550,15,Ashley Owusu,3,11,Katie Benzan,3PTR,3,53.0,34.0,11 Katie Benzan 3PTR GOOD (11 Pt); 15 Ashley Owusu Assist (3 Asst)
2021,12548,3,459,02,Mimi Collins,1,15,Ashley Owusu,LAYUP,2,57.0,36.0,15 Ashley Owusu LAYUP GOOD (16 Pt); 02 Mimi Collins Assist (1 Asst)
2021,12548,3,161,11,Katie Benzan,2,10,Angel Reese,JUMPER,2,66.0,41.0,10 Angel Reese JUMPER GOOD (14 Pt); 11 Katie Benzan Assist (2 Asst)
2021,12548,3,116,00,Shyanne Sellers,1,02,Mimi Collins,JUMPER,2,68.0,43.0,02 Mimi Collins JUMPER GOOD (16 Pt); 00 Shyanne Sellers Assist (1 Asst)
2021,12548,3,89,11,Katie Benzan,3,00,Shyanne Sellers,3PTR,3,71.0,45.0,00 Shyanne Sellers 3PTR GOOD (12 Pt); 11 Katie Benzan Assist (3 Asst)
2021,12548,3,62,13,Faith Masonius,1,00,Shyanne Sellers,3PTR,3,74.0,47.0,00 Shyanne Sellers 3PTR GOOD (15 Pt); 13 Faith Masonius Assist (1 Asst)
2021,12548,3,17,11,Katie Benzan,4,21,Emma Chardon,LAYUP,2,76.0,47.0,21 Emma Chardon LAYUP GOOD (2 Pt); 11 Katie Benzan Assist (4 Asst)
2021,12548,4,535,15,Ashley Owusu,4,13,Faith Masonius,LAYUP,2,78.0,53.0,13 Faith Masonius LAYUP GOOD (2 Pt); 15 Ashley Owusu Assist (4 Asst)
2021,12548,4,365,13,Faith Masonius,2,10,Angel Reese,LAYUP,2,80.0,58.0,10 Angel Reese LAYUP GOOD (16 Pt); 13 Faith Masonius Assist (2 Asst)
2021,12548,4,318,55,Chloe Bibby,2,10,Angel Reese,LAYUP,2,83.0,62.0,10 Angel Reese LAYUP GOOD (19 Pt); 55 Chloe Bibby Assist (2 Asst)
2021,12548,4,239,13,Faith Masonius,3,10,Angel Reese,LAYUP,2,88.0,64.0,10 Angel Reese LAYUP GOOD (21 Pt); 13 Faith Masonius Assist (3 Asst)
2021,12548,4,50,00,Shyanne Sellers,2,14,Taisiya Kozlova,3PTR,3,97.0,67.0,14 Taisiya Kozlova 3PTR GOOD (3 Pt); 00 Shyanne Sellers Assist (2 Asst)
2021,12549,1,574,02,Mimi Collins,1,10,Angel Reese,LAYUP,2,2.0,2.0,10 Angel Reese LAYUP GOOD (2 Pt); 02 Mimi Collins Assist (1 Asst)
2021,12549,1,462,15,Ashley Owusu,1,55,Chloe Bibby,JUMPER,2,4.0,5.0,55 Chloe Bibby JUMPER GOOD (2 Pt); 15 Ashley Owusu Assist (1 Asst)
2021,12549,1,391,02,Mimi Collins,2,10,Angel Reese,LAYUP,2,9.0,7.0,10 Angel Reese LAYUP GOOD (4 Pt); 02 Mimi Collins Assist (2 Asst)
2021,12549,1,243,11,Katie Benzan,1,02,Mimi Collins,JUMPER,2,16.0,13.0,02 Mimi Collins JUMPER GOOD (2 Pt); 11 Katie Benzan Assist (1 Asst)
2021,12549,1,45,55,Chloe Bibby,1,10,Angel Reese,LAYUP,2,20.0,17.0,10 Angel Reese LAYUP GOOD (8 Pt); 55 Chloe Bibby Assist (1 Asst)
2021,12549,2,588,13,Faith Masonius,1,10,Angel Reese,LAYUP,2,23.0,20.0,10 Angel Reese LAYUP GOOD (11 Pt); 13 Faith Masonius Assist (1 Asst)
2021,12549,2,453,11,Katie Benzan,2,02,Mimi Collins,LAYUP,2,28.0,23.0,02 Mimi Collins LAYUP GOOD (5 Pt); 11 Katie Benzan Assist (2 Asst)
2021,12549,2,55,02,Mimi Collins,3,11,Katie Benzan,3PTR,3,43.0,31.0,11 Katie Benzan 3PTR GOOD (6 Pt); 02 Mimi Collins Assist (3 Asst)
2021,12549,2,23,15,Ashley Owusu,2,10,Angel Reese,LAYUP,2,45.0,31.0,10 Angel Reese LAYUP GOOD (19 Pt); 15 Ashley Owusu Assist (2 Asst)
2021,12549,2,0,15,Ashley Owusu,3,02,Mimi Collins,JUMPER,2,47.0,33.0,02 Mimi Collins JUMPER GOOD (7 Pt); 15 Ashley Owusu Assist (3 Asst)
2021,12549,3,571,15,Ashley Owusu,4,10,Angel Reese,LAYUP,2,49.0,35.0,10 Angel Reese LAYUP GOOD (21 Pt); 15 Ashley Owusu Assist (4 Asst)
2021,12549,3,536,55,Chloe Bibby,2,02,Mimi Collins,JUMPER,2,51.0,37.0,02 Mimi Collins JUMPER GOOD (9 Pt); 55 Chloe Bibby Assist (2 Asst)
2021,12549,3,346,11,Katie Benzan,3,55,Chloe Bibby,3PTR,3,60.0,37.0,55 Chloe Bibby 3PTR GOOD (7 Pt); 11 Katie Benzan Assist (3 Asst)
2021,12549,3,307,13,Faith Masonius,2,00,Shyanne Sellers,3PTR,3,63.0,37.0,00 Shyanne Sellers 3PTR GOOD (3 Pt); 13 Faith Masonius Assist (2 Asst)
2021,12549,4,293,55,Chloe Bibby,3,00,Shyanne Sellers,3PTR,3,82.0,55.0,00 Shyanne Sellers 3PTR GOOD (10 Pt); 55 Chloe Bibby Assist (3 Asst)
2021,12549,4,249,55,Chloe Bibby,4,00,Shyanne Sellers,JUMPER,2,84.0,55.0,00 Shyanne Sellers JUMPER GOOD (12 Pt); 55 Chloe Bibby Assist (4 Asst)
2021,12549,4,132,02,Mimi Collins,4,55,Chloe Bibby,LAYUP,2,88.0,60.0,55 Chloe Bibby LAYUP GOOD (11 Pt); 02 Mimi Collins Assist (4 Asst)
2021,12550,1,477,13,Faith Masonius,1,55,Chloe Bibby,LAYUP,2,0.0,4.0,55 Chloe Bibby LAYUP GOOD (2 Pt); 13 Faith Masonius Assist (1 Asst)
2021,12550,1,456,15,Ashley Owusu,1,55,Chloe Bibby,3PTR,3,2.0,8.0,55 Chloe Bibby 3PTR GOOD (6 Pt); 15 Ashley Owusu Assist (1 Asst)
2021,12550,1,324,11,Katie Benzan,1,13,Faith Masonius,JUMPER,2,4.0,12.0,13 Faith Masonius JUMPER GOOD (2 Pt); 11 Katie Benzan Assist (1 Asst)
2021,12550,1,262,02,Mimi Collins,1,11,Katie Benzan,3PTR,3,6.0,15.0,11 Katie Benzan 3PTR GOOD (3 Pt); 02 Mimi Collins Assist (1 Asst)
2021,12550,1,167,11,Katie Benzan,2,00,Shyanne Sellers,3PTR,3,6.0,22.0,00 Shyanne Sellers 3PTR GOOD (3 Pt); 11 Katie Benzan Assist (2 Asst)
2021,12550,1,135,11,Katie Benzan,3,02,Mimi Collins,3PTR,3,8.0,25.0,02 Mimi Collins 3PTR GOOD (3 Pt); 11 Katie Benzan Assist (3 Asst)
2021,12550,2,415,13,Faith Masonius,2,55,Chloe Bibby,LAYUP,2,14.0,35.0,55 Chloe Bibby LAYUP GOOD (8 Pt); 13 Faith Masonius Assist (2 Asst)
2021,12550,2,358,55,Chloe Bibby,1,13,Faith Masonius,JUMPER,2,17.0,37.0,13 Faith Masonius JUMPER GOOD (4 Pt); 55 Chloe Bibby Assist (1 Asst)
2021,12550,2,259,15,Ashley Owusu,2,10,Angel Reese,LAYUP,2,20.0,39.0,10 Angel Reese LAYUP GOOD (4 Pt); 15 Ashley Owusu Assist (2 Asst)
2021,12550,2,107,15,Ashley Owusu,3,00,Shyanne Sellers,3PTR,3,22.0,44.0,00 Shyanne Sellers 3PTR GOOD (6 Pt); 15 Ashley Owusu Assist (3 Asst)
2021,12550,3,542,11,Katie Benzan,4,55,Chloe Bibby,3PTR,3,23.0,51.0,55 Chloe Bibby 3PTR GOOD (13 Pt); 11 Katie Benzan Assist (4 Asst)
2021,12550,3,418,11,Katie Benzan,5,55,Chloe Bibby,LAYUP,2,27.0,53.0,55 Chloe Bibby LAYUP GOOD (15 Pt); 11 Katie Benzan Assist (5 Asst)
2021,12550,3,78,10,Angel Reese,1,13,Faith Masonius,LAYUP,2,34.0,65.0,13 Faith Masonius LAYUP GOOD (6 Pt); 10 Angel Reese Assist (1 Asst)
2021,12550,3,41,55,Chloe Bibby,2,00,Shyanne Sellers,3PTR,3,34.0,68.0,00 Shyanne Sellers 3PTR GOOD (11 Pt); 55 Chloe Bibby Assist (2 Asst)
2021,12550,4,128,00,Shyanne Sellers,1,02,Mimi Collins,JUMPER,2,43.0,79.0,02 Mimi Collins JUMPER GOOD (9 Pt); 00 Shyanne Sellers Assist (1 Asst)
2021,12551,1,547,55,Chloe Bibby,1,10,Angel Reese,LAYUP,2,2.0,0.0,10 Angel Reese LAYUP GOOD (2 Pt); 55 Chloe Bibby Assist (1 Asst)
2021,12551,1,169,00,Shyanne Sellers,1,55,Chloe Bibby,LAYUP,2,14.0,0.0,55 Chloe Bibby LAYUP GOOD (6 Pt); 00 Shyanne Sellers Assist (1 Asst)
2021,12551,1,144,11,Katie Benzan,1,55,Chloe Bibby,LAYUP,2,16.0,0.0,55 Chloe Bibby LAYUP GOOD (8 Pt); 11 Katie Benzan Assist (1 Asst)
2021,12551,1,116,15,Ashley Owusu,1,02,Mimi Collins,LAYUP,2,18.0,3.0,02 Mimi Collins LAYUP GOOD (4 Pt); 15 Ashley Owusu Assist (1 Asst)
2021,12551,1,48,02,Mimi Collins,1,10,Angel Reese,JUMPER,2,21.0,5.0,10 Angel Reese JUMPER GOOD (5 Pt); 02 Mimi Collins Assist (1 Asst)
2021,12551,2,588,15,Ashley Owusu,2,02,Mimi Collins,3PTR,3,26.0,7.0,02 Mimi Collins 3PTR GOOD (10 Pt); 15 Ashley Owusu Assist (2 Asst)
2021,12551,2,398,15,Ashley Owusu,3,11,Katie Benzan,3PTR,3,33.0,12.0,11 Katie Benzan 3PTR GOOD (3 Pt); 15 Ashley Owusu Assist (3 Asst)
2021,12551,2,331,00,Shyanne Sellers,2,11,Katie Benzan,3PTR,3,38.0,14.0,11 Katie Benzan 3PTR GOOD (6 Pt); 00 Shyanne Sellers Assist (2 Asst)
2021,12551,2,198,11,Katie Benzan,2,02,Mimi Collins,JUMPER,2,42.0,19.0,02 Mimi Collins JUMPER GOOD (14 Pt); 11 Katie Benzan Assist (2 Asst)
2021,12551,2,106,15,Ashley Owusu,4,10,Angel Reese,LAYUP,2,48.0,24.0,10 Angel Reese LAYUP GOOD (7 Pt); 15 Ashley Owusu Assist (4 Asst)
2021,12551,3,508,10,Angel Reese,1,02,Mimi Collins,LAYUP,2,59.0,28.0,02 Mimi Collins LAYUP GOOD (16 Pt); 10 Angel Reese Assist (1 Asst)
2021,12551,3,311,11,Katie Benzan,3,00,Shyanne Sellers,3PTR,3,67.0,33.0,00 Shyanne Sellers 3PTR GOOD (6 Pt); 11 Katie Benzan Assist (3 Asst)
2021,12551,3,266,11,Katie Benzan,4,00,Shyanne Sellers,JUMPER,2,69.0,36.0,00 Shyanne Sellers JUMPER GOOD (8 Pt); 11 Katie Benzan Assist (4 Asst)
2021,12551,3,115,11,Katie Benzan,5,55,Chloe Bibby,LAYUP,2,71.0,41.0,55 Chloe Bibby LAYUP GOOD (10 Pt); 11 Katie Benzan Assist (5 Asst)
2021,12551,4,514,15,Ashley Owusu,5,10,Angel Reese,LAYUP,2,77.0,46.0,10 Angel Reese LAYUP GOOD (14 Pt); 15 Ashley Owusu Assist (5 Asst)
2021,12551,4,257,11,Katie Benzan,6,21,Emma Chardon,LAYUP,2,84.0,51.0,21 Emma Chardon LAYUP GOOD (3 Pt); 11 Katie Benzan Assist (6 Asst)
2021,12551,4,229,11,Katie Benzan,7,14,Taisiya Kozlova,3PTR,3,88.0,51.0,14 Taisiya Kozlova 3PTR GOOD (3 Pt); 11 Katie Benzan Assist (7 Asst)
2021,12551,4,187,10,Angel Reese,2,02,Mimi Collins,JUMPER,2,90.0,51.0,02 Mimi Collins JUMPER GOOD (18 Pt); 10 Angel Reese Assist (2 Asst)
2021,12551,4,80,10,Angel Reese,3,00,Shyanne Sellers,LAYUP,2,94.0,57.0,00 Shyanne Sellers LAYUP GOOD (10 Pt); 10 Angel Reese Assist (3 Asst)
2021,12551,4,53,11,Katie Benzan,8,00,Shyanne Sellers,LAYUP,2,96.0,57.0,00 Shyanne Sellers LAYUP GOOD (12 Pt); 11 Katie Benzan Assist (8 Asst)
2021,12552,1,457,11,Katie Benzan,1,02,Mimi Collins,JUMPER,2,3.0,4.0,02 Mimi Collins JUMPER GOOD (2 Pt); 11 Katie Benzan Assist (1 Asst)
2021,12552,1,288,01,Diamond Miller,1,02,Mimi Collins,LAYUP,2,8.0,4.0,02 Mimi Collins LAYUP GOOD (4 Pt); 01 Diamond Miller Assist (1 Asst)
2021,12552,2,571,15,Ashley Owusu,1,02,Mimi Collins,3PTR,3,24.0,12.0,02 Mimi Collins 3PTR GOOD (7 Pt); 15 Ashley Owusu Assist (1 Asst)
2021,12552,2,502,15,Ashley Owusu,2,10,Angel Reese,LAYUP,2,26.0,12.0,10 Angel Reese LAYUP GOOD (6 Pt); 15 Ashley Owusu Assist (2 Asst)
2021,12552,2,465,00,Shyanne Sellers,1,15,Ashley Owusu,3PTR,3,29.0,14.0,15 Ashley Owusu 3PTR GOOD (10 Pt); 00 Shyanne Sellers Assist (1 Asst)
2021,12552,2,305,00,Shyanne Sellers,2,11,Katie Benzan,3PTR,3,34.0,14.0,11 Katie Benzan 3PTR GOOD (3 Pt); 00 Shyanne Sellers Assist (2 Asst)
2021,12552,2,257,11,Katie Benzan,2,55,Chloe Bibby,JUMPER,2,36.0,17.0,55 Chloe Bibby JUMPER GOOD (6 Pt); 11 Katie Benzan Assist (2 Asst)
2021,12552,2,174,00,Shyanne Sellers,3,10,Angel Reese,LAYUP,2,40.0,17.0,10 Angel Reese LAYUP GOOD (10 Pt); 00 Shyanne Sellers Assist (3 Asst)
2021,12552,2,75,15,Ashley Owusu,3,55,Chloe Bibby,3PTR,3,47.0,20.0,55 Chloe Bibby 3PTR GOOD (9 Pt); 15 Ashley Owusu Assist (3 Asst)
2021,12552,2,35,55,Chloe Bibby,1,11,Katie Benzan,3PTR,3,50.0,20.0,11 Katie Benzan 3PTR GOOD (6 Pt); 55 Chloe Bibby Assist (1 Asst)
2021,12552,3,515,10,Angel Reese,1,11,Katie Benzan,3PTR,3,55.0,25.0,11 Katie Benzan 3PTR GOOD (9 Pt); 10 Angel Reese Assist (1 Asst)
2021,12552,3,496,10,Angel Reese,2,15,Ashley Owusu,LAYUP,2,57.0,25.0,15 Ashley Owusu LAYUP GOOD (12 Pt); 10 Angel Reese Assist (2 Asst)
2021,12552,3,295,00,Shyanne Sellers,4,15,Ashley Owusu,LAYUP,2,66.0,34.0,15 Ashley Owusu LAYUP GOOD (16 Pt); 00 Shyanne Sellers Assist (4 Asst)
2021,12552,3,184,10,Angel Reese,3,02,Mimi Collins,LAYUP,2,72.0,36.0,02 Mimi Collins LAYUP GOOD (13 Pt); 10 Angel Reese Assist (3 Asst)
2021,12552,3,118,21,Emma Chardon,1,10,Angel Reese,LAYUP,2,74.0,41.0,10 Angel Reese LAYUP GOOD (21 Pt); 21 Emma Chardon Assist (1 Asst)
2021,12552,4,581,00,Shyanne Sellers,5,21,Emma Chardon,JUMPER,2,82.0,45.0,21 Emma Chardon JUMPER GOOD (2 Pt); 00 Shyanne Sellers Assist (5 Asst)
2021,12552,4,521,11,Katie Benzan,3,02,Mimi Collins,JUMPER,2,84.0,47.0,02 Mimi Collins JUMPER GOOD (15 Pt); 11 Katie Benzan Assist (3 Asst)
2021,12552,4,478,00,Shyanne Sellers,6,02,Mimi Collins,LAYUP,2,86.0,50.0,02 Mimi Collins LAYUP GOOD (17 Pt); 00 Shyanne Sellers Assist (6 Asst)
2021,12552,4,456,00,Shyanne Sellers,7,11,Katie Benzan,3PTR,3,89.0,50.0,11 Katie Benzan 3PTR GOOD (14 Pt); 00 Shyanne Sellers Assist (7 Asst)
2021,12552,4,349,14,Taisiya Kozlova,1,11,Katie Benzan,3PTR,3,94.0,52.0,11 Katie Benzan 3PTR GOOD (17 Pt); 14 Taisiya Kozlova Assist (1 Asst)
2021,12552,4,288,00,Shyanne Sellers,8,11,Katie Benzan,JUMPER,2,96.0,54.0,11 Katie Benzan JUMPER GOOD (19 Pt); 00 Shyanne Sellers Assist (8 Asst)
2021,12552,4,253,00,Shyanne Sellers,9,11,Katie Benzan,3PTR,3,99.0,54.0,11 Katie Benzan 3PTR GOOD (22 Pt); 00 Shyanne Sellers Assist (9 Asst)
2021,12552,4,205,11,Katie Benzan,4,21,Emma Chardon,JUMPER,2,101.0,54.0,21 Emma Chardon JUMPER GOOD (4 Pt); 11 Katie Benzan Assist (4 Asst)
2021,12553,1,327,15,Ashley Owusu,1,02,Mimi Collins,3PTR,3,7.0,6.0,02 Mimi Collins 3PTR GOOD (3 Pt); 15 Ashley Owusu Assist (1 Asst)
2021,12553,1,297,01,Diamond Miller,1,15,Ashley Owusu,JUMPER,2,9.0,7.0,15 Ashley Owusu JUMPER GOOD (4 Pt); 01 Diamond Miller Assist (1 Asst)
2021,12553,2,546,15,Ashley Owusu,2,55,Chloe Bibby,3PTR,3,22.0,21.0,55 Chloe Bibby 3PTR GOOD (3 Pt); 15 Ashley Owusu Assist (2 Asst)
2021,12553,2,217,01,Diamond Miller,2,55,Chloe Bibby,3PTR,3,33.0,31.0,55 Chloe Bibby 3PTR GOOD (6 Pt); 01 Diamond Miller Assist (2 Asst)
2021,12553,2,180,15,Ashley Owusu,3,55,Chloe Bibby,LAYUP,2,35.0,33.0,55 Chloe Bibby LAYUP GOOD (8 Pt); 15 Ashley Owusu Assist (3 Asst)
2021,12553,2,50,15,Ashley Owusu,4,02,Mimi Collins,JUMPER,2,42.0,35.0,02 Mimi Collins JUMPER GOOD (8 Pt); 15 Ashley Owusu Assist (4 Asst)
2021,12553,3,497,15,Ashley Owusu,5,10,Angel Reese,LAYUP,2,48.0,37.0,10 Angel Reese LAYUP GOOD (10 Pt); 15 Ashley Owusu Assist (5 Asst)
2021,12553,3,255,00,Shyanne Sellers,1,15,Ashley Owusu,JUMPER,2,57.0,44.0,15 Ashley Owusu JUMPER GOOD (18 Pt); 00 Shyanne Sellers Assist (1 Asst)
2021,12553,3,25,00,Shyanne Sellers,2,55,Chloe Bibby,3PTR,3,64.0,55.0,55 Chloe Bibby 3PTR GOOD (16 Pt); 00 Shyanne Sellers Assist (2 Asst)
2021,12553,4,279,15,Ashley Owusu,6,10,Angel Reese,LAYUP,2,74.0,63.0,10 Angel Reese LAYUP GOOD (14 Pt); 15 Ashley Owusu Assist (6 Asst)
2021,12553,4,165,00,Shyanne Sellers,3,15,Ashley Owusu,JUMPER,2,76.0,65.0,15 Ashley Owusu JUMPER GOOD (24 Pt); 00 Shyanne Sellers Assist (3 Asst)
2021,12554,1,237,11,Katie Benzan,1,02,Mimi Collins,3PTR,3,6.0,10.0,02 Mimi Collins 3PTR GOOD (3 Pt); 11 Katie Benzan Assist (1 Asst)
2021,12554,1,177,11,Katie Benzan,2,02,Mimi Collins,3PTR,3,8.0,13.0,02 Mimi Collins 3PTR GOOD (6 Pt); 11 Katie Benzan Assist (2 Asst)
2021,12554,2,515,55,Chloe Bibby,1,11,Katie Benzan,3PTR,3,17.0,19.0,11 Katie Benzan 3PTR GOOD (3 Pt); 55 Chloe Bibby Assist (1 Asst)
2021,12554,2,248,10,Angel Reese,1,13,Faith Masonius,JUMPER,2,27.0,23.0,13 Faith Masonius JUMPER GOOD (2 Pt); 10 Angel Reese Assist (1 Asst)
2021,12554,3,564,55,Chloe Bibby,2,11,Katie Benzan,3PTR,3,36.0,33.0,11 Katie Benzan 3PTR GOOD (6 Pt); 55 Chloe Bibby Assist (2 Asst)
2021,12554,3,472,10,Angel Reese,2,11,Katie Benzan,3PTR,3,40.0,38.0,11 Katie Benzan 3PTR GOOD (9 Pt); 10 Angel Reese Assist (2 Asst)
2021,12555,1,514,11,Katie Benzan,1,02,Mimi Collins,JUMPER,2,0.0,4.0,02 Mimi Collins JUMPER GOOD (2 Pt); 11 Katie Benzan Assist (1 Asst)
2021,12555,1,353,15,Ashley Owusu,1,11,Katie Benzan,3PTR,3,5.0,9.0,11 Katie Benzan 3PTR GOOD (3 Pt); 15 Ashley Owusu Assist (1 Asst)
2021,12555,1,332,11,Katie Benzan,2,13,Faith Masonius,LAYUP,2,5.0,11.0,13 Faith Masonius LAYUP GOOD (2 Pt); 11 Katie Benzan Assist (2 Asst)
2021,12555,1,304,15,Ashley Owusu,2,11,Katie Benzan,3PTR,3,5.0,14.0,11 Katie Benzan 3PTR GOOD (6 Pt); 15 Ashley Owusu Assist (2 Asst)
2021,12555,1,157,00,Shyanne Sellers,1,13,Faith Masonius,LAYUP,2,9.0,20.0,13 Faith Masonius LAYUP GOOD (4 Pt); 00 Shyanne Sellers Assist (1 Asst)
2021,12555,1,121,13,Faith Masonius,1,00,Shyanne Sellers,LAYUP,2,9.0,22.0,00 Shyanne Sellers LAYUP GOOD (2 Pt); 13 Faith Masonius Assist (1 Asst)
2021,12555,1,107,10,Angel Reese,1,11,Katie Benzan,3PTR,3,9.0,26.0,11 Katie Benzan 3PTR GOOD (11 Pt); 10 Angel Reese Assist (1 Asst)
2021,12555,1,48,55,Chloe Bibby,1,00,Shyanne Sellers,JUMPER,2,11.0,28.0,00 Shyanne Sellers JUMPER GOOD (5 Pt); 55 Chloe Bibby Assist (1 Asst)
2021,12555,2,594,15,Ashley Owusu,3,55,Chloe Bibby,3PTR,3,13.0,31.0,55 Chloe Bibby 3PTR GOOD (3 Pt); 15 Ashley Owusu Assist (3 Asst)
2021,12555,2,579,10,Angel Reese,2,11,Katie Benzan,3PTR,3,13.0,34.0,11 Katie Benzan 3PTR GOOD (14 Pt); 10 Angel Reese Assist (2 Asst)
2021,12555,2,510,11,Katie Benzan,3,55,Chloe Bibby,3PTR,3,13.0,37.0,55 Chloe Bibby 3PTR GOOD (6 Pt); 11 Katie Benzan Assist (3 Asst)
2021,12555,2,379,15,Ashley Owusu,4,01,Diamond Miller,LAYUP,2,17.0,41.0,01 Diamond Miller LAYUP GOOD (4 Pt); 15 Ashley Owusu Assist (4 Asst)
2021,12555,2,351,15,Ashley Owusu,5,01,Diamond Miller,3PTR,3,20.0,44.0,01 Diamond Miller 3PTR GOOD (7 Pt); 15 Ashley Owusu Assist (5 Asst)
2021,12555,2,271,15,Ashley Owusu,6,14,Taisiya Kozlova,3PTR,3,20.0,49.0,14 Taisiya Kozlova 3PTR GOOD (3 Pt); 15 Ashley Owusu Assist (6 Asst)
2021,12555,2,203,15,Ashley Owusu,7,10,Angel Reese,LAYUP,2,22.0,51.0,10 Angel Reese LAYUP GOOD (5 Pt); 15 Ashley Owusu Assist (7 Asst)
2021,12555,2,107,01,Diamond Miller,1,11,Katie Benzan,3PTR,3,24.0,54.0,11 Katie Benzan 3PTR GOOD (17 Pt); 01 Diamond Miller Assist (1 Asst)
2021,12555,3,515,55,Chloe Bibby,2,10,Angel Reese,LAYUP,2,24.0,58.0,10 Angel Reese LAYUP GOOD (7 Pt); 55 Chloe Bibby Assist (2 Asst)
2021,12555,3,455,11,Katie Benzan,4,02,Mimi Collins,JUMPER,2,27.0,60.0,02 Mimi Collins JUMPER GOOD (4 Pt); 11 Katie Benzan Assist (4 Asst)
2021,12555,3,257,01,Diamond Miller,2,02,Mimi Collins,JUMPER,2,29.0,67.0,02 Mimi Collins JUMPER GOOD (6 Pt); 01 Diamond Miller Assist (2 Asst)
2021,12555,3,160,01,Diamond Miller,3,02,Mimi Collins,JUMPER,2,33.0,72.0,02 Mimi Collins JUMPER GOOD (8 Pt); 01 Diamond Miller Assist (3 Asst)
2021,12555,3,104,11,Katie Benzan,5,55,Chloe Bibby,LAYUP,2,33.0,74.0,55 Chloe Bibby LAYUP GOOD (10 Pt); 11 Katie Benzan Assist (5 Asst)
2021,12555,3,66,11,Katie Benzan,6,55,Chloe Bibby,LAYUP,2,33.0,76.0,55 Chloe Bibby LAYUP GOOD (12 Pt); 11 Katie Benzan Assist (6 Asst)
2021,12555,3,28,00,Shyanne Sellers,2,15,Ashley Owusu,JUMPER,2,35.0,78.0,15 Ashley Owusu JUMPER GOOD (5 Pt); 00 Shyanne Sellers Assist (2 Asst)
2021,12555,4,453,00,Shyanne Sellers,3,10,Angel Reese,LAYUP,2,42.0,83.0,10 Angel Reese LAYUP GOOD (10 Pt); 00 Shyanne Sellers Assist (3 Asst)
2021,12555,4,390,00,Shyanne Sellers,4,15,Ashley Owusu,LAYUP,2,42.0,87.0,15 Ashley Owusu LAYUP GOOD (7 Pt); 00 Shyanne Sellers Assist (4 Asst)
2021,12555,4,132,00,Shyanne Sellers,5,14,Taisiya Kozlova,3PTR,3,46.0,94.0,14 Taisiya Kozlova 3PTR GOOD (6 Pt); 00 Shyanne Sellers Assist (5 Asst)
2021,12555,4,22,01,Diamond Miller,4,00,Shyanne Sellers,LAYUP,2,49.0,98.0,00 Shyanne Sellers LAYUP GOOD (9 Pt); 01 Diamond Miller Assist (4 Asst)
2021,12584,1,442,11,Katie Benzan,1,02,Mimi Collins,JUMPER,2,4.0,4.0,02 Mimi Collins JUMPER GOOD (2 Pt); 11 Katie Benzan Assist (1 Asst)
2021,12584,1,297,00,Shyanne Sellers,1,13,Faith Masonius,JUMPER,2,6.0,9.0,13 Faith Masonius JUMPER GOOD (2 Pt); 00 Shyanne Sellers Assist (1 Asst)
2021,12584,1,229,13,Faith Masonius,1,10,Angel Reese,LAYUP,2,10.0,13.0,10 Angel Reese LAYUP GOOD (4 Pt); 13 Faith Masonius Assist (1 Asst)
2021,12584,2,552,15,Ashley Owusu,1,02,Mimi Collins,LAYUP,2,19.0,18.0,02 Mimi Collins LAYUP GOOD (4 Pt); 15 Ashley Owusu Assist (1 Asst)
2021,12584,2,429,00,Shyanne Sellers,2,10,Angel Reese,LAYUP,2,23.0,19.0,10 Angel Reese LAYUP GOOD (8 Pt); 00 Shyanne Sellers Assist (2 Asst)
2021,12584,2,385,15,Ashley Owusu,2,00,Shyanne Sellers,3PTR,3,26.0,19.0,00 Shyanne Sellers 3PTR GOOD (3 Pt); 15 Ashley Owusu Assist (2 Asst)
2021,12584,2,263,15,Ashley Owusu,3,13,Faith Masonius,JUMPER,2,30.0,26.0,13 Faith Masonius JUMPER GOOD (4 Pt); 15 Ashley Owusu Assist (3 Asst)
2021,12584,2,128,02,Mimi Collins,1,10,Angel Reese,LAYUP,2,33.0,31.0,10 Angel Reese LAYUP GOOD (12 Pt); 02 Mimi Collins Assist (1 Asst)
2021,12584,3,306,55,Chloe Bibby,1,10,Angel Reese,JUMPER,2,49.0,48.0,10 Angel Reese JUMPER GOOD (18 Pt); 55 Chloe Bibby Assist (1 Asst)
2021,12584,4,590,02,Mimi Collins,2,15,Ashley Owusu,JUMPER,2,61.0,60.0,15 Ashley Owusu JUMPER GOOD (19 Pt); 02 Mimi Collins Assist (2 Asst)
2021,12584,4,237,02,Mimi Collins,3,15,Ashley Owusu,JUMPER,2,69.0,67.0,15 Ashley Owusu JUMPER GOOD (21 Pt); 02 Mimi Collins Assist (3 Asst)
2021,12584,4,100,11,Katie Benzan,2,10,Angel Reese,LAYUP,2,74.0,72.0,10 Angel Reese LAYUP GOOD (23 Pt); 11 Katie Benzan Assist (2 Asst)
2021,12584,4,97,13,Faith Masonius,2,11,Katie Benzan,3PTR,3,77.0,72.0,11 Katie Benzan 3PTR GOOD (7 Pt); 13 Faith Masonius Assist (2 Asst)
2021,12647,1,586,15,Ashley Owusu,1,11,Katie Benzan,3PTR,3,0.0,3.0,11 Katie Benzan 3PTR GOOD (3 Pt); 15 Ashley Owusu Assist (1 Asst)
2021,12647,1,533,15,Ashley Owusu,2,11,Katie Benzan,3PTR,3,2.0,6.0,11 Katie Benzan 3PTR GOOD (6 Pt); 15 Ashley Owusu Assist (2 Asst)
2021,12647,1,465,13,Faith Masonius,1,55,Chloe Bibby,JUMPER,2,4.0,8.0,55 Chloe Bibby JUMPER GOOD (2 Pt); 13 Faith Masonius Assist (1 Asst)
2021,12647,1,76,10,Angel Reese,1,02,Mimi Collins,JUMPER,2,14.0,18.0,02 Mimi Collins JUMPER GOOD (4 Pt); 10 Angel Reese Assist (1 Asst)
2021,12647,2,546,55,Chloe Bibby,1,02,Mimi Collins,JUMPER,2,16.0,22.0,02 Mimi Collins JUMPER GOOD (6 Pt); 55 Chloe Bibby Assist (1 Asst)
2021,12647,2,480,55,Chloe Bibby,2,10,Angel Reese,LAYUP,2,16.0,26.0,10 Angel Reese LAYUP GOOD (4 Pt); 55 Chloe Bibby Assist (2 Asst)
2021,12647,2,224,13,Faith Masonius,2,10,Angel Reese,LAYUP,2,21.0,32.0,10 Angel Reese LAYUP GOOD (7 Pt); 13 Faith Masonius Assist (2 Asst)
2021,12647,3,360,15,Ashley Owusu,3,11,Katie Benzan,3PTR,3,35.0,44.0,11 Katie Benzan 3PTR GOOD (11 Pt); 15 Ashley Owusu Assist (3 Asst)
2021,12647,3,309,11,Katie Benzan,1,55,Chloe Bibby,JUMPER,2,35.0,46.0,55 Chloe Bibby JUMPER GOOD (11 Pt); 11 Katie Benzan Assist (1 Asst)
2021,12647,3,215,11,Katie Benzan,2,10,Angel Reese,JUMPER,2,37.0,48.0,10 Angel Reese JUMPER GOOD (10 Pt); 11 Katie Benzan Assist (2 Asst)
2021,12647,3,184,10,Angel Reese,2,11,Katie Benzan,JUMPER,2,37.0,50.0,11 Katie Benzan JUMPER GOOD (13 Pt); 10 Angel Reese Assist (2 Asst)
2021,12647,4,513,15,Ashley Owusu,4,55,Chloe Bibby,LAYUP,2,46.0,54.0,55 Chloe Bibby LAYUP GOOD (13 Pt); 15 Ashley Owusu Assist (4 Asst)
2021,12647,4,493,02,Mimi Collins,1,10,Angel Reese,LAYUP,2,48.0,56.0,10 Angel Reese LAYUP GOOD (12 Pt); 02 Mimi Collins Assist (1 Asst)
2021,12647,4,411,00,Shyanne Sellers,1,15,Ashley Owusu,JUMPER,2,52.0,58.0,15 Ashley Owusu JUMPER GOOD (12 Pt); 00 Shyanne Sellers Assist (1 Asst)
2021,12647,4,140,15,Ashley Owusu,5,10,Angel Reese,LAYUP,2,56.0,69.0,10 Angel Reese LAYUP GOOD (16 Pt); 15 Ashley Owusu Assist (5 Asst)
2021,12648,1,513,10,Angel Reese,1,55,Chloe Bibby,LAYUP,2,6.0,0.0,55 Chloe Bibby LAYUP GOOD (2 Pt); 10 Angel Reese Assist (1 Asst)
2021,12648,1,381,11,Katie Benzan,1,02,Mimi Collins,JUMPER,2,11.0,5.0,02 Mimi Collins JUMPER GOOD (2 Pt); 11 Katie Benzan Assist (1 Asst)
2021,12648,1,207,15,Ashley Owusu,1,13,Faith Masonius,LAYUP,2,15.0,14.0,13 Faith Masonius LAYUP GOOD (2 Pt); 15 Ashley Owusu Assist (1 Asst)
2021,12648,1,78,11,Katie Benzan,2,55,Chloe Bibby,3PTR,3,19.0,19.0,55 Chloe Bibby 3PTR GOOD (5 Pt); 11 Katie Benzan Assist (2 Asst)
2021,12648,1,49,00,Shyanne Sellers,1,10,Angel Reese,LAYUP,2,21.0,19.0,10 Angel Reese LAYUP GOOD (8 Pt); 00 Shyanne Sellers Assist (1 Asst)
2021,12648,2,505,15,Ashley Owusu,2,11,Katie Benzan,3PTR,3,24.0,25.0,11 Katie Benzan 3PTR GOOD (3 Pt); 15 Ashley Owusu Assist (2 Asst)
2021,12648,2,322,13,Faith Masonius,1,11,Katie Benzan,3PTR,3,29.0,29.0,11 Katie Benzan 3PTR GOOD (6 Pt); 13 Faith Masonius Assist (1 Asst)
2021,12648,3,502,15,Ashley Owusu,3,10,Angel Reese,JUMPER,2,39.0,40.0,10 Angel Reese JUMPER GOOD (12 Pt); 15 Ashley Owusu Assist (3 Asst)
2021,12648,3,435,10,Angel Reese,2,11,Katie Benzan,3PTR,3,43.0,40.0,11 Katie Benzan 3PTR GOOD (11 Pt); 10 Angel Reese Assist (2 Asst)
2021,12648,3,349,11,Katie Benzan,3,02,Mimi Collins,JUMPER,2,45.0,42.0,02 Mimi Collins JUMPER GOOD (4 Pt); 11 Katie Benzan Assist (3 Asst)
2021,12648,3,245,11,Katie Benzan,4,13,Faith Masonius,JUMPER,2,51.0,45.0,13 Faith Masonius JUMPER GOOD (4 Pt); 11 Katie Benzan Assist (4 Asst)
2021,12648,4,431,10,Angel Reese,3,02,Mimi Collins,LAYUP,2,65.0,57.0,02 Mimi Collins LAYUP GOOD (8 Pt); 10 Angel Reese Assist (3 Asst)
2021,12648,4,359,02,Mimi Collins,1,55,Chloe Bibby,LAYUP,2,67.0,59.0,55 Chloe Bibby LAYUP GOOD (7 Pt); 02 Mimi Collins Assist (1 Asst)
2021,12648,4,320,55,Chloe Bibby,1,15,Ashley Owusu,JUMPER,2,70.0,59.0,15 Ashley Owusu JUMPER GOOD (16 Pt); 55 Chloe Bibby Assist (1 Asst)
2021,12648,4,300,55,Chloe Bibby,2,02,Mimi Collins,LAYUP,2,72.0,59.0,02 Mimi Collins LAYUP GOOD (10 Pt); 55 Chloe Bibby Assist (2 Asst)
2021,12648,4,195,11,Katie Benzan,5,55,Chloe Bibby,JUMPER,2,78.0,64.0,55 Chloe Bibby JUMPER GOOD (10 Pt); 11 Katie Benzan Assist (5 Asst)
2021,12648,4,162,11,Katie Benzan,6,02,Mimi Collins,JUMPER,2,80.0,66.0,02 Mimi Collins JUMPER GOOD (12 Pt); 11 Katie Benzan Assist (6 Asst)
2021,12648,4,125,15,Ashley Owusu,4,13,Faith Masonius,LAYUP,2,82.0,66.0,13 Faith Masonius LAYUP GOOD (8 Pt); 15 Ashley Owusu Assist (4 Asst)
2021,12648,4,109,15,Ashley Owusu,5,55,Chloe Bibby,LAYUP,2,84.0,66.0,55 Chloe Bibby LAYUP GOOD (12 Pt); 15 Ashley Owusu Assist (5 Asst)
2021,12650,1,486,02,Mimi Collins,1,10,Angel Reese,LAYUP,2,4.0,7.0,10 Angel Reese LAYUP GOOD (7 Pt); 02 Mimi Collins Assist (1 Asst)
2021,12650,1,147,00,Shyanne Sellers,1,01,Diamond Miller,JUMPER,2,10.0,13.0,01 Diamond Miller JUMPER GOOD (2 Pt); 00 Shyanne Sellers Assist (1 Asst)
2021,12650,2,68,15,Ashley Owusu,1,13,Faith Masonius,LAYUP,2,33.0,29.0,13 Faith Masonius LAYUP GOOD (4 Pt); 15 Ashley Owusu Assist (1 Asst)
2021,12650,4,268,00,Shyanne Sellers,2,11,Katie Benzan,3PTR,3,56.0,50.0,11 Katie Benzan 3PTR GOOD (5 Pt); 00 Shyanne Sellers Assist (2 Asst)
2021,12650,4,173,11,Katie Benzan,1,55,Chloe Bibby,3PTR,3,60.0,54.0,55 Chloe Bibby 3PTR GOOD (5 Pt); 11 Katie Benzan Assist (1 Asst)
2021,12650,4,110,01,Diamond Miller,1,10,Angel Reese,JUMPER,2,60.0,57.0,10 Angel Reese JUMPER GOOD (22 Pt); 01 Diamond Miller Assist (1 Asst)
2021,12651,1,523,30,Diamond Miller,1,55,Chloe Bibby,JUMPER,2,4.0,0.0,55 Chloe Bibby JUMPER GOOD (2 Pt); 30 Diamond Miller Assist (1 Asst)
2021,12651,1,503,55,Chloe Bibby,1,30,Diamond Miller,LAYUP,2,6.0,0.0,30 Diamond Miller LAYUP GOOD (2 Pt); 55 Chloe Bibby Assist (1 Asst)
2021,12651,1,423,10,Angel Reese,1,55,Chloe Bibby,LAYUP,2,8.0,2.0,55 Chloe Bibby LAYUP GOOD (4 Pt); 10 Angel Reese Assist (1 Asst)
2021,12651,1,346,10,Angel Reese,2,55,Chloe Bibby,LAYUP,2,12.0,5.0,55 Chloe Bibby LAYUP GOOD (6 Pt); 10 Angel Reese Assist (2 Asst)
2021,12651,1,77,15,Ashley Owusu,1,30,Diamond Miller,LAYUP,2,22.0,7.0,30 Diamond Miller LAYUP GOOD (10 Pt); 15 Ashley Owusu Assist (1 Asst)
2021,12651,2,437,02,Mimi Collins,1,15,Ashley Owusu,JUMPER,2,32.0,18.0,15 Ashley Owusu JUMPER GOOD (10 Pt); 02 Mimi Collins Assist (1 Asst)
2021,12651,2,379,15,Ashley Owusu,2,00,Shyanne Sellers,3PTR,3,37.0,20.0,00 Shyanne Sellers 3PTR GOOD (5 Pt); 15 Ashley Owusu Assist (2 Asst)
2021,12651,2,153,15,Ashley Owusu,3,30,Diamond Miller,3PTR,3,44.0,22.0,30 Diamond Miller 3PTR GOOD (13 Pt); 15 Ashley Owusu Assist (3 Asst)
2021,12651,2,73,11,Katie Benzan,1,30,Diamond Miller,LAYUP,2,47.0,22.0,30 Diamond Miller LAYUP GOOD (15 Pt); 11 Katie Benzan Assist (1 Asst)
2021,12651,2,54,15,Ashley Owusu,4,11,Katie Benzan,3PTR,3,50.0,25.0,11 Katie Benzan 3PTR GOOD (3 Pt); 15 Ashley Owusu Assist (4 Asst)
2021,12651,2,4,11,Katie Benzan,2,15,Ashley Owusu,3PTR,3,53.0,28.0,15 Ashley Owusu 3PTR GOOD (15 Pt); 11 Katie Benzan Assist (2 Asst)
2021,12651,3,561,15,Ashley Owusu,5,11,Katie Benzan,3PTR,3,56.0,30.0,11 Katie Benzan 3PTR GOOD (6 Pt); 15 Ashley Owusu Assist (5 Asst)
2021,12651,3,410,30,Diamond Miller,2,00,Shyanne Sellers,3PTR,3,63.0,38.0,00 Shyanne Sellers 3PTR GOOD (8 Pt); 30 Diamond Miller Assist (2 Asst)
2021,12651,3,374,11,Katie Benzan,3,02,Mimi Collins,JUMPER,2,65.0,38.0,02 Mimi Collins JUMPER GOOD (2 Pt); 11 Katie Benzan Assist (3 Asst)
2021,12651,3,233,02,Mimi Collins,2,30,Diamond Miller,3PTR,3,72.0,44.0,30 Diamond Miller 3PTR GOOD (18 Pt); 02 Mimi Collins Assist (2 Asst)
2021,12651,3,188,30,Diamond Miller,3,10,Angel Reese,LAYUP,2,74.0,44.0,10 Angel Reese LAYUP GOOD (9 Pt); 30 Diamond Miller Assist (3 Asst)
2021,12651,3,130,30,Diamond Miller,4,15,Ashley Owusu,3PTR,3,77.0,45.0,15 Ashley Owusu 3PTR GOOD (20 Pt); 30 Diamond Miller Assist (4 Asst)
2021,12651,3,94,00,Shyanne Sellers,1,02,Mimi Collins,JUMPER,2,79.0,48.0,02 Mimi Collins JUMPER GOOD (6 Pt); 00 Shyanne Sellers Assist (1 Asst)
2021,12651,3,46,00,Shyanne Sellers,2,55,Chloe Bibby,LAYUP,2,81.0,48.0,55 Chloe Bibby LAYUP GOOD (12 Pt); 00 Shyanne Sellers Assist (2 Asst)
2021,12651,4,591,11,Katie Benzan,4,00,Shyanne Sellers,3PTR,3,84.0,50.0,00 Shyanne Sellers 3PTR GOOD (11 Pt); 11 Katie Benzan Assist (4 Asst)
2021,12651,4,496,00,Shyanne Sellers,3,10,Angel Reese,LAYUP,2,88.0,53.0,10 Angel Reese LAYUP GOOD (13 Pt); 00 Shyanne Sellers Assist (3 Asst)
2021,12652,1,493,55,Chloe Bibby,1,01,Diamond Miller,LAYUP,2,2.0,7.0,01 Diamond Miller LAYUP GOOD (2 Pt); 55 Chloe Bibby Assist (1 Asst)
2021,12652,1,449,15,Ashley Owusu,1,55,Chloe Bibby,JUMPER,2,4.0,9.0,55 Chloe Bibby JUMPER GOOD (5 Pt); 15 Ashley Owusu Assist (1 Asst)
2021,12652,1,232,11,Katie Benzan,1,01,Diamond Miller,3PTR,3,12.0,17.0,01 Diamond Miller 3PTR GOOD (8 Pt); 11 Katie Benzan Assist (1 Asst)
2021,12652,1,191,11,Katie Benzan,2,01,Diamond Miller,JUMPER,2,14.0,19.0,01 Diamond Miller JUMPER GOOD (10 Pt); 11 Katie Benzan Assist (2 Asst)
2021,12652,1,162,11,Katie Benzan,3,02,Mimi Collins,JUMPER,2,14.0,21.0,02 Mimi Collins JUMPER GOOD (2 Pt); 11 Katie Benzan Assist (3 Asst)
2021,12652,1,103,11,Katie Benzan,4,02,Mimi Collins,3PTR,3,14.0,24.0,02 Mimi Collins 3PTR GOOD (5 Pt); 11 Katie Benzan Assist (4 Asst)
2021,12652,2,442,55,Chloe Bibby,2,11,Katie Benzan,3PTR,3,20.0,27.0,11 Katie Benzan 3PTR GOOD (3 Pt); 55 Chloe Bibby Assist (2 Asst)
2021,12652,2,415,11,Katie Benzan,5,55,Chloe Bibby,LAYUP,2,20.0,29.0,55 Chloe Bibby LAYUP GOOD (7 Pt); 11 Katie Benzan Assist (5 Asst)
2021,12652,2,346,01,Diamond Miller,1,15,Ashley Owusu,3PTR,3,26.0,32.0,15 Ashley Owusu 3PTR GOOD (3 Pt); 01 Diamond Miller Assist (1 Asst)
2021,12652,2,79,01,Diamond Miller,2,55,Chloe Bibby,JUMPER,2,34.0,38.0,55 Chloe Bibby JUMPER GOOD (9 Pt); 01 Diamond Miller Assist (2 Asst)
2021,12652,2,27,01,Diamond Miller,3,55,Chloe Bibby,LAYUP,2,36.0,41.0,55 Chloe Bibby LAYUP GOOD (12 Pt); 01 Diamond Miller Assist (3 Asst)
2021,12652,3,591,15,Ashley Owusu,2,10,Angel Reese,JUMPER,2,36.0,43.0,10 Angel Reese JUMPER GOOD (6 Pt); 15 Ashley Owusu Assist (2 Asst)
2021,12652,3,364,15,Ashley Owusu,3,55,Chloe Bibby,LAYUP,2,43.0,47.0,55 Chloe Bibby LAYUP GOOD (14 Pt); 15 Ashley Owusu Assist (3 Asst)
2021,12652,3,334,01,Diamond Miller,4,10,Angel Reese,LAYUP,2,45.0,49.0,10 Angel Reese LAYUP GOOD (10 Pt); 01 Diamond Miller Assist (4 Asst)
2021,12652,3,139,01,Diamond Miller,5,15,Ashley Owusu,JUMPER,2,50.0,59.0,15 Ashley Owusu JUMPER GOOD (13 Pt); 01 Diamond Miller Assist (5 Asst)
2021,12652,3,88,11,Katie Benzan,6,55,Chloe Bibby,LAYUP,2,52.0,61.0,55 Chloe Bibby LAYUP GOOD (16 Pt); 11 Katie Benzan Assist (6 Asst)
2021,12652,4,580,15,Ashley Owusu,4,00,Shyanne Sellers,3PTR,3,58.0,66.0,00 Shyanne Sellers 3PTR GOOD (3 Pt); 15 Ashley Owusu Assist (4 Asst)
2021,12652,4,535,01,Diamond Miller,6,15,Ashley Owusu,JUMPER,2,58.0,68.0,15 Ashley Owusu JUMPER GOOD (17 Pt); 01 Diamond Miller Assist (6 Asst)
2021,12652,4,500,15,Ashley Owusu,5,55,Chloe Bibby,3PTR,3,60.0,71.0,55 Chloe Bibby 3PTR GOOD (19 Pt); 15 Ashley Owusu Assist (5 Asst)
2021,12652,4,393,00,Shyanne Sellers,1,10,Angel Reese,LAYUP,2,65.0,76.0,10 Angel Reese LAYUP GOOD (17 Pt); 00 Shyanne Sellers Assist (1 Asst)
2021,12652,4,324,15,Ashley Owusu,6,11,Katie Benzan,3PTR,3,67.0,79.0,11 Katie Benzan 3PTR GOOD (6 Pt); 15 Ashley Owusu Assist (6 Asst)
2021,12652,4,278,15,Ashley Owusu,7,10,Angel Reese,LAYUP,2,67.0,83.0,10 Angel Reese LAYUP GOOD (19 Pt); 15 Ashley Owusu Assist (7 Asst)
2021,12652,4,52,15,Ashley Owusu,8,55,Chloe Bibby,LAYUP,2,71.0,87.0,55 Chloe Bibby LAYUP GOOD (23 Pt); 15 Ashley Owusu Assist (8 Asst)
2021,12653,1,574,10,Angel Reese,1,15,Ashley Owusu,LAYUP,2,2.0,0.0,15 Ashley Owusu LAYUP GOOD (2 Pt); 10 Angel Reese Assist (1 Asst)
2021,12653,1,486,10,Angel Reese,2,55,Chloe Bibby,JUMPER,2,4.0,5.0,55 Chloe Bibby JUMPER GOOD (2 Pt); 10 Angel Reese Assist (2 Asst)
2021,12653,1,442,55,Chloe Bibby,1,01,Diamond Miller,3PTR,3,7.0,5.0,01 Diamond Miller 3PTR GOOD (3 Pt); 55 Chloe Bibby Assist (1 Asst)
2021,12653,1,363,55,Chloe Bibby,2,01,Diamond Miller,LAYUP,2,11.0,11.0,01 Diamond Miller LAYUP GOOD (5 Pt); 55 Chloe Bibby Assist (2 Asst)
2021,12653,1,199,11,Katie Benzan,1,02,Mimi Collins,JUMPER,2,13.0,20.0,02 Mimi Collins JUMPER GOOD (2 Pt); 11 Katie Benzan Assist (1 Asst)
2021,12653,1,120,01,Diamond Miller,1,00,Shyanne Sellers,3PTR,3,16.0,23.0,00 Shyanne Sellers 3PTR GOOD (3 Pt); 01 Diamond Miller Assist (1 Asst)
2021,12653,2,536,01,Diamond Miller,2,55,Chloe Bibby,3PTR,3,19.0,29.0,55 Chloe Bibby 3PTR GOOD (5 Pt); 01 Diamond Miller Assist (2 Asst)
2021,12653,3,486,11,Katie Benzan,2,10,Angel Reese,JUMPER,2,23.0,38.0,10 Angel Reese JUMPER GOOD (2 Pt); 11 Katie Benzan Assist (2 Asst)
2021,12653,3,163,10,Angel Reese,3,11,Katie Benzan,3PTR,3,30.0,50.0,11 Katie Benzan 3PTR GOOD (5 Pt); 10 Angel Reese Assist (3 Asst)
2021,12653,4,504,11,Katie Benzan,3,55,Chloe Bibby,JUMPER,2,34.0,55.0,55 Chloe Bibby JUMPER GOOD (7 Pt); 11 Katie Benzan Assist (3 Asst)
2021,12653,4,459,01,Diamond Miller,3,02,Mimi Collins,LAYUP,2,36.0,55.0,02 Mimi Collins LAYUP GOOD (6 Pt); 01 Diamond Miller Assist (3 Asst)
2021,12653,4,307,11,Katie Benzan,4,55,Chloe Bibby,JUMPER,2,38.0,60.0,55 Chloe Bibby JUMPER GOOD (9 Pt); 11 Katie Benzan Assist (4 Asst)
2021,12653,4,24,15,Ashley Owusu,1,14,Taisiya Kozlova,3PTR,3,49.0,69.0,14 Taisiya Kozlova 3PTR GOOD (3 Pt); 15 Ashley Owusu Assist (1 Asst)
2021,12654,1,549,01,Diamond Miller,1,10,Angel Reese,LAYUP,2,0.0,2.0,10 Angel Reese LAYUP GOOD (2 Pt); 01 Diamond Miller Assist (1 Asst)
2021,12654,1,0,11,Katie Benzan,1,02,Mimi Collins,3PTR,3,25.0,15.0,02 Mimi Collins 3PTR GOOD (3 Pt); 11 Katie Benzan Assist (1 Asst)
2021,12654,2,495,10,Angel Reese,1,55,Chloe Bibby,LAYUP,2,30.0,19.0,55 Chloe Bibby LAYUP GOOD (2 Pt); 10 Angel Reese Assist (1 Asst)
2021,12654,2,445,15,Ashley Owusu,1,10,Angel Reese,LAYUP,2,30.0,21.0,10 Angel Reese LAYUP GOOD (8 Pt); 15 Ashley Owusu Assist (1 Asst)
2021,12654,2,390,15,Ashley Owusu,2,01,Diamond Miller,LAYUP,2,33.0,23.0,01 Diamond Miller LAYUP GOOD (2 Pt); 15 Ashley Owusu Assist (2 Asst)
2021,12654,2,148,15,Ashley Owusu,3,11,Katie Benzan,3PTR,3,37.0,33.0,11 Katie Benzan 3PTR GOOD (8 Pt); 15 Ashley Owusu Assist (3 Asst)
2021,12654,3,195,01,Diamond Miller,2,55,Chloe Bibby,JUMPER,2,59.0,51.0,55 Chloe Bibby JUMPER GOOD (6 Pt); 01 Diamond Miller Assist (2 Asst)
2021,12654,3,0,55,Chloe Bibby,1,10,Angel Reese,LAYUP,2,65.0,57.0,10 Angel Reese LAYUP GOOD (18 Pt); 55 Chloe Bibby Assist (1 Asst)
2021,12654,4,570,15,Ashley Owusu,4,11,Katie Benzan,3PTR,3,67.0,60.0,11 Katie Benzan 3PTR GOOD (11 Pt); 15 Ashley Owusu Assist (4 Asst)
2021,12654,4,376,02,Mimi Collins,1,11,Katie Benzan,JUMPER,2,71.0,64.0,11 Katie Benzan JUMPER GOOD (13 Pt); 02 Mimi Collins Assist (1 Asst)
2021,12654,4,338,15,Ashley Owusu,5,55,Chloe Bibby,3PTR,3,73.0,67.0,55 Chloe Bibby 3PTR GOOD (9 Pt); 15 Ashley Owusu Assist (5 Asst)
2021,12654,4,289,02,Mimi Collins,2,11,Katie Benzan,3PTR,3,75.0,70.0,11 Katie Benzan 3PTR GOOD (16 Pt); 02 Mimi Collins Assist (2 Asst)
2021,12654,4,185,01,Diamond Miller,3,55,Chloe Bibby,LAYUP,2,82.0,72.0,55 Chloe Bibby LAYUP GOOD (11 Pt); 01 Diamond Miller Assist (3 Asst)
2021,12654,4,118,11,Katie Benzan,2,55,Chloe Bibby,3PTR,3,85.0,77.0,55 Chloe Bibby 3PTR GOOD (14 Pt); 11 Katie Benzan Assist (2 Asst)
2021,12654,4,42,01,Diamond Miller,4,55,Chloe Bibby,3PTR,3,87.0,83.0,55 Chloe Bibby 3PTR GOOD (20 Pt); 01 Diamond Miller Assist (4 Asst)
2021,12655,1,456,55,Chloe Bibby,1,11,Katie Benzan,3PTR,3,3.0,2.0,11 Katie Benzan 3PTR GOOD (3 Pt); 55 Chloe Bibby Assist (1 Asst)
2021,12655,1,388,11,Katie Benzan,1,00,Shyanne Sellers,3PTR,3,6.0,2.0,00 Shyanne Sellers 3PTR GOOD (3 Pt); 11 Katie Benzan Assist (1 Asst)
2021,12655,1,352,11,Katie Benzan,2,55,Chloe Bibby,3PTR,3,9.0,4.0,55 Chloe Bibby 3PTR GOOD (3 Pt); 11 Katie Benzan Assist (2 Asst)
2021,12655,1,241,15,Ashley Owusu,1,00,Shyanne Sellers,3PTR,3,12.0,9.0,00 Shyanne Sellers 3PTR GOOD (6 Pt); 15 Ashley Owusu Assist (1 Asst)
2021,12655,1,205,11,Katie Benzan,3,15,Ashley Owusu,JUMPER,2,14.0,9.0,15 Ashley Owusu JUMPER GOOD (2 Pt); 11 Katie Benzan Assist (3 Asst)
2021,12655,1,176,11,Katie Benzan,4,55,Chloe Bibby,LAYUP,2,16.0,12.0,55 Chloe Bibby LAYUP GOOD (5 Pt); 11 Katie Benzan Assist (4 Asst)
2021,12655,1,109,15,Ashley Owusu,2,10,Angel Reese,LAYUP,2,18.0,12.0,10 Angel Reese LAYUP GOOD (2 Pt); 15 Ashley Owusu Assist (2 Asst)
2021,12655,2,476,00,Shyanne Sellers,1,15,Ashley Owusu,JUMPER,2,23.0,14.0,15 Ashley Owusu JUMPER GOOD (4 Pt); 00 Shyanne Sellers Assist (1 Asst)
2021,12655,2,365,10,Angel Reese,1,11,Katie Benzan,3PTR,3,26.0,16.0,11 Katie Benzan 3PTR GOOD (6 Pt); 10 Angel Reese Assist (1 Asst)
2021,12655,2,277,01,Diamond Miller,1,15,Ashley Owusu,3PTR,3,29.0,18.0,15 Ashley Owusu 3PTR GOOD (7 Pt); 01 Diamond Miller Assist (1 Asst)
2021,12655,2,235,15,Ashley Owusu,3,11,Katie Benzan,3PTR,3,32.0,18.0,11 Katie Benzan 3PTR GOOD (9 Pt); 15 Ashley Owusu Assist (3 Asst)
2021,12655,2,187,15,Ashley Owusu,4,01,Diamond Miller,3PTR,3,35.0,18.0,01 Diamond Miller 3PTR GOOD (3 Pt); 15 Ashley Owusu Assist (4 Asst)
2021,12655,3,591,15,Ashley Owusu,5,01,Diamond Miller,JUMPER,2,41.0,23.0,01 Diamond Miller JUMPER GOOD (5 Pt); 15 Ashley Owusu Assist (5 Asst)
2021,12655,3,548,01,Diamond Miller,2,10,Angel Reese,LAYUP,2,43.0,23.0,10 Angel Reese LAYUP GOOD (5 Pt); 01 Diamond Miller Assist (2 Asst)
2021,12655,3,388,00,Shyanne Sellers,2,11,Katie Benzan,3PTR,3,48.0,27.0,11 Katie Benzan 3PTR GOOD (14 Pt); 00 Shyanne Sellers Assist (2 Asst)
2021,12655,3,298,15,Ashley Owusu,6,55,Chloe Bibby,LAYUP,2,50.0,31.0,55 Chloe Bibby LAYUP GOOD (7 Pt); 15 Ashley Owusu Assist (6 Asst)
2021,12655,3,260,01,Diamond Miller,3,00,Shyanne Sellers,3PTR,3,53.0,33.0,00 Shyanne Sellers 3PTR GOOD (11 Pt); 01 Diamond Miller Assist (3 Asst)
2021,12655,3,173,55,Chloe Bibby,2,15,Ashley Owusu,3PTR,3,56.0,35.0,15 Ashley Owusu 3PTR GOOD (12 Pt); 55 Chloe Bibby Assist (2 Asst)
2021,12655,3,135,10,Angel Reese,2,11,Katie Benzan,3PTR,3,59.0,35.0,11 Katie Benzan 3PTR GOOD (17 Pt); 10 Angel Reese Assist (2 Asst)
2021,12655,3,31,55,Chloe Bibby,3,15,Ashley Owusu,3PTR,3,64.0,39.0,15 Ashley Owusu 3PTR GOOD (15 Pt); 55 Chloe Bibby Assist (3 Asst)
2021,12655,3,1,11,Katie Benzan,5,55,Chloe Bibby,3PTR,3,67.0,39.0,55 Chloe Bibby 3PTR GOOD (12 Pt); 11 Katie Benzan Assist (5 Asst)
2021,12655,4,248,01,Diamond Miller,4,00,Shyanne Sellers,3PTR,3,78.0,49.0,00 Shyanne Sellers 3PTR GOOD (14 Pt); 01 Diamond Miller Assist (4 Asst)
2021,12655,4,133,14,Taisiya Kozlova,1,01,Diamond Miller,3PTR,3,81.0,54.0,01 Diamond Miller 3PTR GOOD (12 Pt); 14 Taisiya Kozlova Assist (1 Asst)
2021,12655,4,60,00,Shyanne Sellers,3,01,Diamond Miller,3PTR,3,84.0,57.0,01 Diamond Miller 3PTR GOOD (15 Pt); 00 Shyanne Sellers Assist (3 Asst)
2021,12656,1,590,15,Ashley Owusu,1,10,Angel Reese,LAYUP,2,2.0,0.0,10 Angel Reese LAYUP GOOD (2 Pt); 15 Ashley Owusu Assist (1 Asst)
2021,12656,1,319,15,Ashley Owusu,2,55,Chloe Bibby,3PTR,3,11.0,5.0,55 Chloe Bibby 3PTR GOOD (3 Pt); 15 Ashley Owusu Assist (2 Asst)
2021,12656,1,253,00,Shyanne Sellers,1,15,Ashley Owusu,3PTR,3,14.0,7.0,15 Ashley Owusu 3PTR GOOD (5 Pt); 00 Shyanne Sellers Assist (1 Asst)
2021,12656,1,218,00,Shyanne Sellers,2,02,Mimi Collins,JUMPER,2,16.0,7.0,02 Mimi Collins JUMPER GOOD (2 Pt); 00 Shyanne Sellers Assist (2 Asst)
2021,12656,1,84,15,Ashley Owusu,3,10,Angel Reese,LAYUP,2,19.0,9.0,10 Angel Reese LAYUP GOOD (6 Pt); 15 Ashley Owusu Assist (3 Asst)
2021,12656,2,393,00,Shyanne Sellers,3,01,Diamond Miller,3PTR,3,24.0,15.0,01 Diamond Miller 3PTR GOOD (3 Pt); 00 Shyanne Sellers Assist (3 Asst)
2021,12656,2,316,11,Katie Benzan,1,02,Mimi Collins,JUMPER,2,26.0,17.0,02 Mimi Collins JUMPER GOOD (4 Pt); 11 Katie Benzan Assist (1 Asst)
2021,12656,2,294,11,Katie Benzan,2,55,Chloe Bibby,LAYUP,2,28.0,19.0,55 Chloe Bibby LAYUP GOOD (5 Pt); 11 Katie Benzan Assist (2 Asst)
2021,12656,3,585,01,Diamond Miller,1,15,Ashley Owusu,3PTR,3,33.0,26.0,15 Ashley Owusu 3PTR GOOD (11 Pt); 01 Diamond Miller Assist (1 Asst)
2021,12656,3,312,10,Angel Reese,1,55,Chloe Bibby,LAYUP,2,43.0,38.0,55 Chloe Bibby LAYUP GOOD (9 Pt); 10 Angel Reese Assist (1 Asst)
2021,12656,3,279,55,Chloe Bibby,1,15,Ashley Owusu,LAYUP,2,45.0,38.0,15 Ashley Owusu LAYUP GOOD (13 Pt); 55 Chloe Bibby Assist (1 Asst)
2021,12656,3,182,55,Chloe Bibby,2,11,Katie Benzan,3PTR,3,48.0,38.0,11 Katie Benzan 3PTR GOOD (7 Pt); 55 Chloe Bibby Assist (2 Asst)
2021,12656,3,163,00,Shyanne Sellers,4,11,Katie Benzan,3PTR,3,51.0,38.0,11 Katie Benzan 3PTR GOOD (10 Pt); 00 Shyanne Sellers Assist (4 Asst)
2021,12656,3,114,00,Shyanne Sellers,5,55,Chloe Bibby,LAYUP,2,53.0,40.0,55 Chloe Bibby LAYUP GOOD (11 Pt); 00 Shyanne Sellers Assist (5 Asst)
2021,12656,3,20,01,Diamond Miller,2,55,Chloe Bibby,LAYUP,2,55.0,42.0,55 Chloe Bibby LAYUP GOOD (13 Pt); 01 Diamond Miller Assist (2 Asst)
2021,12656,4,515,00,Shyanne Sellers,6,55,Chloe Bibby,3PTR,3,58.0,45.0,55 Chloe Bibby 3PTR GOOD (16 Pt); 00 Shyanne Sellers Assist (6 Asst)
2021,12656,4,486,01,Diamond Miller,3,55,Chloe Bibby,3PTR,3,61.0,45.0,55 Chloe Bibby 3PTR GOOD (19 Pt); 01 Diamond Miller Assist (3 Asst)
2021,12656,4,116,01,Diamond Miller,4,10,Angel Reese,LAYUP,2,70.0,53.0,10 Angel Reese LAYUP GOOD (12 Pt); 01 Diamond Miller Assist (4 Asst)
2021,12657,1,588,11,Katie Benzan,1,55,Chloe Bibby,JUMPER,2,0.0,2.0,55 Chloe Bibby JUMPER GOOD (2 Pt); 11 Katie Benzan Assist (1 Asst)
2021,12657,1,383,00,Shyanne Sellers,1,02,Mimi Collins,JUMPER,2,6.0,8.0,02 Mimi Collins JUMPER GOOD (2 Pt); 00 Shyanne Sellers Assist (1 Asst)
2021,12657,1,354,00,Shyanne Sellers,2,02,Mimi Collins,JUMPER,2,8.0,10.0,02 Mimi Collins JUMPER GOOD (4 Pt); 00 Shyanne Sellers Assist (2 Asst)
2021,12657,1,196,00,Shyanne Sellers,3,55,Chloe Bibby,JUMPER,2,8.0,14.0,55 Chloe Bibby JUMPER GOOD (4 Pt); 00 Shyanne Sellers Assist (3 Asst)
2021,12657,1,141,00,Shyanne Sellers,4,02,Mimi Collins,JUMPER,2,14.0,16.0,02 Mimi Collins JUMPER GOOD (8 Pt); 00 Shyanne Sellers Assist (4 Asst)
2021,12657,1,118,00,Shyanne Sellers,5,55,Chloe Bibby,LAYUP,2,14.0,18.0,55 Chloe Bibby LAYUP GOOD (6 Pt); 00 Shyanne Sellers Assist (5 Asst)
2021,12657,1,91,01,Diamond Miller,1,55,Chloe Bibby,JUMPER,2,14.0,20.0,55 Chloe Bibby JUMPER GOOD (8 Pt); 01 Diamond Miller Assist (1 Asst)
2021,12657,1,34,55,Chloe Bibby,1,01,Diamond Miller,LAYUP,2,14.0,25.0,01 Diamond Miller LAYUP GOOD (2 Pt); 55 Chloe Bibby Assist (1 Asst)
2021,12657,1,2,01,Diamond Miller,2,10,Angel Reese,LAYUP,2,14.0,27.0,10 Angel Reese LAYUP GOOD (6 Pt); 01 Diamond Miller Assist (2 Asst)
2021,12657,2,558,10,Angel Reese,1,11,Katie Benzan,3PTR,3,17.0,30.0,11 Katie Benzan 3PTR GOOD (3 Pt); 10 Angel Reese Assist (1 Asst)
2021,12657,2,258,01,Diamond Miller,3,00,Shyanne Sellers,LAYUP,2,23.0,36.0,00 Shyanne Sellers LAYUP GOOD (2 Pt); 01 Diamond Miller Assist (3 Asst)
2021,12657,2,198,10,Angel Reese,2,11,Katie Benzan,3PTR,3,25.0,41.0,11 Katie Benzan 3PTR GOOD (6 Pt); 10 Angel Reese Assist (2 Asst)
2021,12657,2,171,11,Katie Benzan,2,10,Angel Reese,LAYUP,2,27.0,43.0,10 Angel Reese LAYUP GOOD (10 Pt); 11 Katie Benzan Assist (2 Asst)
2021,12657,3,544,11,Katie Benzan,3,10,Angel Reese,LAYUP,2,31.0,50.0,10 Angel Reese LAYUP GOOD (12 Pt); 11 Katie Benzan Assist (3 Asst)
2021,12657,3,382,00,Shyanne Sellers,6,01,Diamond Miller,LAYUP,2,37.0,56.0,01 Diamond Miller LAYUP GOOD (11 Pt); 00 Shyanne Sellers Assist (6 Asst)
2021,12657,3,269,00,Shyanne Sellers,7,55,Chloe Bibby,JUMPER,2,43.0,59.0,55 Chloe Bibby JUMPER GOOD (13 Pt); 00 Shyanne Sellers Assist (7 Asst)
2021,12657,3,209,00,Shyanne Sellers,8,10,Angel Reese,JUMPER,2,45.0,61.0,10 Angel Reese JUMPER GOOD (14 Pt); 00 Shyanne Sellers Assist (8 Asst)
2021,12657,3,4,15,Ashley Owusu,1,55,Chloe Bibby,3PTR,3,52.0,64.0,55 Chloe Bibby 3PTR GOOD (16 Pt); 15 Ashley Owusu Assist (1 Asst)
2021,12657,4,494,00,Shyanne Sellers,9,02,Mimi Collins,JUMPER,2,56.0,69.0,02 Mimi Collins JUMPER GOOD (14 Pt); 00 Shyanne Sellers Assist (9 Asst)
2021,12657,4,207,01,Diamond Miller,4,10,Angel Reese,JUMPER,2,66.0,77.0,10 Angel Reese JUMPER GOOD (16 Pt); 01 Diamond Miller Assist (4 Asst)
2021,12658,1,470,15,Ashley Owusu,1,01,Diamond Miller,3PTR,3,2.0,7.0,01 Diamond Miller 3PTR GOOD (5 Pt); 15 Ashley Owusu Assist (1 Asst)
2021,12658,1,403,15,Ashley Owusu,2,11,Katie Benzan,3PTR,3,6.0,11.0,11 Katie Benzan 3PTR GOOD (3 Pt); 15 Ashley Owusu Assist (2 Asst)
2021,12658,1,346,15,Ashley Owusu,3,10,Angel Reese,LAYUP,2,6.0,13.0,10 Angel Reese LAYUP GOOD (5 Pt); 15 Ashley Owusu Assist (3 Asst)
2021,12658,1,298,00,Shyanne Sellers,1,10,Angel Reese,LAYUP,2,8.0,15.0,10 Angel Reese LAYUP GOOD (7 Pt); 00 Shyanne Sellers Assist (1 Asst)
2021,12658,2,354,01,Diamond Miller,1,02,Mimi Collins,JUMPER,2,20.0,27.0,02 Mimi Collins JUMPER GOOD (2 Pt); 01 Diamond Miller Assist (1 Asst)
2021,12658,3,436,01,Diamond Miller,2,10,Angel Reese,LAYUP,2,32.0,38.0,10 Angel Reese LAYUP GOOD (13 Pt); 01 Diamond Miller Assist (2 Asst)
2021,12658,3,292,01,Diamond Miller,3,11,Katie Benzan,3PTR,3,34.0,43.0,11 Katie Benzan 3PTR GOOD (6 Pt); 01 Diamond Miller Assist (3 Asst)
2021,12658,3,200,00,Shyanne Sellers,2,01,Diamond Miller,LAYUP,2,37.0,45.0,01 Diamond Miller LAYUP GOOD (12 Pt); 00 Shyanne Sellers Assist (2 Asst)
2021,12658,3,88,11,Katie Benzan,1,00,Shyanne Sellers,JUMPER,2,43.0,52.0,00 Shyanne Sellers JUMPER GOOD (8 Pt); 11 Katie Benzan Assist (1 Asst)
2021,12658,4,590,00,Shyanne Sellers,3,10,Angel Reese,LAYUP,2,47.0,56.0,10 Angel Reese LAYUP GOOD (18 Pt); 00 Shyanne Sellers Assist (3 Asst)
2021,12658,4,511,00,Shyanne Sellers,4,10,Angel Reese,LAYUP,2,49.0,58.0,10 Angel Reese LAYUP GOOD (20 Pt); 00 Shyanne Sellers Assist (4 Asst)
2021,12658,4,360,55,Chloe Bibby,1,11,Katie Benzan,JUMPER,2,53.0,60.0,11 Katie Benzan JUMPER GOOD (8 Pt); 55 Chloe Bibby Assist (1 Asst)
2021,12658,4,26,00,Shyanne Sellers,5,10,Angel Reese,JUMPER,2,62.0,66.0,10 Angel Reese JUMPER GOOD (24 Pt); 00 Shyanne Sellers Assist (5 Asst)
2021,12659,1,539,55,Chloe Bibby,1,10,Angel Reese,LAYUP,2,4.0,2.0,10 Angel Reese LAYUP GOOD (4 Pt); 55 Chloe Bibby Assist (1 Asst)
2021,12659,1,457,10,Angel Reese,1,02,Mimi Collins,3PTR,3,7.0,4.0,02 Mimi Collins 3PTR GOOD (3 Pt); 10 Angel Reese Assist (1 Asst)
2021,12659,1,333,02,Mimi Collins,1,55,Chloe Bibby,3PTR,3,10.0,4.0,55 Chloe Bibby 3PTR GOOD (3 Pt); 02 Mimi Collins Assist (1 Asst)
2021,12659,1,244,02,Mimi Collins,2,55,Chloe Bibby,LAYUP,2,16.0,8.0,55 Chloe Bibby LAYUP GOOD (5 Pt); 02 Mimi Collins Assist (2 Asst)
2021,12659,1,187,11,Katie Benzan,1,01,Diamond Miller,LAYUP,2,18.0,8.0,01 Diamond Miller LAYUP GOOD (4 Pt); 11 Katie Benzan Assist (1 Asst)
2021,12659,1,160,11,Katie Benzan,2,01,Diamond Miller,3PTR,3,22.0,8.0,01 Diamond Miller 3PTR GOOD (8 Pt); 11 Katie Benzan Assist (2 Asst)
2021,12659,1,86,11,Katie Benzan,3,55,Chloe Bibby,JUMPER,2,24.0,11.0,55 Chloe Bibby JUMPER GOOD (7 Pt); 11 Katie Benzan Assist (3 Asst)
2021,12659,2,288,00,Shyanne Sellers,1,14,Taisiya Kozlova,JUMPER,2,34.0,14.0,14 Taisiya Kozlova JUMPER GOOD (2 Pt); 00 Shyanne Sellers Assist (1 Asst)
2021,12659,2,251,55,Chloe Bibby,2,11,Katie Benzan,3PTR,3,37.0,14.0,11 Katie Benzan 3PTR GOOD (3 Pt); 55 Chloe Bibby Assist (2 Asst)
2021,12659,2,69,10,Angel Reese,2,55,Chloe Bibby,3PTR,3,41.0,17.0,55 Chloe Bibby 3PTR GOOD (12 Pt); 10 Angel Reese Assist (2 Asst)
2021,12659,3,380,10,Angel Reese,3,55,Chloe Bibby,LAYUP,2,49.0,25.0,55 Chloe Bibby LAYUP GOOD (14 Pt); 10 Angel Reese Assist (3 Asst)
2021,12659,3,303,11,Katie Benzan,4,10,Angel Reese,LAYUP,2,54.0,30.0,10 Angel Reese LAYUP GOOD (11 Pt); 11 Katie Benzan Assist (4 Asst)
2021,12659,3,166,11,Katie Benzan,5,00,Shyanne Sellers,3PTR,3,59.0,35.0,00 Shyanne Sellers 3PTR GOOD (7 Pt); 11 Katie Benzan Assist (5 Asst)
2021,12659,4,580,10,Angel Reese,4,00,Shyanne Sellers,LAYUP,2,63.0,41.0,00 Shyanne Sellers LAYUP GOOD (11 Pt); 10 Angel Reese Assist (4 Asst)
2021,12659,4,506,00,Shyanne Sellers,2,11,Katie Benzan,3PTR,3,67.0,45.0,11 Katie Benzan 3PTR GOOD (6 Pt); 00 Shyanne Sellers Assist (2 Asst)
2021,12659,4,373,11,Katie Benzan,6,55,Chloe Bibby,3PTR,3,72.0,50.0,55 Chloe Bibby 3PTR GOOD (20 Pt); 11 Katie Benzan Assist (6 Asst)
2021,12660,1,585,01,Diamond Miller,1,10,Angel Reese,JUMPER,2,2.0,1.0,10 Angel Reese JUMPER GOOD (2 Pt); 01 Diamond Miller Assist (1 Asst)
2021,12660,1,467,11,Katie Benzan,1,55,Chloe Bibby,LAYUP,2,6.0,4.0,55 Chloe Bibby LAYUP GOOD (4 Pt); 11 Katie Benzan Assist (1 Asst)
2021,12660,1,271,10,Angel Reese,1,55,Chloe Bibby,3PTR,3,14.0,8.0,55 Chloe Bibby 3PTR GOOD (8 Pt); 10 Angel Reese Assist (1 Asst)
2021,12660,1,67,01,Diamond Miller,2,00,Shyanne Sellers,3PTR,3,22.0,8.0,00 Shyanne Sellers 3PTR GOOD (5 Pt); 01 Diamond Miller Assist (2 Asst)
2021,12660,2,565,01,Diamond Miller,3,10,Angel Reese,LAYUP,2,24.0,10.0,10 Angel Reese LAYUP GOOD (6 Pt); 01 Diamond Miller Assist (3 Asst)
2021,12660,2,523,01,Diamond Miller,4,55,Chloe Bibby,3PTR,3,27.0,10.0,55 Chloe Bibby 3PTR GOOD (11 Pt); 01 Diamond Miller Assist (4 Asst)
2021,12660,2,148,11,Katie Benzan,2,00,Shyanne Sellers,3PTR,3,36.0,17.0,00 Shyanne Sellers 3PTR GOOD (8 Pt); 11 Katie Benzan Assist (2 Asst)
2021,12660,3,366,00,Shyanne Sellers,1,01,Diamond Miller,LAYUP,2,46.0,24.0,01 Diamond Miller LAYUP GOOD (4 Pt); 00 Shyanne Sellers Assist (1 Asst)
2021,12660,3,316,01,Diamond Miller,5,55,Chloe Bibby,LAYUP,2,48.0,24.0,55 Chloe Bibby LAYUP GOOD (13 Pt); 01 Diamond Miller Assist (5 Asst)
2021,12660,3,188,01,Diamond Miller,6,11,Katie Benzan,3PTR,3,53.0,26.0,11 Katie Benzan 3PTR GOOD (9 Pt); 01 Diamond Miller Assist (6 Asst)
2021,12660,4,529,01,Diamond Miller,7,55,Chloe Bibby,3PTR,3,61.0,32.0,55 Chloe Bibby 3PTR GOOD (16 Pt); 01 Diamond Miller Assist (7 Asst)
2021,12660,4,277,10,Angel Reese,2,01,Diamond Miller,JUMPER,2,64.0,40.0,01 Diamond Miller JUMPER GOOD (7 Pt); 10 Angel Reese Assist (2 Asst)
2021,12661,1,292,01,Diamond Miller,1,55,Chloe Bibby,3PTR,3,11.0,9.0,55 Chloe Bibby 3PTR GOOD (3 Pt); 01 Diamond Miller Assist (1 Asst)
2021,12661,2,523,55,Chloe Bibby,1,10,Angel Reese,LAYUP,2,21.0,28.0,10 Angel Reese LAYUP GOOD (12 Pt); 55 Chloe Bibby Assist (1 Asst)
2021,12661,2,398,11,Katie Benzan,2,55,Chloe Bibby,JUMPER,2,25.0,32.0,55 Chloe Bibby JUMPER GOOD (5 Pt); 11 Katie Benzan Assist (2 Asst)
2021,12661,2,304,01,Diamond Miller,2,55,Chloe Bibby,3PTR,3,27.0,37.0,55 Chloe Bibby 3PTR GOOD (8 Pt); 01 Diamond Miller Assist (2 Asst)
2021,12661,2,244,10,Angel Reese,1,14,Taisiya Kozlova,3PTR,3,27.0,42.0,14 Taisiya Kozlova 3PTR GOOD (3 Pt); 10 Angel Reese Assist (1 Asst)
2021,12661,2,128,11,Katie Benzan,3,01,Diamond Miller,LAYUP,2,29.0,45.0,01 Diamond Miller LAYUP GOOD (7 Pt); 11 Katie Benzan Assist (3 Asst)
2021,12661,2,46,10,Angel Reese,2,01,Diamond Miller,3PTR,3,31.0,48.0,01 Diamond Miller 3PTR GOOD (10 Pt); 10 Angel Reese Assist (2 Asst)
2021,12661,3,459,00,Shyanne Sellers,1,01,Diamond Miller,LAYUP,2,37.0,52.0,01 Diamond Miller LAYUP GOOD (12 Pt); 00 Shyanne Sellers Assist (1 Asst)
2021,12661,3,422,11,Katie Benzan,4,55,Chloe Bibby,3PTR,3,37.0,57.0,55 Chloe Bibby 3PTR GOOD (11 Pt); 11 Katie Benzan Assist (4 Asst)
2021,12661,3,8,55,Chloe Bibby,2,01,Diamond Miller,3PTR,3,52.0,66.0,01 Diamond Miller 3PTR GOOD (19 Pt); 55 Chloe Bibby Assist (2 Asst)
2021,12661,4,324,01,Diamond Miller,3,11,Katie Benzan,3PTR,3,61.0,71.0,11 Katie Benzan 3PTR GOOD (5 Pt); 01 Diamond Miller Assist (3 Asst)
2021,12661,4,211,11,Katie Benzan,5,55,Chloe Bibby,3PTR,3,63.0,74.0,55 Chloe Bibby 3PTR GOOD (14 Pt); 11 Katie Benzan Assist (5 Asst)
2021,12662,1,441,02,Mimi Collins,1,01,Diamond Miller,JUMPER,2,4.0,4.0,01 Diamond Miller JUMPER GOOD (2 Pt); 02 Mimi Collins Assist (1 Asst)
2021,12662,1,363,11,Katie Benzan,1,55,Chloe Bibby,3PTR,3,7.0,4.0,55 Chloe Bibby 3PTR GOOD (3 Pt); 11 Katie Benzan Assist (1 Asst)
2021,12662,1,332,55,Chloe Bibby,1,02,Mimi Collins,JUMPER,2,9.0,6.0,02 Mimi Collins JUMPER GOOD (2 Pt); 55 Chloe Bibby Assist (1 Asst)
2021,12662,2,532,55,Chloe Bibby,2,10,Angel Reese,LAYUP,2,14.0,21.0,10 Angel Reese LAYUP GOOD (5 Pt); 55 Chloe Bibby Assist (2 Asst)
2021,12662,2,475,11,Katie Benzan,2,55,Chloe Bibby,3PTR,3,17.0,24.0,55 Chloe Bibby 3PTR GOOD (6 Pt); 11 Katie Benzan Assist (2 Asst)
2021,12662,2,441,11,Katie Benzan,3,02,Mimi Collins,JUMPER,2,19.0,24.0,02 Mimi Collins JUMPER GOOD (4 Pt); 11 Katie Benzan Assist (3 Asst)
2021,12662,2,303,00,Shyanne Sellers,1,55,Chloe Bibby,3PTR,3,24.0,32.0,55 Chloe Bibby 3PTR GOOD (9 Pt); 00 Shyanne Sellers Assist (1 Asst)
2021,12662,2,265,55,Chloe Bibby,3,11,Katie Benzan,3PTR,3,27.0,35.0,11 Katie Benzan 3PTR GOOD (3 Pt); 55 Chloe Bibby Assist (3 Asst)
2021,12662,3,535,00,Shyanne Sellers,2,10,Angel Reese,LAYUP,2,40.0,39.0,10 Angel Reese LAYUP GOOD (11 Pt); 00 Shyanne Sellers Assist (2 Asst)
2021,12662,3,510,55,Chloe Bibby,4,10,Angel Reese,LAYUP,2,42.0,41.0,10 Angel Reese LAYUP GOOD (13 Pt); 55 Chloe Bibby Assist (4 Asst)
2021,12662,3,474,10,Angel Reese,1,01,Diamond Miller,LAYUP,2,44.0,44.0,01 Diamond Miller LAYUP GOOD (13 Pt); 10 Angel Reese Assist (1 Asst)
2021,12662,3,337,01,Diamond Miller,1,14,Taisiya Kozlova,LAYUP,2,49.0,50.0,14 Taisiya Kozlova LAYUP GOOD (2 Pt); 01 Diamond Miller Assist (1 Asst)
2021,12662,4,582,01,Diamond Miller,2,11,Katie Benzan,3PTR,3,62.0,54.0,11 Katie Benzan 3PTR GOOD (11 Pt); 01 Diamond Miller Assist (2 Asst)
2021,12662,4,386,11,Katie Benzan,4,00,Shyanne Sellers,JUMPER,2,69.0,61.0,00 Shyanne Sellers JUMPER GOOD (4 Pt); 11 Katie Benzan Assist (4 Asst)
2021,12662,4,188,00,Shyanne Sellers,3,01,Diamond Miller,JUMPER,2,75.0,64.0,01 Diamond Miller JUMPER GOOD (18 Pt); 00 Shyanne Sellers Assist (3 Asst)
2021,12663,1,412,00,Shyanne Sellers,1,55,Chloe Bibby,LAYUP,2,4.0,2.0,55 Chloe Bibby LAYUP GOOD (2 Pt); 00 Shyanne Sellers Assist (1 Asst)
2021,12663,1,302,11,Katie Benzan,1,02,Mimi Collins,JUMPER,2,7.0,4.0,02 Mimi Collins JUMPER GOOD (2 Pt); 11 Katie Benzan Assist (1 Asst)
2021,12663,1,280,00,Shyanne Sellers,2,02,Mimi Collins,JUMPER,2,7.0,6.0,02 Mimi Collins JUMPER GOOD (4 Pt); 00 Shyanne Sellers Assist (2 Asst)
2021,12663,1,161,15,Ashley Owusu,1,10,Angel Reese,LAYUP,2,9.0,8.0,10 Angel Reese LAYUP GOOD (2 Pt); 15 Ashley Owusu Assist (1 Asst)
2021,12663,1,98,02,Mimi Collins,1,11,Katie Benzan,3PTR,3,11.0,11.0,11 Katie Benzan 3PTR GOOD (3 Pt); 02 Mimi Collins Assist (1 Asst)
2021,12663,2,368,11,Katie Benzan,2,55,Chloe Bibby,LAYUP,2,16.0,21.0,55 Chloe Bibby LAYUP GOOD (6 Pt); 11 Katie Benzan Assist (2 Asst)
2021,12663,3,550,10,Angel Reese,1,00,Shyanne Sellers,3PTR,3,24.0,27.0,00 Shyanne Sellers 3PTR GOOD (3 Pt); 10 Angel Reese Assist (1 Asst)
2021,12663,3,449,01,Diamond Miller,1,11,Katie Benzan,3PTR,3,24.0,30.0,11 Katie Benzan 3PTR GOOD (6 Pt); 01 Diamond Miller Assist (1 Asst)
2021,12663,3,279,15,Ashley Owusu,2,02,Mimi Collins,JUMPER,2,33.0,34.0,02 Mimi Collins JUMPER GOOD (6 Pt); 15 Ashley Owusu Assist (2 Asst)
2021,12663,4,546,11,Katie Benzan,3,01,Diamond Miller,JUMPER,2,45.0,43.0,01 Diamond Miller JUMPER GOOD (8 Pt); 11 Katie Benzan Assist (3 Asst)
2021,12663,4,65,01,Diamond Miller,2,11,Katie Benzan,3PTR,3,63.0,56.0,11 Katie Benzan 3PTR GOOD (9 Pt); 01 Diamond Miller Assist (2 Asst)
2021,12663,4,51,15,Ashley Owusu,3,55,Chloe Bibby,3PTR,3,64.0,59.0,55 Chloe Bibby 3PTR GOOD (15 Pt); 15 Ashley Owusu Assist (3 Asst)
2021,12664,1,486,00,Shyanne Sellers,1,30,Angel Reese,JUMPER,2,2.0,2.0,30 Angel Reese JUMPER GOOD (2 Pt); 00 Shyanne Sellers Assist (1 Asst)
2021,12664,1,452,11,Katie Benzan,1,00,Shyanne Sellers,LAYUP,2,4.0,2.0,00 Shyanne Sellers LAYUP GOOD (2 Pt); 11 Katie Benzan Assist (1 Asst)
2021,12664,1,235,01,Diamond Miller,1,11,Katie Benzan,3PTR,3,14.0,6.0,11 Katie Benzan 3PTR GOOD (3 Pt); 01 Diamond Miller Assist (1 Asst)
2021,12664,1,26,11,Katie Benzan,2,00,Shyanne Sellers,3PTR,3,19.0,8.0,00 Shyanne Sellers 3PTR GOOD (5 Pt); 11 Katie Benzan Assist (2 Asst)
2021,12664,2,553,01,Diamond Miller,2,00,Shyanne Sellers,3PTR,3,22.0,10.0,00 Shyanne Sellers 3PTR GOOD (8 Pt); 01 Diamond Miller Assist (2 Asst)
2021,12664,2,440,00,Shyanne Sellers,2,30,Angel Reese,JUMPER,2,24.0,17.0,30 Angel Reese JUMPER GOOD (8 Pt); 00 Shyanne Sellers Assist (2 Asst)
2021,12664,2,399,30,Angel Reese,1,11,Katie Benzan,3PTR,3,28.0,19.0,11 Katie Benzan 3PTR GOOD (6 Pt); 30 Angel Reese Assist (1 Asst)
2021,12664,2,356,02,Mimi Collins,1,30,Angel Reese,JUMPER,2,30.0,21.0,30 Angel Reese JUMPER GOOD (11 Pt); 02 Mimi Collins Assist (1 Asst)
2021,12664,2,301,55,Chloe Bibby,1,02,Mimi Collins,JUMPER,2,32.0,21.0,02 Mimi Collins JUMPER GOOD (2 Pt); 55 Chloe Bibby Assist (1 Asst)
2021,12664,2,217,00,Shyanne Sellers,3,55,Chloe Bibby,3PTR,3,35.0,23.0,55 Chloe Bibby 3PTR GOOD (3 Pt); 00 Shyanne Sellers Assist (3 Asst)
2021,12664,2,91,02,Mimi Collins,2,30,Angel Reese,JUMPER,2,37.0,27.0,30 Angel Reese JUMPER GOOD (13 Pt); 02 Mimi Collins Assist (2 Asst)
2021,12664,3,564,30,Angel Reese,2,01,Diamond Miller,JUMPER,2,40.0,32.0,01 Diamond Miller JUMPER GOOD (7 Pt); 30 Angel Reese Assist (2 Asst)
2021,12664,3,495,11,Katie Benzan,3,01,Diamond Miller,3PTR,3,45.0,34.0,01 Diamond Miller 3PTR GOOD (10 Pt); 11 Katie Benzan Assist (3 Asst)
2021,12664,3,443,11,Katie Benzan,4,30,Angel Reese,JUMPER,2,47.0,36.0,30 Angel Reese JUMPER GOOD (18 Pt); 11 Katie Benzan Assist (4 Asst)
2021,12664,3,163,11,Katie Benzan,5,02,Mimi Collins,JUMPER,2,51.0,43.0,02 Mimi Collins JUMPER GOOD (4 Pt); 11 Katie Benzan Assist (5 Asst)
2021,12664,3,101,11,Katie Benzan,6,55,Chloe Bibby,JUMPER,2,53.0,46.0,55 Chloe Bibby JUMPER GOOD (5 Pt); 11 Katie Benzan Assist (6 Asst)
2021,12706,1,590,15,Ashley Owusu,1,10,Angel Reese,LAYUP,2,2.0,0.0,10 Angel Reese LAYUP GOOD (2 Pt); 15 Ashley Owusu Assist (1 Asst)
2021,12706,1,529,55,Chloe Bibby,1,01,Diamond Miller,3PTR,3,7.0,2.0,01 Diamond Miller 3PTR GOOD (3 Pt); 55 Chloe Bibby Assist (1 Asst)
2021,12706,1,314,11,Katie Benzan,1,02,Mimi Collins,LAYUP,2,17.0,8.0,02 Mimi Collins LAYUP GOOD (2 Pt); 11 Katie Benzan Assist (1 Asst)
2021,12706,2,506,15,Ashley Owusu,2,11,Katie Benzan,3PTR,3,30.0,17.0,11 Katie Benzan 3PTR GOOD (3 Pt); 15 Ashley Owusu Assist (2 Asst)
2021,12706,2,425,10,Angel Reese,1,01,Diamond Miller,LAYUP,2,32.0,19.0,01 Diamond Miller LAYUP GOOD (7 Pt); 10 Angel Reese Assist (1 Asst)
2021,12706,2,326,00,Shyanne Sellers,1,01,Diamond Miller,LAYUP,2,36.0,25.0,01 Diamond Miller LAYUP GOOD (9 Pt); 00 Shyanne Sellers Assist (1 Asst)
2021,12706,2,210,00,Shyanne Sellers,2,11,Katie Benzan,3PTR,3,39.0,28.0,11 Katie Benzan 3PTR GOOD (6 Pt); 00 Shyanne Sellers Assist (2 Asst)
2021,12706,2,176,15,Ashley Owusu,3,11,Katie Benzan,3PTR,3,42.0,30.0,11 Katie Benzan 3PTR GOOD (9 Pt); 15 Ashley Owusu Assist (3 Asst)
2021,12706,2,86,55,Chloe Bibby,2,11,Katie Benzan,3PTR,3,45.0,32.0,11 Katie Benzan 3PTR GOOD (12 Pt); 55 Chloe Bibby Assist (2 Asst)
2021,12706,3,589,15,Ashley Owusu,4,11,Katie Benzan,3PTR,3,52.0,39.0,11 Katie Benzan 3PTR GOOD (15 Pt); 15 Ashley Owusu Assist (4 Asst)
2021,12706,3,490,11,Katie Benzan,2,55,Chloe Bibby,3PTR,3,55.0,39.0,55 Chloe Bibby 3PTR GOOD (3 Pt); 11 Katie Benzan Assist (2 Asst)
2021,12706,3,341,01,Diamond Miller,1,55,Chloe Bibby,3PTR,3,63.0,46.0,55 Chloe Bibby 3PTR GOOD (6 Pt); 01 Diamond Miller Assist (1 Asst)
2021,12706,3,239,15,Ashley Owusu,5,55,Chloe Bibby,LAYUP,2,67.0,46.0,55 Chloe Bibby LAYUP GOOD (8 Pt); 15 Ashley Owusu Assist (5 Asst)
2021,12706,3,180,00,Shyanne Sellers,3,01,Diamond Miller,3PTR,3,72.0,49.0,01 Diamond Miller 3PTR GOOD (12 Pt); 00 Shyanne Sellers Assist (3 Asst)
2021,12706,3,146,00,Shyanne Sellers,4,15,Ashley Owusu,LAYUP,2,74.0,52.0,15 Ashley Owusu LAYUP GOOD (12 Pt); 00 Shyanne Sellers Assist (4 Asst)
2021,12706,3,38,01,Diamond Miller,2,15,Ashley Owusu,LAYUP,2,80.0,54.0,15 Ashley Owusu LAYUP GOOD (16 Pt); 01 Diamond Miller Assist (2 Asst)
2021,12706,4,536,15,Ashley Owusu,6,55,Chloe Bibby,3PTR,3,87.0,56.0,55 Chloe Bibby 3PTR GOOD (11 Pt); 15 Ashley Owusu Assist (6 Asst)
2021,12706,4,327,01,Diamond Miller,3,15,Ashley Owusu,LAYUP,2,92.0,62.0,15 Ashley Owusu LAYUP GOOD (18 Pt); 01 Diamond Miller Assist (3 Asst)
2021,12706,4,39,14,Taisiya Kozlova,1,21,Emma Chardon,LAYUP,2,102.0,71.0,21 Emma Chardon LAYUP GOOD (2 Pt); 14 Taisiya Kozlova Assist (1 Asst)
2021,12707,1,443,55,Chloe Bibby,1,02,Mimi Collins,LAYUP,2,3.0,2.0,02 Mimi Collins LAYUP GOOD (2 Pt); 55 Chloe Bibby Assist (1 Asst)
2021,12707,2,476,00,Shyanne Sellers,1,10,Angel Reese,JUMPER,2,24.0,16.0,10 Angel Reese JUMPER GOOD (6 Pt); 00 Shyanne Sellers Assist (1 Asst)
2021,12707,4,591,11,Katie Benzan,1,55,Chloe Bibby,3PTR,3,59.0,39.0,55 Chloe Bibby 3PTR GOOD (8 Pt); 11 Katie Benzan Assist (1 Asst)
2021,12707,4,554,15,Ashley Owusu,1,55,Chloe Bibby,LAYUP,2,59.0,41.0,55 Chloe Bibby LAYUP GOOD (10 Pt); 15 Ashley Owusu Assist (1 Asst)
2021,12707,4,532,00,Shyanne Sellers,2,15,Ashley Owusu,LAYUP,2,59.0,43.0,15 Ashley Owusu LAYUP GOOD (4 Pt); 00 Shyanne Sellers Assist (2 Asst)
2021,12707,4,295,55,Chloe Bibby,2,10,Angel Reese,LAYUP,2,64.0,50.0,10 Angel Reese LAYUP GOOD (17 Pt); 55 Chloe Bibby Assist (2 Asst)
2021,12707,4,101,10,Angel Reese,1,02,Mimi Collins,JUMPER,2,68.0,59.0,02 Mimi Collins JUMPER GOOD (6 Pt); 10 Angel Reese Assist (1 Asst)
2021,12707,4,20,11,Katie Benzan,2,10,Angel Reese,LAYUP,2,70.0,61.0,10 Angel Reese LAYUP GOOD (22 Pt); 11 Katie Benzan Assist (2 Asst)
2021,12966,1,424,15,Ashley Owusu,1,55,Chloe Bibby,LAYUP,2,4.0,4.0,55 Chloe Bibby LAYUP GOOD (2 Pt); 15 Ashley Owusu Assist (1 Asst)
2021,12966,1,2,11,Katie Benzan,1,00,Shyanne Sellers,JUMPER,2,13.0,18.0,00 Shyanne Sellers JUMPER GOOD (2 Pt); 11 Katie Benzan Assist (1 Asst)
2021,12966,2,385,11,Katie Benzan,2,15,Ashley Owusu,JUMPER,2,15.0,22.0,15 Ashley Owusu JUMPER GOOD (5 Pt); 11 Katie Benzan Assist (2 Asst)
2021,12966,2,306,11,Katie Benzan,3,10,Angel Reese,JUMPER,2,19.0,26.0,10 Angel Reese JUMPER GOOD (6 Pt); 11 Katie Benzan Assist (3 Asst)
2021,12966,2,200,11,Katie Benzan,4,00,Shyanne Sellers,JUMPER,2,23.0,28.0,00 Shyanne Sellers JUMPER GOOD (4 Pt); 11 Katie Benzan Assist (4 Asst)
2021,12966,3,388,10,Angel Reese,1,15,Ashley Owusu,LAYUP,2,29.0,37.0,15 Ashley Owusu LAYUP GOOD (9 Pt); 10 Angel Reese Assist (1 Asst)
2021,12966,3,243,11,Katie Benzan,5,02,Mimi Collins,JUMPER,2,35.0,39.0,02 Mimi Collins JUMPER GOOD (4 Pt); 11 Katie Benzan Assist (5 Asst)
2021,12966,3,121,10,Angel Reese,2,15,Ashley Owusu,JUMPER,2,39.0,41.0,15 Ashley Owusu JUMPER GOOD (15 Pt); 10 Angel Reese Assist (2 Asst)
2021,12966,4,386,10,Angel Reese,3,15,Ashley Owusu,JUMPER,2,47.0,52.0,15 Ashley Owusu JUMPER GOOD (19 Pt); 10 Angel Reese Assist (3 Asst)
2021,12970,1,563,01,Diamond Miller,1,15,Ashley Owusu,3PTR,3,3.0,0.0,15 Ashley Owusu 3PTR GOOD (3 Pt); 01 Diamond Miller Assist (1 Asst)
2021,12970,1,503,11,Katie Benzan,1,10,Angel Reese,LAYUP,2,7.0,3.0,10 Angel Reese LAYUP GOOD (4 Pt); 11 Katie Benzan Assist (1 Asst)
2021,12970,1,391,15,Ashley Owusu,1,01,Diamond Miller,3PTR,3,12.0,5.0,01 Diamond Miller 3PTR GOOD (3 Pt); 15 Ashley Owusu Assist (1 Asst)
2021,12970,2,489,01,Diamond Miller,2,10,Angel Reese,LAYUP,2,26.0,26.0,10 Angel Reese LAYUP GOOD (9 Pt); 01 Diamond Miller Assist (2 Asst)
2021,12970,2,451,10,Angel Reese,1,01,Diamond Miller,3PTR,3,29.0,26.0,01 Diamond Miller 3PTR GOOD (8 Pt); 10 Angel Reese Assist (1 Asst)
2021,12970,2,20,01,Diamond Miller,3,55,Chloe Bibby,3PTR,3,47.0,39.0,55 Chloe Bibby 3PTR GOOD (3 Pt); 01 Diamond Miller Assist (3 Asst)
2021,12970,3,291,00,Shyanne Sellers,1,01,Diamond Miller,LAYUP,2,60.0,42.0,01 Diamond Miller LAYUP GOOD (20 Pt); 00 Shyanne Sellers Assist (1 Asst)
2021,12970,3,230,00,Shyanne Sellers,2,10,Angel Reese,LAYUP,2,64.0,44.0,10 Angel Reese LAYUP GOOD (18 Pt); 00 Shyanne Sellers Assist (2 Asst)
2021,12970,4,420,10,Angel Reese,2,15,Ashley Owusu,3PTR,3,78.0,52.0,15 Ashley Owusu 3PTR GOOD (20 Pt); 10 Angel Reese Assist (2 Asst)
2021,12970,4,357,11,Katie Benzan,2,55,Chloe Bibby,LAYUP,2,80.0,57.0,55 Chloe Bibby LAYUP GOOD (5 Pt); 11 Katie Benzan Assist (2 Asst)
2021,12970,4,322,11,Katie Benzan,3,01,Diamond Miller,JUMPER,2,82.0,59.0,01 Diamond Miller JUMPER GOOD (24 Pt); 11 Katie Benzan Assist (3 Asst)
2021,12970,4,288,11,Katie Benzan,4,02,Mimi Collins,JUMPER,2,84.0,59.0,02 Mimi Collins JUMPER GOOD (4 Pt); 11 Katie Benzan Assist (4 Asst)
