"source_id","file_id","period","time_remaining","seconds_elapsed","team","player_name","player_number","foul_type","player_foul_count","team_fouls_in_period","bonus_active","margin_at_foul"
"2014-15","9555",1,1090,110,"Maryland","S. Walker-Kimbrough",32,"personal",1,1,0,5
"2014-15","9555",1,862,338,"Mount St. Mary's","S. ARTHUR-WILLIAMS",44,"personal",1,1,0,-11
"2014-15","9555",1,816,384,"Maryland","Kiara Leslie",2,"personal",1,2,0,11
"2014-15","9555",1,703,497,"Mount St. Mary's","S. ARTHUR-WILLIAMS",44,"personal",2,2,0,-16
"2014-15","9555",1,635,565,"Mount St. Mary's","Kaitlyn EISENHARD",45,"personal",1,3,0,-15
"2014-15","9555",1,601,599,"Mount St. Mary's","K. BELANGER-FINN",3,"personal",1,4,0,-17
"2014-15","9555",1,574,626,"Mount St. Mary's","Jessica HARRIS",25,"personal",1,5,0,-19
"2014-15","9555",1,563,637,"Maryland","Brionna Jones",42,"personal",1,3,0,20
"2014-15","9555",1,524,676,"Mount St. Mary's","Jody CHICKEY",21,"personal",1,6,0,-20
"2014-15","9555",1,504,696,"Maryland","S. Walker-Kimbrough",32,"personal",2,4,0,21
"2014-15","9555",1,502,698,"Maryland","Tierney Pfirman",22,"personal",1,5,0,21
"2014-15","9555",1,450,750,"Maryland","Brene Moseley",3,"personal",1,6,0,20
"2014-15","9555",1,439,761,"Mount St. Mary's","Kaitlyn EISENHARD",45,"personal",2,7,1,-20
"2014-15","9555",1,429,771,"Mount St. Mary's","Jessica HARRIS",25,"personal",2,8,1,-20
"2014-15","9555",1,416,784,"Maryland","Lexie Brown",4,"personal",1,7,1,20
"2014-15","9555",1,340,860,"Mount St. Mary's","Jenn CARNEY",42,"personal",1,9,1,-22
"2014-15","9555",1,296,904,"Maryland","Chloe Pavlech",15,"personal",1,8,1,26
"2014-15","9555",1,263,937,"Mount St. Mary's","Katrice DICKSON",11,"personal",1,10,1,-26
"2014-15","9555",1,2,1198,"Maryland","Laurin Mincy",1,"personal",1,9,1,33
"2014-15","9555",2,1158,1242,"Maryland","Laurin Mincy",1,"personal",2,1,0,32
"2014-15","9555",2,1115,1285,"Mount St. Mary's","Jenn CARNEY",42,"personal",2,1,0,-30
"2014-15","9555",2,1046,1354,"Mount St. Mary's","Kaitlyn EISENHARD",45,"personal",3,2,0,-32
"2014-15","9555",2,999,1401,"Maryland","Brionna Jones",42,"personal",2,2,0,38
"2014-15","9555",2,960,1440,"Maryland","Brionna Jones",42,"personal",3,3,0,38
"2014-15","9555",2,951,1449,"Mount St. Mary's","Jenn CARNEY",42,"personal",3,3,0,-38
"2014-15","9555",2,870,1530,"Mount St. Mary's","K. BELANGER-FINN",3,"personal",2,4,0,-42
"2014-15","9555",2,818,1582,"Mount St. Mary's","K. BELANGER-FINN",3,"personal",3,5,0,-46
"2014-15","9555",2,787,1613,"Mount St. Mary's","Jacqueline BREWER",24,"personal",1,6,0,-45
"2014-15","9555",2,658,1742,"Maryland","Chloe Pavlech",15,"personal",2,4,0,49
"2014-15","9555",2,586,1814,"Maryland","Aja Ellison",0,"personal",1,5,0,50
"2014-15","9555",2,552,1848,"Maryland","Brene Moseley",3,"personal",2,6,0,51
"2014-15","9555",2,521,1879,"Mount St. Mary's","Jody CHICKEY",21,"personal",2,7,1,-49
"2014-15","9555",2,309,2091,"Mount St. Mary's","Kaitlyn EISENHARD",45,"personal",4,8,1,-51
"2014-15","9555",2,260,2140,"Mount St. Mary's","Caroline HUMMELL",32,"personal",1,9,1,-53
"2014-15","9555",2,251,2149,"Maryland","Brionna Jones",42,"personal",4,7,1,53
"2014-15","9555",2,194,2206,"Maryland","Tierney Pfirman",22,"personal",2,8,1,52
"2014-15","9555",2,178,2222,"Maryland","Chloe Pavlech",15,"personal",3,9,1,52
"2014-15","9555",2,73,2327,"Maryland","Aja Ellison",0,"personal",2,10,1,59
"2014-15","9555",2,33,2367,"Mount St. Mary's","Caroline HUMMELL",32,"personal",2,10,1,-63
"2014-15","9556",1,1154,46,"Wagner","Lyndsay ROWE",14,"personal",1,1,0,0
"2014-15","9556",1,1017,183,"Maryland","Lexie Brown",4,"personal",1,1,0,9
"2014-15","9556",1,970,230,"Wagner","Jasmine NWAJEI",1,"personal",1,2,0,-7
"2014-15","9556",1,919,281,"Wagner","Jackie DLUHI",20,"personal",1,3,0,-11
"2014-15","9556",1,845,355,"Maryland","Tierney Pfirman",22,"personal",1,2,0,13
"2014-15","9556",1,753,447,"Maryland","Kristen Confroy",12,"personal",1,3,0,17
"2014-15","9556",1,698,502,"Wagner","Samantha SULLIVAN",21,"personal",1,4,0,-16
"2014-15","9556",1,668,532,"Wagner","Ugo NWAIGWE",33,"personal",1,5,0,-18
"2014-15","9556",1,550,650,"Wagner","Ugo NWAIGWE",33,"personal",2,6,0,-16
"2014-15","9556",1,537,663,"Wagner","Jasmine NWAJEI",1,"personal",2,7,1,-18
"2014-15","9556",1,510,690,"Wagner","Jasmine NWAJEI",1,"personal",3,8,1,-18
"2014-15","9556",1,426,774,"Wagner","M. CONYERS-JORDAN",25,"personal",1,9,1,-25
"2014-15","9556",1,411,789,"Wagner","Sofia ROMA",13,"personal",1,10,1,-25
"2014-15","9556",1,387,813,"Maryland","Malina Howard",5,"personal",1,4,0,26
"2014-15","9556",1,307,893,"Maryland","Aja Ellison",0,"personal",1,5,0,30
"2014-15","9556",1,191,1009,"Wagner","Tessa WADE",5,"personal",1,11,1,-34
"2014-15","9556",1,59,1141,"Wagner","Sofia ROMA",13,"personal",2,12,1,-40
"2014-15","9556",2,898,1502,"Maryland","Malina Howard",5,"personal",2,1,0,55
"2014-15","9556",2,802,1598,"Maryland","Aja Ellison",0,"personal",2,2,0,56
"2014-15","9556",2,614,1786,"Maryland","Aja Ellison",0,"personal",3,3,0,57
"2014-15","9556",2,562,1838,"Maryland","Aja Ellison",0,"personal",4,4,0,59
"2014-15","9556",2,557,1843,"Maryland","Kiara Leslie",2,"personal",1,5,0,59
"2014-15","9556",2,233,2167,"Maryland","Chloe Pavlech",15,"personal",1,6,0,69
"2014-15","9556",2,221,2179,"Wagner","Sofia ROMA",13,"personal",3,1,0,-69
"2014-15","9556",2,210,2190,"Wagner","Sofia ROMA",13,"personal",4,2,0,-71
"2014-15","9557",1,1159,41,"South Florida","Katelyn WEBER",45,"personal",1,1,0,0
"2014-15","9557",1,1088,112,"South Florida","Alisia JENKINS",24,"personal",1,2,0,-5
"2014-15","9557",1,1041,159,"Maryland","Brionna Jones",42,"personal",1,1,0,7
"2014-15","9557",1,1015,185,"Maryland","Lexie Brown",4,"personal",1,2,0,9
"2014-15","9557",1,966,234,"South Florida","Katelyn WEBER",45,"personal",2,3,0,-9
"2014-15","9557",1,907,293,"Maryland","Laurin Mincy",1,"personal",1,3,0,10
"2014-15","9557",1,815,385,"South Florida","Alisia JENKINS",24,"personal",2,4,0,-10
"2014-15","9557",1,777,423,"Maryland","A'Lexus Harrison",33,"personal",1,4,0,13
"2014-15","9557",1,724,476,"South Florida","Maria JESPERSEN",32,"personal",1,5,0,-11
"2014-15","9557",1,718,482,"Maryland","Tierney Pfirman",22,"personal",1,5,0,10
"2014-15","9557",1,599,601,"Maryland","A'Lexus Harrison",33,"personal",2,6,0,6
"2014-15","9557",1,544,656,"South Florida","Alisia JENKINS",24,"personal",3,6,0,-8
"2014-15","9557",1,468,732,"South Florida","Shaleth STRINGFIELD",23,"personal",1,7,1,-6
"2014-15","9557",1,415,785,"Maryland","Kiara Leslie",2,"personal",1,7,1,7
"2014-15","9557",1,342,858,"South Florida","Maria JESPERSEN",32,"personal",2,8,1,-6
"2014-15","9557",1,328,872,"Maryland","Lexie Brown",4,"personal",2,8,1,8
"2014-15","9557",1,192,1008,"Maryland","Brionna Jones",42,"personal",2,9,1,13
"2014-15","9557",1,147,1053,"South Florida","Shaleth STRINGFIELD",23,"personal",2,9,1,-15
"2014-15","9557",1,117,1083,"Maryland","Kiara Leslie",2,"personal",2,10,1,15
"2014-15","9557",1,87,1113,"South Florida","Courtney WILLIAMS",10,"personal",1,10,1,-13
"2014-15","9557",1,73,1127,"Maryland","Kristen Confroy",12,"personal",1,11,1,14
"2014-15","9557",1,52,1148,"South Florida","Ariadna PUJOL",11,"personal",1,11,1,-13
"2014-15","9557",1,5,1195,"South Florida","Paige CASHIN",14,"personal",1,12,1,-15
"2014-15","9557",2,1157,1243,"South Florida","Laura MARCOS CANEDO",13,"personal",1,1,0,-19
"2014-15","9557",2,1096,1304,"South Florida","Alisia JENKINS",24,"personal",4,2,0,-23
"2014-15","9557",2,996,1404,"Maryland","S. Walker-Kimbrough",32,"personal",1,1,0,22
"2014-15","9557",2,976,1424,"Maryland","Malina Howard",5,"personal",1,2,0,20
"2014-15","9557",2,960,1440,"Maryland","Brionna Jones",42,"personal",3,3,0,20
"2014-15","9557",2,932,1468,"South Florida","Maria JESPERSEN",32,"personal",3,3,0,-20
"2014-15","9557",2,800,1600,"Maryland","A'Lexus Harrison",33,"personal",3,4,0,20
"2014-15","9557",2,725,1675,"Maryland","Malina Howard",5,"personal",2,5,0,16
"2014-15","9557",2,599,1801,"Maryland","S. Walker-Kimbrough",32,"personal",2,6,0,14
"2014-15","9557",2,582,1818,"Maryland","Malina Howard",5,"personal",3,7,1,14
"2014-15","9557",2,560,1840,"South Florida","Ariadna PUJOL",11,"personal",2,4,0,-12
"2014-15","9557",2,456,1944,"South Florida","Courtney WILLIAMS",10,"personal",2,5,0,-19
"2014-15","9557",2,402,1998,"Maryland","Laurin Mincy",1,"personal",2,8,1,22
"2014-15","9557",2,360,2040,"South Florida","Maria JESPERSEN",32,"personal",4,6,0,-20
"2014-15","9557",2,205,2195,"South Florida","Laura MARCOS CANEDO",13,"personal",2,7,1,-17
"2014-15","9557",2,204,2196,"Maryland","Brionna Jones",42,"personal",4,9,1,17
"2014-15","9557",2,183,2217,"Maryland","Malina Howard",5,"personal",4,10,1,17
"2014-15","9557",2,167,2233,"Maryland","Lexie Brown",4,"personal",3,11,1,17
"2014-15","9557",2,103,2297,"South Florida","Shavontae NAYLOR",15,"personal",1,8,1,-16
"2014-15","9557",2,32,2368,"South Florida","Shaleth STRINGFIELD",23,"personal",3,9,1,-16
"2014-15","9558",1,1146,54,"Maryland","Lexie Brown",4,"personal",1,1,0,-2
"2014-15","9558",1,1099,101,"George Washington","Caira Washington",3,"personal",1,1,0,0
"2014-15","9558",1,951,249,"Maryland","Malina Howard",5,"personal",1,2,0,-2
"2014-15","9558",1,865,335,"George Washington","Hannah Schaible",20,"personal",1,2,0,-2
"2014-15","9558",1,839,361,"Maryland","Brene Moseley",3,"personal",1,3,0,0
"2014-15","9558",1,771,429,"George Washington","Chakecia Miller",1,"personal",1,3,0,-2
"2014-15","9558",1,686,514,"Maryland","Kiara Leslie",2,"personal",1,4,0,0
"2014-15","9558",1,647,553,"Maryland","Brionna Jones",42,"personal",1,5,0,0
"2014-15","9558",1,201,999,"George Washington","Chakecia Miller",1,"personal",2,4,0,0
"2014-15","9558",1,107,1093,"George Washington","Jonquel Jones",35,"personal",1,5,0,0
"2014-15","9558",1,96,1104,"George Washington","Caira Washington",3,"personal",2,6,0,0
"2014-15","9558",1,62,1138,"George Washington","Lauren Chase",4,"personal",1,7,1,0
"2014-15","9558",1,30,1170,"Maryland","A'Lexus Harrison",33,"personal",1,6,0,-1
"2014-15","9558",2,1192,1208,"Maryland","Brionna Jones",42,"personal",2,1,0,-1
"2014-15","9558",2,999,1401,"George Washington","Lauren Chase",4,"personal",2,1,0,-3
"2014-15","9558",2,917,1483,"George Washington","Caira Washington",3,"personal",3,2,0,-5
"2014-15","9558",2,866,1534,"George Washington","Jonquel Jones",35,"personal",2,3,0,-5
"2014-15","9558",2,793,1607,"George Washington","Hannah Schaible",20,"personal",2,4,0,-8
"2014-15","9558",2,759,1641,"George Washington","Chakecia Miller",1,"personal",3,5,0,-6
"2014-15","9558",2,758,1642,"Maryland","Malina Howard",5,"personal",2,2,0,7
"2014-15","9558",2,647,1753,"Maryland","Laurin Mincy",1,"personal",1,3,0,7
"2014-15","9558",2,609,1791,"Maryland","Lexie Brown",4,"personal",2,4,0,9
"2014-15","9558",2,532,1868,"George Washington","Hannah Schaible",20,"personal",3,6,0,-9
"2014-15","9558",2,454,1946,"Maryland","Lexie Brown",4,"personal",3,5,0,13
"2014-15","9558",2,306,2094,"George Washington","Shannon Cranshaw",13,"personal",1,7,1,-13
"2014-15","9558",2,254,2146,"Maryland","Brionna Jones",42,"personal",3,6,0,12
"2014-15","9558",2,249,2151,"George Washington","Jonquel Jones",35,"personal",3,8,1,-12
"2014-15","9558",2,125,2275,"George Washington","Brianna Cummings",34,"personal",1,9,1,-12
"2014-15","9558",2,117,2283,"George Washington","Lauren Chase",4,"personal",3,10,1,-12
"2014-15","9558",2,105,2295,"George Washington","Caira Washington",3,"personal",4,11,1,-11
"2014-15","9558",2,90,2310,"Maryland","Brionna Jones",42,"personal",4,7,1,13
"2014-15","9558",2,85,2315,"George Washington","Brianna Cummings",34,"personal",2,12,1,-11
"2014-15","9558",2,78,2322,"Maryland","Brionna Jones",42,"personal",5,8,1,13
"2014-15","9558",2,70,2330,"George Washington","Alexis Chandler",24,"personal",1,13,1,-11
"2014-15","9558",2,59,2341,"George Washington","Lauren Chase",4,"personal",4,14,1,-12
"2014-15","9558",2,49,2351,"Maryland","Laurin Mincy",1,"personal",2,9,1,14
"2014-15","9558",2,14,2386,"George Washington","Chakecia Miller",1,"personal",4,15,1,-12
"2014-15","9559",1,1165,35,"Maryland","Malina Howard",5,"personal",1,1,0,0
"2014-15","9559",1,1081,119,"Loyola","Jeneh Perry",42,"personal",1,1,0,-2
"2014-15","9559",1,1006,194,"Loyola","Jeneh Perry",42,"personal",2,2,0,-7
"2014-15","9559",1,829,371,"Maryland","Lexie Brown",4,"personal",1,2,0,8
"2014-15","9559",1,511,689,"Loyola","Lisa Mirarchi",23,"personal",1,3,0,-5
"2014-15","9559",1,204,996,"Maryland","Kristen Confroy",12,"personal",1,3,0,7
"2014-15","9559",2,1195,1205,"Loyola","Lisa Mirarchi",23,"personal",2,1,0,-12
"2014-15","9559",2,1181,1219,"Loyola","Steph Smith",32,"personal",1,2,0,-12
"2014-15","9559",2,1087,1313,"Loyola","Lisa Mirarchi",23,"personal",3,3,0,-13
"2014-15","9559",2,1060,1340,"Loyola","Jeneh Perry",42,"personal",3,4,0,-16
"2014-15","9559",2,1020,1380,"Maryland","Brionna Jones",42,"personal",1,1,0,16
"2014-15","9559",2,862,1538,"Loyola","Colleen Marshall",5,"personal",1,5,0,-18
"2014-15","9559",2,860,1540,"Loyola","Steph Smith",32,"personal",2,6,0,-18
"2014-15","9559",2,837,1563,"Loyola","Jeneh Perry",42,"personal",4,7,1,-20
"2014-15","9559",2,777,1623,"Maryland","A'Lexus Harrison",33,"personal",1,2,0,20
"2014-15","9559",2,695,1705,"Maryland","A'Lexus Harrison",33,"personal",2,3,0,22
"2014-15","9559",2,673,1727,"Loyola","Colleen Marshall",5,"personal",2,8,1,-22
"2014-15","9559",2,483,1917,"Maryland","Brene Moseley",3,"personal",1,4,0,24
"2014-15","9559",2,403,1997,"Loyola","Bri Betz-White",11,"personal",1,9,1,-24
"2014-15","9559",2,383,2017,"Maryland","Kiara Leslie",2,"personal",1,5,0,24
"2014-15","9559",2,348,2052,"Maryland","Aja Ellison",0,"personal",1,6,0,24
"2014-15","9559",2,309,2091,"Maryland","Kiara Leslie",2,"personal",2,7,1,26
"2014-15","9559",2,280,2120,"Maryland","Aja Ellison",0,"personal",2,8,1,24
"2014-15","9559",2,158,2242,"Loyola","Lauren Daugherty",21,"personal",1,10,1,-21
"2014-15","9560",1,1175,25,"James Madison","TOIA GIGGETTS",3,"personal",1,1,0,0
"2014-15","9560",1,918,282,"Maryland","S. Walker-Kimbrough",32,"personal",1,1,0,5
"2014-15","9560",1,910,290,"James Madison","LAUREN OKAFOR",33,"personal",1,2,0,-3
"2014-15","9560",1,889,311,"James Madison","ANGELA MICKENS",32,"personal",1,3,0,-3
"2014-15","9560",1,811,389,"Maryland","Brene Moseley",3,"personal",1,2,0,1
"2014-15","9560",1,553,647,"James Madison","PRECIOUS HALL",12,"personal",1,4,0,-10
"2014-15","9560",1,545,655,"Maryland","Brionna Jones",42,"personal",1,3,0,12
"2014-15","9560",1,531,669,"James Madison","ANGELA MICKENS",32,"personal",2,5,0,-11
"2014-15","9560",1,365,835,"Maryland","Malina Howard",5,"personal",1,4,0,16
"2014-15","9560",1,346,854,"James Madison","JAZMON GWATHMEY",24,"personal",1,6,0,-14
"2014-15","9560",1,280,920,"James Madison","LAUREN OKAFOR",33,"personal",2,7,1,-12
"2014-15","9560",1,235,965,"James Madison","HAILEE BARRON",14,"personal",1,8,1,-11
"2014-15","9560",1,152,1048,"James Madison","CARLEY BREW",42,"personal",1,9,1,-11
"2014-15","9560",2,928,1472,"Maryland","S. Walker-Kimbrough",32,"personal",2,1,0,12
"2014-15","9560",2,869,1531,"James Madison","JAZMON GWATHMEY",24,"personal",2,1,0,-9
"2014-15","9560",2,869,1531,"Maryland","A'Lexus Harrison",33,"personal",1,2,0,11
"2014-15","9560",2,848,1552,"James Madison","JAZMON GWATHMEY",24,"personal",3,2,0,-9
"2014-15","9560",2,653,1747,"Maryland","Lexie Brown",4,"personal",1,3,0,13
"2014-15","9560",2,590,1810,"James Madison","JAZMON GWATHMEY",24,"personal",4,3,0,-11
"2014-15","9560",2,552,1848,"James Madison","HAILEE BARRON",14,"personal",2,4,0,-13
"2014-15","9560",2,535,1865,"Maryland","A'Lexus Harrison",33,"personal",2,4,0,14
"2014-15","9560",2,499,1901,"Maryland","Lexie Brown",4,"personal",2,5,0,12
"2014-15","9560",2,453,1947,"James Madison","PRECIOUS HALL",12,"personal",2,5,0,-14
"2014-15","9560",2,417,1983,"Maryland","Malina Howard",5,"personal",2,6,0,13
"2014-15","9560",2,246,2154,"James Madison","ANGELA MICKENS",32,"personal",3,6,0,-12
"2014-15","9560",2,242,2158,"Maryland","Laurin Mincy",1,"personal",1,7,1,12
"2014-15","9560",2,123,2277,"James Madison","JAZMON GWATHMEY",24,"personal",5,7,1,-14
"2014-15","9560",2,97,2303,"James Madison","TOIA GIGGETTS",3,"personal",2,8,1,-14
"2014-15","9560",2,74,2326,"James Madison","ANGELA MICKENS",32,"personal",4,9,1,-12
"2014-15","9560",2,62,2338,"James Madison","HAILEE BARRON",14,"personal",3,10,1,-11
"2014-15","9560",2,43,2357,"James Madison","PRECIOUS HALL",12,"personal",3,11,1,-13
"2014-15","9560",2,4,2396,"James Madison","TOIA GIGGETTS",3,"personal",3,12,1,-15
"2014-15","9561",1,1107,93,"Maryland","S. Walker-Kimbrough",32,"personal",1,1,0,0
"2014-15","9561",1,1015,185,"Maryland","Malina Howard",5,"personal",1,2,0,4
"2014-15","9561",1,932,268,"Maryland","Brionna Jones",42,"personal",1,3,0,4
"2014-15","9561",1,900,300,"Washington State","BIANCA BLANARUC",24,"personal",1,1,0,-4
"2014-15","9561",1,882,318,"Maryland","A'Lexus Harrison",33,"personal",1,4,0,4
"2014-15","9561",1,810,390,"Maryland","Tierney Pfirman",22,"personal",1,5,0,6
"2014-15","9561",1,731,469,"Maryland","Malina Howard",5,"personal",2,6,0,8
"2014-15","9561",1,649,551,"Washington State","MARIAH COOKS",34,"personal",1,2,0,-6
"2014-15","9561",1,622,578,"Washington State","TAYLOR EDMONDSON",12,"personal",1,3,0,-6
"2014-15","9561",1,609,591,"Washington State","LIA GALDEIRA",3,"personal",1,4,0,-6
"2014-15","9561",1,583,617,"Washington State","TIA PRESLEY",5,"personal",1,5,0,-6
"2014-15","9561",1,569,631,"Washington State","TIA PRESLEY",5,"personal",2,6,0,-4
"2014-15","9561",1,543,657,"Maryland","S. Walker-Kimbrough",32,"personal",2,7,1,4
"2014-15","9561",1,519,681,"Washington State","MARIAH COOKS",34,"personal",2,7,1,-4
"2014-15","9561",1,517,683,"Maryland","Kiara Leslie",2,"personal",1,8,1,4
"2014-15","9561",1,468,732,"Maryland","A'Lexus Harrison",33,"personal",2,9,1,1
"2014-15","9561",1,411,789,"Washington State","BIANCA BLANARUC",24,"personal",2,8,1,1
"2014-15","9561",1,395,805,"Maryland","Brene Moseley",3,"personal",1,10,1,1
"2014-15","9561",1,260,940,"Maryland","Kiara Leslie",2,"personal",2,11,1,-2
"2014-15","9561",1,242,958,"Washington State","TAYLOR EDMONDSON",12,"personal",2,9,1,4
"2014-15","9561",1,97,1103,"Washington State","LOUISE BROWN",42,"personal",1,10,1,3
"2014-15","9561",1,1,1199,"Maryland","Brionna Jones",42,"personal",2,12,1,-3
"2014-15","9561",2,1032,1368,"Washington State","TIA PRESLEY",5,"personal",3,1,0,6
"2014-15","9561",2,1032,1368,"Washington State","DAWNYELLE AWA",11,"personal",1,2,0,6
"2014-15","9561",2,968,1432,"Washington State","SHALIE DHEENSAW",23,"personal",1,3,0,6
"2014-15","9561",2,863,1537,"Washington State","SHALIE DHEENSAW",23,"personal",2,4,0,10
"2014-15","9561",2,718,1682,"Washington State","PINELOPI PAVLOPOULOU",22,"personal",1,5,0,10
"2014-15","9561",2,706,1694,"Washington State","MARIAH COOKS",34,"personal",3,6,0,10
"2014-15","9561",2,640,1760,"Maryland","Laurin Mincy",1,"personal",1,1,0,-10
"2014-15","9561",2,611,1789,"Washington State","TIA PRESLEY",5,"personal",4,7,1,10
"2014-15","9561",2,473,1927,"Maryland","A'Lexus Harrison",33,"personal",3,2,0,-8
"2014-15","9561",2,457,1943,"Maryland","Brionna Jones",42,"personal",3,3,0,-8
"2014-15","9561",2,374,2026,"Washington State","DAWNYELLE AWA",11,"personal",2,8,1,8
"2014-15","9561",2,364,2036,"Washington State","LIA GALDEIRA",3,"personal",2,9,1,7
"2014-15","9561",2,311,2089,"Maryland","Chloe Pavlech",15,"personal",1,4,0,-9
"2014-15","9561",2,280,2120,"Washington State","LIA GALDEIRA",3,"personal",3,10,1,9
"2014-15","9561",2,259,2141,"Maryland","Brene Moseley",3,"personal",2,5,0,-7
"2014-15","9561",2,211,2189,"Maryland","Chloe Pavlech",15,"personal",2,6,0,-7
"2014-15","9561",2,194,2206,"Maryland","Laurin Mincy",1,"personal",2,7,1,-7
"2014-15","9561",2,158,2242,"Maryland","Brionna Jones",42,"personal",4,8,1,-6
"2014-15","9561",2,107,2293,"Maryland","A'Lexus Harrison",33,"personal",4,9,1,-4
"2014-15","9561",2,107,2293,"Maryland","Laurin Mincy",1,"personal",3,10,1,-6
"2014-15","9561",2,82,2318,"Maryland","Brene Moseley",3,"personal",3,11,1,-7
"2014-15","9561",2,55,2345,"Maryland","Brene Moseley",3,"personal",4,12,1,-6
"2014-15","9561",2,49,2351,"Washington State","LOUISE BROWN",42,"personal",2,11,1,6
"2014-15","9561",2,45,2355,"Maryland","Chloe Pavlech",15,"personal",3,13,1,-5
"2014-15","9561",2,35,2365,"Washington State","SHALIE DHEENSAW",23,"personal",3,12,1,6
"2014-15","9561",2,5,2395,"Maryland","Laurin Mincy",1,"personal",4,14,1,-5
"2014-15","9562",1,1123,77,"Notre Dame","Taya Reimer",12,"personal",1,1,0,2
"2014-15","9562",1,1092,108,"Maryland","Brionna Jones",42,"personal",1,1,0,0
"2014-15","9562",1,964,236,"Notre Dame","Jewell Loyd",32,"personal",1,2,0,5
"2014-15","9562",1,816,384,"Maryland","Lexie Brown",4,"personal",1,2,0,-7
"2014-15","9562",1,804,396,"Notre Dame","Markisha Wright",34,"personal",1,3,0,7
"2014-15","9562",1,690,510,"Maryland","Kiara Leslie",2,"personal",1,3,0,-12
"2014-15","9562",1,628,572,"Maryland","Brionna Jones",42,"personal",2,4,0,-15
"2014-15","9562",1,607,593,"Maryland","Brene Moseley",3,"personal",1,5,0,-15
"2014-15","9562",1,579,621,"Maryland","Laurin Mincy",1,"personal",1,6,0,-13
"2014-15","9562",1,242,958,"Maryland","Malina Howard",5,"personal",1,7,1,-22
"2014-15","9562",1,225,975,"Notre Dame","Kathryn Westbeld",33,"personal",1,4,0,24
"2014-15","9562",1,220,980,"Notre Dame","Kathryn Westbeld",33,"personal",2,5,0,22
"2014-15","9562",1,210,990,"Notre Dame","Michaela Mabrey",23,"personal",1,6,0,22
"2014-15","9562",1,203,997,"Notre Dame","Lindsay Allen",15,"personal",1,7,1,22
"2014-15","9562",1,197,1003,"Maryland","A'Lexus Harrison",33,"personal",1,8,1,-20
"2014-15","9562",1,169,1031,"Maryland","A'Lexus Harrison",33,"personal",2,9,1,-19
"2014-15","9562",1,117,1083,"Maryland","Lexie Brown",4,"personal",2,10,1,-21
"2014-15","9562",1,23,1177,"Maryland","Kiara Leslie",2,"personal",2,11,1,-20
"2014-15","9562",2,1151,1249,"Notre Dame","Lindsay Allen",15,"personal",2,1,0,20
"2014-15","9562",2,1096,1304,"Notre Dame","Lindsay Allen",15,"personal",3,2,0,19
"2014-15","9562",2,1079,1321,"Notre Dame","Mychal Johnson",14,"personal",1,3,0,19
"2014-15","9562",2,980,1420,"Maryland","S. Walker-Kimbrough",32,"personal",1,1,0,-22
"2014-15","9562",2,919,1481,"Notre Dame","Mychal Johnson",14,"personal",2,4,0,20
"2014-15","9562",2,912,1488,"Maryland","Malina Howard",5,"personal",2,2,0,-19
"2014-15","9562",2,871,1529,"Maryland","Brionna Jones",42,"personal",3,3,0,-24
"2014-15","9562",2,821,1579,"Maryland","Kiara Leslie",2,"personal",3,4,0,-27
"2014-15","9562",2,787,1613,"Maryland","Malina Howard",5,"personal",3,5,0,-28
"2014-15","9562",2,770,1630,"Maryland","Kristen Confroy",12,"personal",1,6,0,-32
"2014-15","9562",2,752,1648,"Notre Dame","Kathryn Westbeld",33,"personal",3,5,0,33
"2014-15","9562",2,639,1761,"Maryland","Laurin Mincy",1,"personal",2,7,1,-27
"2014-15","9562",2,621,1779,"Notre Dame","Mychal Johnson",14,"personal",3,6,0,28
"2014-15","9562",2,611,1789,"Maryland","Malina Howard",5,"personal",4,8,1,-28
"2014-15","9562",2,592,1808,"Notre Dame","Kathryn Westbeld",33,"personal",4,7,1,29
"2014-15","9562",2,508,1892,"Maryland","Laurin Mincy",1,"personal",3,9,1,-25
"2014-15","9562",2,491,1909,"Maryland","Laurin Mincy",1,"personal",4,10,1,-27
"2014-15","9562",2,429,1971,"Notre Dame","Taya Reimer",12,"personal",2,8,1,27
"2014-15","9562",2,205,2195,"Maryland","Malina Howard",5,"personal",5,11,1,-24
"2014-15","9562",2,138,2262,"Maryland","Brionna Jones",42,"personal",4,12,1,-22
"2014-15","9562",2,124,2276,"Notre Dame","Hannah Huffman",24,"personal",1,9,1,23
"2014-15","9562",2,49,2351,"Notre Dame","Diamond Thompson",35,"personal",1,10,1,23
"2014-15","9563",1,849,351,"Maryland","A'Lexus Harrison",33,"personal",1,1,0,-3
"2014-15","9563",1,803,397,"Towson","Dominique Johnson",1,"personal",1,1,0,1
"2014-15","9563",1,732,468,"Towson","Brianna Bush",14,"personal",1,2,0,-1
"2014-15","9563",1,396,804,"Towson","Shanea Butler",32,"personal",1,3,0,-15
"2014-15","9563",1,336,864,"Towson","Daijha Thomas",33,"personal",1,4,0,-17
"2014-15","9563",1,272,928,"Maryland","A'Lexus Harrison",33,"personal",2,2,0,21
"2014-15","9563",1,217,983,"Maryland","Tierney Pfirman",22,"personal",1,3,0,19
"2014-15","9563",1,181,1019,"Towson","Markell Smith",20,"personal",1,5,0,-21
"2014-15","9563",1,103,1097,"Towson","Breonn Hughey",2,"personal",1,6,0,-22
"2014-15","9563",2,1143,1257,"Towson","Markell Smith",20,"personal",2,1,0,-24
"2014-15","9563",2,1049,1351,"Towson","Camille Alberson",13,"personal",1,2,0,-27
"2014-15","9563",2,1035,1365,"Towson","Camille Alberson",13,"personal",2,3,0,-27
"2014-15","9563",2,999,1401,"Towson","Ciara Webb",3,"personal",1,4,0,-27
"2014-15","9563",2,993,1407,"Towson","Dominique Johnson",1,"personal",2,5,0,-27
"2014-15","9563",2,973,1427,"Towson","Camille Alberson",13,"personal",3,6,0,-27
"2014-15","9563",2,903,1497,"Towson","LaTorri Hines-Allen",0,"personal",1,7,1,-28
"2014-15","9563",2,754,1646,"Maryland","Kiara Leslie",2,"personal",1,1,0,27
"2014-15","9563",2,655,1745,"Towson","Ece Yurdakul",23,"personal",1,8,1,-29
"2014-15","9563",2,509,1891,"Maryland","A'Lexus Harrison",33,"personal",3,2,0,33
"2014-15","9563",2,482,1918,"Maryland","A'Lexus Harrison",33,"personal",4,3,0,33
"2014-15","9563",2,375,2025,"Maryland","Malina Howard",5,"personal",1,4,0,30
"2014-15","9563",2,316,2084,"Towson","Breonn Hughey",2,"personal",2,9,1,-29
"2014-15","9563",2,42,2358,"Maryland","Aja Ellison",0,"personal",1,5,0,29
"2014-15","9564",1,1166,34,"American","Jen Dumiak",3,"personal",1,1,0,0
"2014-15","9564",1,1163,37,"American","Michelle Holmes",12,"personal",1,2,0,-1
"2014-15","9564",1,1144,56,"American","Jordan Light",20,"personal",1,3,0,-5
"2014-15","9564",1,965,235,"American","Ari Booth",32,"personal",1,4,0,-12
"2014-15","9564",1,915,285,"American","Michelle Holmes",12,"personal",2,5,0,-9
"2014-15","9564",1,780,420,"Maryland","Brionna Jones",42,"personal",1,1,0,13
"2014-15","9564",1,677,523,"American","Shaquilla Curtis",2,"personal",1,6,0,-18
"2014-15","9564",1,648,552,"Maryland","Brionna Jones",42,"personal",2,2,0,20
"2014-15","9564",1,581,619,"American","Emily Kinneston",4,"personal",1,7,1,-24
"2014-15","9564",1,510,690,"Maryland","Kristen Confroy",12,"personal",1,3,0,22
"2014-15","9564",1,497,703,"Maryland","Chloe Pavlech",15,"personal",1,4,0,22
"2014-15","9564",1,405,795,"Maryland","Kiara Leslie",2,"personal",1,5,0,18
"2014-15","9564",1,320,880,"American","Maria Liddane",14,"personal",1,8,1,-26
"2014-15","9564",1,265,935,"Maryland","Lexie Brown",4,"personal",1,6,0,25
"2014-15","9564",1,200,1000,"Maryland","A'Lexus Harrison",33,"personal",1,7,1,26
"2014-15","9564",1,173,1027,"Maryland","Laurin Mincy",1,"personal",1,8,1,26
"2014-15","9564",1,42,1158,"Maryland","A'Lexus Harrison",33,"personal",2,9,1,27
"2014-15","9564",1,28,1172,"American","Arron Zimmerman",13,"personal",1,9,1,-27
"2014-15","9564",1,27,1173,"American","Arron Zimmerman",13,"personal",2,10,1,-28
"2014-15","9564",1,6,1194,"Maryland","Aja Ellison",0,"personal",1,10,1,30
"2014-15","9564",2,1109,1291,"Maryland","Malina Howard",5,"personal",1,1,0,31
"2014-15","9564",2,1037,1363,"American","Arron Zimmerman",13,"personal",3,1,0,-29
"2014-15","9564",2,966,1434,"Maryland","Brionna Jones",42,"personal",3,2,0,33
"2014-15","9564",2,853,1547,"American","Shaquilla Curtis",2,"personal",2,2,0,-32
"2014-15","9564",2,813,1587,"American","Shaquilla Curtis",2,"personal",3,3,0,-31
"2014-15","9564",2,780,1620,"Maryland","Malina Howard",5,"personal",2,3,0,31
"2014-15","9564",2,603,1797,"Maryland","Brionna Jones",42,"personal",4,4,0,32
"2014-15","9564",2,536,1864,"American","Shaquilla Curtis",2,"personal",4,4,0,-34
"2014-15","9564",2,492,1908,"American","Jen Dumiak",3,"personal",2,5,0,-36
"2014-15","9564",2,485,1915,"American","Jen Dumiak",3,"personal",3,6,0,-36
"2014-15","9564",2,468,1932,"Maryland","Kiara Leslie",2,"personal",2,5,0,38
"2014-15","9564",2,431,1969,"American","Arron Zimmerman",13,"personal",4,7,1,-38
"2014-15","9564",2,401,1999,"American","Maria Liddane",14,"personal",2,8,1,-36
"2014-15","9564",2,133,2267,"Maryland","Aja Ellison",0,"personal",2,6,0,41
"2014-15","9564",2,129,2271,"Maryland","Kiara Leslie",2,"personal",3,7,1,41
"2014-15","9564",2,107,2293,"American","Shaquilla Curtis",2,"personal",5,9,1,-39
"2014-15","9564",2,65,2335,"Maryland","Aja Ellison",0,"personal",3,8,1,41
"2014-15","9564",2,49,2351,"Maryland","Aja Ellison",0,"personal",4,9,1,41
"2014-15","9565",1,1061,139,"Coppin State","Omaah TAYONG",32,"personal",1,1,0,-6
"2014-15","9565",1,1014,186,"Maryland","S. Walker-Kimbrough",32,"personal",1,1,0,6
"2014-15","9565",1,1000,200,"Maryland","Laurin Mincy",1,"personal",1,2,0,4
"2014-15","9565",1,989,211,"Maryland","Brionna Jones",42,"personal",1,3,0,4
"2014-15","9565",1,954,246,"Maryland","Kristen Confroy",12,"personal",1,4,0,4
"2014-15","9565",1,901,299,"Maryland","Malina Howard",5,"personal",1,5,0,6
"2014-15","9565",1,868,332,"Coppin State","Janelle LANE",1,"personal",1,2,0,-6
"2014-15","9565",1,849,351,"Maryland","Chloe Pavlech",15,"personal",1,6,0,8
"2014-15","9565",1,797,403,"Coppin State","Jordan SWAILS",23,"personal",1,3,0,-9
"2014-15","9565",1,737,463,"Coppin State","Omaah TAYONG",32,"personal",2,4,0,-10
"2014-15","9565",1,658,542,"Coppin State","Jordan SWAILS",23,"personal",2,5,0,-9
"2014-15","9565",1,620,580,"Coppin State","Janelle LANE",1,"personal",2,6,0,-9
"2014-15","9565",1,581,619,"Coppin State","Tanaysa HENDERSON",3,"personal",1,7,1,-11
"2014-15","9565",1,506,694,"Coppin State","Genesis LUCAS",2,"personal",1,8,1,-15
"2014-15","9565",1,452,748,"Coppin State","Omaah TAYONG",32,"personal",3,9,1,-21
"2014-15","9565",1,327,873,"Coppin State","Jordan SWAILS",23,"personal",3,10,1,-23
"2014-15","9565",1,187,1013,"Coppin State","Janelle LANE",1,"personal",3,11,1,-29
"2014-15","9565",1,162,1038,"Coppin State","Keena SAMUELS",21,"personal",1,12,1,-29
"2014-15","9565",1,118,1082,"Coppin State","Keena SAMUELS",21,"personal",2,13,1,-33
"2014-15","9565",1,78,1122,"Maryland","A'Lexus Harrison",33,"personal",1,7,1,37
"2014-15","9565",1,68,1132,"Maryland","Brene Moseley",3,"personal",1,8,1,36
"2014-15","9565",1,58,1142,"Maryland","A'Lexus Harrison",33,"personal",2,9,1,34
"2014-15","9565",1,41,1159,"Coppin State","Tanaysa HENDERSON",3,"personal",2,14,1,-34
"2014-15","9565",2,1194,1206,"Maryland","Malina Howard",5,"personal",2,1,0,34
"2014-15","9565",2,1161,1239,"Maryland","Brene Moseley",3,"personal",2,2,0,34
"2014-15","9565",2,1081,1319,"Coppin State","Bria HARRIS",24,"personal",1,1,0,-39
"2014-15","9565",2,1066,1334,"Coppin State","Tanaysa HENDERSON",3,"personal",3,2,0,-39
"2014-15","9565",2,913,1487,"Maryland","A'Lexus Harrison",33,"personal",3,3,0,45
"2014-15","9565",2,702,1698,"Maryland","Kiara Leslie",2,"personal",1,4,0,41
"2014-15","9565",2,672,1728,"Coppin State","Janelle LANE",1,"personal",4,3,0,-41
"2014-15","9565",2,653,1747,"Maryland","Aja Ellison",0,"personal",1,5,0,43
"2014-15","9565",2,638,1762,"Maryland","Aja Ellison",0,"personal",2,6,0,43
"2014-15","9565",2,407,1993,"Maryland","Brionna Jones",42,"personal",2,7,1,49
"2014-15","9565",2,390,2010,"Coppin State","Bria HARRIS",24,"personal",2,4,0,-49
"2014-15","9565",2,365,2035,"Maryland","Brionna Jones",42,"personal",3,8,1,52
"2014-15","9565",2,247,2153,"Maryland","Kiara Leslie",2,"personal",2,9,1,54
"2014-15","9565",2,239,2161,"Coppin State","Tanaysa HENDERSON",3,"personal",4,5,0,-55
"2014-15","9565",2,184,2216,"Coppin State","Jordan SWAILS",23,"personal",4,6,0,-56
"2014-15","9565",2,120,2280,"Maryland","A'Lexus Harrison",33,"personal",4,10,1,58
"2014-15","9565",2,64,2336,"Maryland","Aja Ellison",0,"personal",3,11,1,59
"2014-15","9565",2,57,2343,"Coppin State","Bria HARRIS",24,"personal",3,7,1,-59
"2014-15","9566",1,1014,186,"Ohio State","Cait Craft",13,"personal",1,1,0,3
"2014-15","9566",1,855,345,"Maryland","Brionna Jones",42,"personal",1,1,0,2
"2014-15","9566",1,731,469,"Maryland","Brene Moseley",3,"personal",1,2,0,3
"2014-15","9566",1,638,562,"Ohio State","Shayla Cooper",32,"personal",1,2,0,-1
"2014-15","9566",1,615,585,"Ohio State","Shayla Cooper",32,"personal",2,3,0,-2
"2014-15","9566",1,530,670,"Maryland","Lexie Brown",4,"personal",1,3,0,3
"2014-15","9566",1,497,703,"Ohio State","Alexa Hart",22,"personal",1,4,0,-2
"2014-15","9566",1,362,838,"Maryland","Kristen Confroy",12,"personal",1,4,0,4
"2014-15","9566",1,330,870,"Maryland","Brene Moseley",3,"personal",2,5,0,4
"2014-15","9566",1,298,902,"Ohio State","Lisa Blair",21,"personal",1,5,0,-6
"2014-15","9566",1,274,926,"Maryland","Brionna Jones",42,"personal",2,6,0,6
"2014-15","9566",1,269,931,"Ohio State","Kelsey Mitchell",3,"personal",1,6,0,-5
"2014-15","9566",1,247,953,"Maryland","Malina Howard",5,"personal",1,7,1,5
"2014-15","9566",2,1110,1290,"Ohio State","Kelsey Mitchell",3,"personal",2,1,0,-1
"2014-15","9566",2,958,1442,"Maryland","Tierney Pfirman",22,"personal",1,1,0,6
"2014-15","9566",2,846,1554,"Maryland","Lexie Brown",4,"personal",2,2,0,4
"2014-15","9566",2,809,1591,"Ohio State","Kelsey Mitchell",3,"personal",3,2,0,-4
"2014-15","9566",2,777,1623,"Maryland","Brene Moseley",3,"personal",3,3,0,7
"2014-15","9566",2,737,1663,"Ohio State","Ameryst Alston",14,"personal",1,3,0,-9
"2014-15","9566",2,696,1704,"Ohio State","Cait Craft",13,"personal",2,4,0,-9
"2014-15","9566",2,663,1737,"Maryland","Laurin Mincy",1,"personal",1,4,0,10
"2014-15","9566",2,568,1832,"Ohio State","Ameryst Alston",14,"personal",2,5,0,-13
"2014-15","9566",2,554,1846,"Maryland","Brionna Jones",42,"personal",3,5,0,13
"2014-15","9566",2,378,2022,"Ohio State","Cait Craft",13,"personal",3,6,0,-8
"2014-15","9566",2,323,2077,"Maryland","Brene Moseley",3,"personal",4,6,0,11
"2014-15","9566",2,248,2152,"Maryland","A'Lexus Harrison",33,"personal",1,7,1,9
"2014-15","9566",2,90,2310,"Ohio State","Alexa Hart",22,"personal",2,7,1,-6
"2014-15","9566",2,29,2371,"Ohio State","Asia Doss",20,"personal",1,8,1,-7
"2014-15","9566",2,28,2372,"Ohio State","Cait Craft",13,"personal",4,9,1,-8
"2014-15","9566",2,17,2383,"Ohio State","Kelsey Mitchell",3,"personal",4,10,1,-7
"2014-15","9567",1,1066,134,"Maryland","Brionna Jones",42,"personal",1,1,0,-2
"2014-15","9567",1,767,433,"Maryland","Brionna Jones",42,"personal",2,2,0,-4
"2014-15","9567",1,597,603,"Maryland","Malina Howard",5,"personal",1,3,0,-2
"2014-15","9567",1,476,724,"Nebraska","Emily Cady",23,"personal",1,1,0,2
"2014-15","9567",1,431,769,"Maryland","Laurin Mincy",1,"personal",1,4,0,0
"2014-15","9567",1,410,790,"Maryland","S. Walker-Kimbrough",32,"personal",1,5,0,0
"2014-15","9567",1,336,864,"Nebraska","Rachel Theriot",33,"personal",1,2,0,4
"2014-15","9567",1,316,884,"Nebraska","Tear'a Laudermill",1,"personal",1,3,0,4
"2014-15","9567",1,252,948,"Nebraska","Brandi Jeffery",13,"personal",1,4,0,0
"2014-15","9567",2,1127,1273,"Nebraska","Brandi Jeffery",13,"personal",2,1,0,-5
"2014-15","9567",2,1034,1366,"Maryland","Malina Howard",5,"personal",2,1,0,7
"2014-15","9567",2,928,1472,"Maryland","Laurin Mincy",1,"personal",2,2,0,8
"2014-15","9567",2,871,1529,"Nebraska","Tear'a Laudermill",1,"personal",2,2,0,-8
"2014-15","9567",2,798,1602,"Maryland","Brionna Jones",42,"personal",3,3,0,12
"2014-15","9567",2,747,1653,"Maryland","Laurin Mincy",1,"personal",3,4,0,10
"2014-15","9567",2,732,1668,"Maryland","A'Lexus Harrison",33,"personal",1,5,0,10
"2014-15","9567",2,679,1721,"Maryland","Chloe Pavlech",15,"personal",1,6,0,10
"2014-15","9567",2,675,1725,"Maryland","S. Walker-Kimbrough",32,"personal",2,7,1,10
"2014-15","9567",2,639,1761,"Nebraska","Tear'a Laudermill",1,"personal",3,3,0,-10
"2014-15","9567",2,613,1787,"Nebraska","Brandi Jeffery",13,"personal",3,4,0,-10
"2014-15","9567",2,587,1813,"Nebraska","Natalie Romeo",5,"personal",1,5,0,-14
"2014-15","9567",2,564,1836,"Nebraska","Allie Havers",22,"personal",1,6,0,-15
"2014-15","9567",2,542,1858,"Maryland","Lexie Brown",4,"personal",1,8,1,16
"2014-15","9567",2,375,2025,"Maryland","Brionna Jones",42,"personal",4,9,1,19
"2014-15","9567",2,267,2133,"Nebraska","Tear'a Laudermill",1,"personal",4,7,1,-22
"2014-15","9567",2,109,2291,"Nebraska","Natalie Romeo",5,"personal",2,8,1,-23
"2014-15","9568",1,1061,139,"Maryland","Laurin Mincy",1,"personal",1,1,0,-6
"2014-15","9568",1,962,238,"Purdue","Hayden Hamby",10,"personal",1,1,0,2
"2014-15","9568",1,908,292,"Purdue","Whitney Bays",32,"personal",1,2,0,2
"2014-15","9568",1,899,301,"Maryland","Lexie Brown",4,"personal",1,2,0,-2
"2014-15","9568",1,822,378,"Maryland","Brionna Jones",42,"personal",1,3,0,0
"2014-15","9568",1,796,404,"Purdue","Liza Clemons",23,"personal",1,3,0,2
"2014-15","9568",1,708,492,"Purdue","Bree Horrocks",22,"personal",1,4,0,-4
"2014-15","9568",1,316,884,"Purdue","Torrie Thornton",4,"personal",1,5,0,-13
"2014-15","9568",1,306,894,"Purdue","Whitney Bays",32,"personal",2,6,0,-13
"2014-15","9568",1,282,918,"Maryland","Malina Howard",5,"personal",1,4,0,13
"2014-15","9568",1,249,951,"Purdue","Ashley Morrissette",1,"personal",1,7,1,-13
"2014-15","9568",1,213,987,"Purdue","Liza Clemons",23,"personal",2,8,1,-15
"2014-15","9568",1,159,1041,"Purdue","Andreona Keys",24,"personal",1,9,1,-16
"2014-15","9568",1,60,1140,"Maryland","A'Lexus Harrison",33,"personal",1,5,0,20
"2014-15","9568",1,13,1187,"Maryland","S. Walker-Kimbrough",32,"personal",1,6,0,19
"2014-15","9568",2,1151,1249,"Purdue","Whitney Bays",32,"personal",3,1,0,-19
"2014-15","9568",2,1117,1283,"Maryland","Malina Howard",5,"personal",2,1,0,18
"2014-15","9568",2,1069,1331,"Maryland","Laurin Mincy",1,"personal",2,2,0,20
"2014-15","9568",2,1064,1336,"Maryland","Malina Howard",5,"personal",3,3,0,20
"2014-15","9568",2,892,1508,"Maryland","Tierney Pfirman",22,"personal",1,4,0,12
"2014-15","9568",2,773,1627,"Maryland","A'Lexus Harrison",33,"personal",2,5,0,15
"2014-15","9568",2,716,1684,"Purdue","Andreona Keys",24,"personal",2,2,0,-12
"2014-15","9568",2,647,1753,"Purdue","Torrie Thornton",4,"personal",2,3,0,-12
"2014-15","9568",2,634,1766,"Purdue","Ashley Morrissette",1,"personal",2,4,0,-12
"2014-15","9568",2,598,1802,"Maryland","Lexie Brown",4,"personal",2,6,0,12
"2014-15","9568",2,555,1845,"Purdue","April Wilson",25,"personal",1,5,0,-15
"2014-15","9568",2,507,1893,"Maryland","S. Walker-Kimbrough",32,"personal",2,7,1,16
"2014-15","9568",2,405,1995,"Purdue","Whitney Bays",32,"personal",4,6,0,-15
"2014-15","9568",2,236,2164,"Maryland","Brionna Jones",42,"personal",2,8,1,20
"2014-15","9568",2,189,2211,"Maryland","Kiara Leslie",2,"personal",1,9,1,20
"2014-15","9568",2,171,2229,"Purdue","Bree Horrocks",22,"personal",2,7,1,-18
"2014-15","9568",2,160,2240,"Purdue","April Wilson",25,"personal",2,8,1,-20
"2014-15","9568",2,103,2297,"Maryland","Kiara Leslie",2,"personal",2,10,1,24
"2014-15","9568",2,58,2342,"Purdue","Bree Horrocks",22,"personal",3,9,1,-22
"2014-15","9569",1,953,247,"Minnesota","Amanda Zahui",32,"personal",1,1,0,2
"2014-15","9569",1,836,364,"Maryland","Laurin Mincy",1,"personal",1,1,0,-4
"2014-15","9569",1,715,485,"Maryland","Chloe Pavlech",15,"personal",1,2,0,-5
"2014-15","9569",1,679,521,"Maryland","S. Walker-Kimbrough",32,"personal",1,3,0,-3
"2014-15","9569",1,671,529,"Minnesota","Mikayla Bailey",24,"personal",1,2,0,3
"2014-15","9569",1,590,610,"Minnesota","Mikayla Bailey",24,"personal",2,3,0,-1
"2014-15","9569",1,576,624,"Maryland","Brionna Jones",42,"personal",1,4,0,1
"2014-15","9569",1,284,916,"Minnesota","Carlie Wagner",33,"personal",1,4,0,-4
"2014-15","9569",1,210,990,"Maryland","Brionna Jones",42,"personal",2,5,0,7
"2014-15","9569",2,1189,1211,"Maryland","Lexie Brown",4,"personal",1,1,0,5
"2014-15","9569",2,1140,1260,"Minnesota","Mikayla Bailey",24,"personal",3,1,0,-7
"2014-15","9569",2,1115,1285,"Maryland","Malina Howard",5,"personal",1,2,0,6
"2014-15","9569",2,1074,1326,"Maryland","Brionna Jones",42,"personal",3,3,0,4
"2014-15","9569",2,972,1428,"Maryland","Laurin Mincy",1,"personal",2,4,0,2
"2014-15","9569",2,932,1468,"Minnesota","Amanda Zahui",32,"personal",2,2,0,-2
"2014-15","9569",2,857,1543,"Minnesota","Shae Kelley",23,"personal",1,3,0,2
"2014-15","9569",2,741,1659,"Maryland","Brene Moseley",3,"personal",1,5,0,2
"2014-15","9569",2,683,1717,"Minnesota","Mikayla Bailey",24,"personal",4,4,0,0
"2014-15","9569",2,534,1866,"Minnesota","Shae Kelley",23,"personal",2,5,0,0
"2014-15","9569",2,428,1972,"Minnesota","Shae Kelley",23,"personal",3,6,0,0
"2014-15","9569",2,319,2081,"Maryland","Brionna Jones",42,"personal",4,6,0,2
"2014-15","9569",2,303,2097,"Minnesota","Shae Kelley",23,"personal",4,7,1,-2
"2014-15","9569",2,173,2227,"Minnesota","Amanda Zahui",32,"personal",3,8,1,-4
"2014-15","9569",2,154,2246,"Maryland","Malina Howard",5,"personal",2,7,1,6
"2014-15","9569",2,2,2398,"Minnesota","Amanda Zahui",32,"personal",4,9,1,0
"2014-15","9569",2,1,2399,"Minnesota","Carlie Wagner",33,"personal",2,10,1,-2
"2014-15","9570",1,1039,161,"Maryland","S. Walker-Kimbrough",32,"personal",1,1,0,8
"2014-15","9570",1,1020,180,"Rutgers","Briyona Canty",4,"personal",1,1,0,-7
"2014-15","9570",1,957,243,"Rutgers","Kahleah Copper",2,"personal",1,2,0,-8
"2014-15","9570",1,922,278,"Maryland","Laurin Mincy",1,"personal",1,2,0,10
"2014-15","9570",1,788,412,"Maryland","Malina Howard",5,"personal",1,3,0,18
"2014-15","9570",1,640,560,"Maryland","Malina Howard",5,"personal",2,4,0,12
"2014-15","9570",1,563,637,"Maryland","A'Lexus Harrison",33,"personal",1,5,0,12
"2014-15","9570",1,538,662,"Rutgers","Betnijah Laney",44,"personal",1,3,0,-11
"2014-15","9570",1,517,683,"Maryland","A'Lexus Harrison",33,"personal",2,6,0,11
"2014-15","9570",1,490,710,"Rutgers","Briyona Canty",4,"personal",2,4,0,-9
"2014-15","9570",1,352,848,"Maryland","A'Lexus Harrison",33,"personal",3,7,1,13
"2014-15","9570",1,259,941,"Maryland","Lexie Brown",4,"personal",1,8,1,11
"2014-15","9570",1,86,1114,"Rutgers","Betnijah Laney",44,"personal",2,5,0,-5
"2014-15","9570",2,1157,1243,"Rutgers","Betnijah Laney",44,"personal",3,1,0,-2
"2014-15","9570",2,1138,1262,"Rutgers","Rachel Hollivay",1,"personal",1,2,0,-2
"2014-15","9570",2,1095,1305,"Rutgers","Rachel Hollivay",1,"personal",2,3,0,-2
"2014-15","9570",2,1005,1395,"Rutgers","Betnijah Laney",44,"personal",4,4,0,-2
"2014-15","9570",2,988,1412,"Maryland","Malina Howard",5,"personal",3,1,0,2
"2014-15","9570",2,977,1423,"Rutgers","Ariel Butts",43,"personal",1,5,0,-1
"2014-15","9570",2,878,1522,"Maryland","Brionna Jones",42,"personal",1,2,0,3
"2014-15","9570",2,850,1550,"Rutgers","Ariel Butts",43,"personal",2,6,0,-3
"2014-15","9570",2,811,1589,"Maryland","Brionna Jones",42,"personal",2,3,0,3
"2014-15","9570",2,798,1602,"Maryland","A'Lexus Harrison",33,"personal",4,4,0,3
"2014-15","9570",2,676,1724,"Rutgers","Shrita Parker",10,"personal",1,7,1,-2
"2014-15","9570",2,567,1833,"Maryland","Laurin Mincy",1,"personal",2,5,0,6
"2014-15","9570",2,510,1890,"Rutgers","Briyona Canty",4,"personal",3,8,1,-10
"2014-15","9570",2,482,1918,"Maryland","Brionna Jones",42,"personal",3,6,0,10
"2014-15","9570",2,482,1918,"Rutgers","Briyona Canty",4,"personal",4,9,1,-10
"2014-15","9570",2,453,1947,"Maryland","Laurin Mincy",1,"personal",3,7,1,12
"2014-15","9570",2,424,1976,"Rutgers","Kahleah Copper",2,"personal",2,10,1,-10
"2014-15","9570",2,328,2072,"Maryland","Malina Howard",5,"personal",4,8,1,12
"2014-15","9570",2,243,2157,"Maryland","Brionna Jones",42,"personal",4,9,1,14
"2014-15","9570",2,88,2312,"Rutgers","Kahleah Copper",2,"personal",3,11,1,-9
"2014-15","9570",2,64,2336,"Maryland","Brionna Jones",42,"personal",5,10,1,12
"2014-15","9570",2,50,2350,"Rutgers","Syessence Davis",15,"personal",1,12,1,-10
"2014-15","9570",2,78,2322,"Rutgers","Kahleah Copper",2,"personal",4,13,1,-12
"2014-15","9571",1,1139,61,"Illinois","Amarah Coleman",10,"personal",1,1,0,5
"2014-15","9571",1,1134,66,"Illinois","Brittany Carter",20,"personal",1,2,0,5
"2014-15","9571",1,1071,129,"Illinois","Amarah Coleman",10,"personal",2,3,0,5
"2014-15","9571",1,1056,144,"Illinois","Chatrice White",32,"personal",1,4,0,5
"2014-15","9571",1,1008,192,"Illinois","Brittany Carter",20,"personal",2,5,0,2
"2014-15","9571",1,972,228,"Maryland","Brionna Jones",42,"personal",1,1,0,3
"2014-15","9571",1,801,399,"Illinois","Kyley Simmons",15,"personal",1,6,0,-7
"2014-15","9571",1,728,472,"Maryland","Kristen Confroy",12,"personal",1,2,0,8
"2014-15","9571",1,651,549,"Illinois","Taylor Tuck",3,"personal",1,7,1,-8
"2014-15","9571",1,373,827,"Maryland","Lexie Brown",4,"personal",1,3,0,10
"2014-15","9571",1,304,896,"Illinois","Amarah Coleman",10,"personal",3,8,1,-8
"2014-15","9571",1,273,927,"Illinois","Kyley Simmons",15,"personal",2,9,1,-10
"2014-15","9571",1,138,1062,"Illinois","Sarah Hartwell",0,"personal",1,10,1,-8
"2014-15","9571",1,111,1089,"Maryland","Malina Howard",5,"personal",1,4,0,8
"2014-15","9571",1,2,1198,"Illinois","Brittany Carter",20,"personal",3,11,1,-8
"2014-15","9571",2,1060,1340,"Illinois","Jacqui Grant",34,"personal",1,1,0,-7
"2014-15","9571",2,1022,1378,"Maryland","Lexie Brown",4,"personal",2,1,0,7
"2014-15","9571",2,1003,1397,"Illinois","Brittany Carter",20,"personal",4,2,0,-7
"2014-15","9571",2,983,1417,"Illinois","Jacqui Grant",34,"personal",2,3,0,-7
"2014-15","9571",2,969,1431,"Maryland","Chloe Pavlech",15,"personal",1,2,0,8
"2014-15","9571",2,903,1497,"Illinois","Kyley Simmons",15,"personal",3,4,0,-6
"2014-15","9571",2,662,1738,"Maryland","Malina Howard",5,"personal",2,3,0,11
"2014-15","9571",2,570,1830,"Illinois","Chatrice White",32,"personal",2,5,0,-13
"2014-15","9571",2,563,1837,"Illinois","Jacqui Grant",34,"personal",3,6,0,-15
"2014-15","9571",2,533,1867,"Illinois","Kyley Simmons",15,"personal",4,7,1,-15
"2014-15","9571",2,498,1902,"Maryland","Lexie Brown",4,"personal",3,4,0,15
"2014-15","9571",2,486,1914,"Illinois","Nia Oden",5,"personal",1,8,1,-13
"2014-15","9571",2,332,2068,"Maryland","Brene Moseley",3,"personal",1,5,0,21
"2014-15","9571",2,328,2072,"Illinois","Amarah Coleman",10,"personal",4,9,1,-21
"2014-15","9571",2,265,2135,"Maryland","Brionna Jones",42,"personal",2,6,0,22
"2014-15","9571",2,34,2366,"Maryland","A'Lexus Harrison",33,"personal",1,7,1,20
"2014-15","9572",1,1043,157,"Maryland","Brionna Jones",42,"personal",1,1,0,-2
"2014-15","9572",1,864,336,"Michigan State","Cara Miller",2,"personal",1,1,0,3
"2014-15","9572",1,739,461,"Michigan State","Aerial Powers",23,"personal",1,2,0,0
"2014-15","9572",1,645,555,"Michigan State","Kennedy Johnson",55,"personal",1,3,0,-4
"2014-15","9572",1,601,599,"Maryland","S. Walker-Kimbrough",32,"personal",1,2,0,5
"2014-15","9572",1,517,683,"Maryland","S. Walker-Kimbrough",32,"personal",2,3,0,5
"2014-15","9572",1,438,762,"Michigan State","Cara Miller",2,"personal",2,4,0,-4
"2014-15","9572",1,364,836,"Michigan State","Lexi Gussert",24,"personal",1,5,0,-3
"2014-15","9572",1,344,856,"Maryland","Brionna Jones",42,"personal",2,4,0,5
"2014-15","9572",1,311,889,"Maryland","Kiara Leslie",2,"personal",1,5,0,3
"2014-15","9572",1,89,1111,"Michigan State","Becca Mills",52,"personal",1,6,0,-11
"2014-15","9572",1,46,1154,"Maryland","Kiara Leslie",2,"personal",2,6,0,13
"2014-15","9572",2,1144,1256,"Michigan State","Becca Mills",52,"personal",2,1,0,-11
"2014-15","9572",2,1100,1300,"Michigan State","Becca Mills",52,"personal",3,2,0,-15
"2014-15","9572",2,1045,1355,"Maryland","Brionna Jones",42,"personal",3,1,0,14
"2014-15","9572",2,1027,1373,"Maryland","Laurin Mincy",1,"personal",1,2,0,14
"2014-15","9572",2,1009,1391,"Michigan State","Aerial Powers",23,"personal",2,3,0,-14
"2014-15","9572",2,947,1453,"Michigan State","Anna Morrissey",14,"personal",1,4,0,-17
"2014-15","9572",2,876,1524,"Michigan State","Tori Jankoska",1,"personal",1,5,0,-21
"2014-15","9572",2,868,1532,"Maryland","Malina Howard",5,"personal",1,3,0,23
"2014-15","9572",2,840,1560,"Maryland","A'Lexus Harrison",33,"personal",1,4,0,24
"2014-15","9572",2,821,1579,"Maryland","A'Lexus Harrison",33,"personal",2,5,0,21
"2014-15","9572",2,761,1639,"Michigan State","Becca Mills",52,"personal",4,6,0,-22
"2014-15","9572",2,747,1653,"Maryland","Tierney Pfirman",22,"personal",1,6,0,23
"2014-15","9572",2,741,1659,"Maryland","Kiara Leslie",2,"personal",3,7,1,22
"2014-15","9572",2,720,1680,"Michigan State","Tori Jankoska",1,"personal",2,7,1,-20
"2014-15","9572",2,561,1839,"Maryland","Kiara Leslie",2,"personal",4,8,1,21
"2014-15","9572",2,299,2101,"Maryland","A'Lexus Harrison",33,"personal",3,9,1,32
"2014-15","9572",2,269,2131,"Maryland","Kiara Leslie",2,"personal",5,10,1,30
"2014-15","9572",2,242,2158,"Maryland","A'Lexus Harrison",33,"personal",4,11,1,28
"2014-15","9572",2,222,2178,"Michigan State","Kennedy Johnson",55,"personal",2,8,1,-26
"2014-15","9572",2,177,2223,"Michigan State","Anna Morrissey",14,"personal",2,9,1,-32
"2014-15","9572",2,116,2284,"Maryland","A'Lexus Harrison",33,"personal",5,12,1,30
"2014-15","9572",2,1,2399,"Maryland","S. Walker-Kimbrough",32,"personal",3,13,1,31
"2014-15","9573",1,1153,47,"Indiana","Alexis Gassion",23,"personal",1,1,0,0
"2014-15","9573",1,1089,111,"Maryland","Laurin Mincy",1,"personal",1,1,0,1
"2014-15","9573",1,1034,166,"Indiana","Larryn Brooks",5,"personal",1,2,0,4
"2014-15","9573",1,975,225,"Maryland","Brionna Jones",42,"personal",1,2,0,0
"2014-15","9573",1,949,251,"Indiana","Larryn Brooks",5,"personal",2,3,0,2
"2014-15","9573",1,845,355,"Maryland","A'Lexus Harrison",33,"personal",1,3,0,2
"2014-15","9573",1,818,382,"Maryland","Kristen Confroy",12,"personal",1,4,0,2
"2014-15","9573",1,787,413,"Indiana","Tyra Buss",3,"personal",1,4,0,0
"2014-15","9573",1,787,413,"Indiana","Jess Walter",2,"personal",1,5,0,0
"2014-15","9573",1,698,502,"Maryland","Lexie Brown",4,"personal",1,5,0,4
"2014-15","9573",1,632,568,"Indiana","Amanda Cahill",33,"personal",1,6,0,-3
"2014-15","9573",1,425,775,"Maryland","Brionna Jones",42,"personal",2,6,0,9
"2014-15","9573",1,413,787,"Maryland","Malina Howard",5,"personal",1,7,1,9
"2014-15","9573",1,406,794,"Indiana","Jenn Anderson",43,"personal",1,7,1,-8
"2014-15","9573",1,249,951,"Maryland","S. Walker-Kimbrough",32,"personal",1,8,1,15
"2014-15","9573",1,214,986,"Indiana","Jenn Anderson",43,"personal",2,8,1,-13
"2014-15","9573",1,181,1019,"Indiana","Amanda Cahill",33,"personal",2,9,1,-16
"2014-15","9573",1,160,1040,"Indiana","Alexis Gassion",23,"personal",2,10,1,-18
"2014-15","9573",1,107,1093,"Maryland","Brene Moseley",3,"personal",1,9,1,19
"2014-15","9573",1,44,1156,"Maryland","Lexie Brown",4,"personal",2,10,1,19
"2014-15","9573",1,3,1197,"Maryland","Laurin Mincy",1,"personal",2,11,1,20
"2014-15","9573",2,1179,1221,"Indiana","Jenn Anderson",43,"personal",3,1,0,-18
"2014-15","9573",2,936,1464,"Indiana","Tyra Buss",3,"personal",2,2,0,-22
"2014-15","9573",2,707,1693,"Maryland","Kiara Leslie",2,"personal",1,1,0,19
"2014-15","9573",2,648,1752,"Indiana","Jenn Anderson",43,"personal",4,3,0,-18
"2014-15","9573",2,628,1772,"Indiana","Alexis Gassion",23,"personal",3,4,0,-20
"2014-15","9573",2,612,1788,"Maryland","S. Walker-Kimbrough",32,"personal",2,2,0,22
"2014-15","9573",2,568,1832,"Maryland","S. Walker-Kimbrough",32,"personal",3,3,0,20
"2014-15","9573",2,549,1851,"Maryland","Laurin Mincy",1,"personal",3,4,0,20
"2014-15","9573",2,526,1874,"Maryland","Brionna Jones",42,"personal",3,5,0,18
"2014-15","9573",2,466,1934,"Indiana","Amanda Cahill",33,"personal",3,5,0,-15
"2014-15","9573",2,464,1936,"Indiana","Amanda Cahill",33,"personal",4,6,0,-15
"2014-15","9573",2,413,1987,"Indiana","Taylor Agler",10,"personal",1,7,1,-15
"2014-15","9573",2,268,2132,"Maryland","Malina Howard",5,"personal",2,6,0,12
"2014-15","9573",2,249,2151,"Indiana","Jenn Anderson",43,"personal",5,8,1,-11
"2014-15","9573",2,104,2296,"Indiana","Karlee McBride",21,"personal",1,9,1,-13
"2014-15","9573",2,94,2306,"Maryland","Brionna Jones",42,"personal",4,7,1,15
"2014-15","9573",2,84,2316,"Indiana","Larryn Brooks",5,"personal",3,10,1,-15
"2014-15","9573",2,62,2338,"Indiana","Larryn Brooks",5,"personal",4,11,1,-13
"2014-15","9573",2,49,2351,"Indiana","Tyra Buss",3,"personal",3,12,1,-13
"2014-15","9573",2,40,2360,"Indiana","Alexis Gassion",23,"personal",4,13,1,-14
"2014-15","9573",2,14,2386,"Indiana","Tyra Buss",3,"personal",4,14,1,-10
"2014-15","9573",2,7,2393,"Maryland","A'Lexus Harrison",33,"personal",2,8,1,12
"2014-15","9574",1,984,216,"Maryland","Brionna Jones",42,"personal",1,1,0,7
"2014-15","9574",1,944,256,"Michigan","Nicole Elmblad",14,"personal",1,1,0,-5
"2014-15","9574",1,923,277,"Michigan","Siera Thompson",2,"personal",1,2,0,-5
"2014-15","9574",1,799,401,"Michigan","Cyesha Goree",22,"personal",1,3,0,-1
"2014-15","9574",1,772,428,"Michigan","Shannon Smith",5,"personal",1,4,0,-3
"2014-15","9574",1,685,515,"Maryland","S. Walker-Kimbrough",32,"personal",1,2,0,3
"2014-15","9574",1,623,577,"Maryland","Malina Howard",5,"personal",1,3,0,3
"2014-15","9574",1,606,594,"Michigan","Shannon Smith",5,"personal",2,5,0,-3
"2014-15","9574",1,504,696,"Maryland","Laurin Mincy",1,"personal",1,4,0,5
"2014-15","9574",1,356,844,"Michigan","Terra Stapleton",12,"personal",1,6,0,-10
"2014-15","9574",1,220,980,"Maryland","Kristen Confroy",12,"personal",1,5,0,10
"2014-15","9574",1,173,1027,"Michigan","Cyesha Goree",22,"personal",2,7,1,-11
"2014-15","9574",1,101,1099,"Michigan","Siera Thompson",2,"personal",2,8,1,-16
"2014-15","9574",1,64,1136,"Maryland","Lexie Brown",4,"personal",1,6,0,13
"2014-15","9574",1,34,1166,"Michigan","Nicole Elmblad",14,"personal",2,9,1,-14
"2014-15","9574",2,1006,1394,"Michigan","Cyesha Goree",22,"personal",3,1,0,-14
"2014-15","9574",2,979,1421,"Maryland","Kristen Confroy",12,"personal",2,1,0,14
"2014-15","9574",2,972,1428,"Maryland","Brionna Jones",42,"personal",2,2,0,14
"2014-15","9574",2,955,1445,"Maryland","Malina Howard",5,"personal",2,3,0,14
"2014-15","9574",2,875,1525,"Michigan","Siera Thompson",2,"personal",3,2,0,-9
"2014-15","9574",2,812,1588,"Michigan","Katelynn Flaherty",3,"personal",1,3,0,-13
"2014-15","9574",2,747,1653,"Michigan","Katelynn Flaherty",3,"personal",2,4,0,-12
"2014-15","9574",2,710,1690,"Maryland","S. Walker-Kimbrough",32,"personal",2,4,0,14
"2014-15","9574",2,697,1703,"Michigan","Katelynn Flaherty",3,"personal",3,5,0,-14
"2014-15","9574",2,629,1771,"Michigan","Nicole Elmblad",14,"personal",3,6,0,-16
"2014-15","9574",2,554,1846,"Michigan","Shannon Smith",5,"personal",3,7,1,-14
"2014-15","9574",2,502,1898,"Michigan","Nicole Elmblad",14,"personal",4,8,1,-14
"2014-15","9574",2,318,2082,"Maryland","Laurin Mincy",1,"personal",2,5,0,18
"2014-15","9574",2,294,2106,"Michigan","Katelynn Flaherty",3,"personal",4,9,1,-18
"2014-15","9574",2,266,2134,"Maryland","Laurin Mincy",1,"personal",3,6,0,22
"2014-15","9574",2,252,2148,"Michigan","Jillian Dunston",11,"personal",1,10,1,-22
"2014-15","9574",2,167,2233,"Michigan","Cyesha Goree",22,"personal",4,11,1,-21
"2014-15","9574",2,157,2243,"Maryland","Aja Ellison",0,"personal",1,7,1,22
"2014-15","9574",2,102,2298,"Michigan","Kelsey Mitchell",32,"personal",1,12,1,-24
"2014-15","9575",1,1050,150,"Iowa","Bethany Doolittle",51,"personal",1,1,0,8
"2014-15","9575",1,1050,150,"Iowa","Ally Disterhoft",2,"personal",1,2,0,7
"2014-15","9575",1,959,241,"Maryland","Lexie Brown",4,"personal",1,1,0,-5
"2014-15","9575",1,946,254,"Maryland","Laurin Mincy",1,"personal",1,2,0,-5
"2014-15","9575",1,924,276,"Maryland","Brionna Jones",42,"personal",1,3,0,-7
"2014-15","9575",1,919,281,"Iowa","Whitney Jennings",15,"personal",1,3,0,5
"2014-15","9575",1,873,327,"Iowa","Kali Peschel",25,"personal",1,4,0,7
"2014-15","9575",1,847,353,"Maryland","Lexie Brown",4,"personal",2,4,0,-9
"2014-15","9575",1,787,413,"Iowa","Samantha Logic",22,"personal",1,5,0,8
"2014-15","9575",1,769,431,"Iowa","Claire Till",3,"personal",1,6,0,8
"2014-15","9575",1,750,450,"Iowa","Whitney Jennings",15,"personal",2,7,1,6
"2014-15","9575",1,640,560,"Maryland","Kiara Leslie",2,"personal",1,5,0,-4
"2014-15","9575",1,488,712,"Iowa","Alexa Kastanek",1,"personal",1,8,1,7
"2014-15","9575",1,444,756,"Iowa","Alexa Kastanek",1,"personal",2,9,1,7
"2014-15","9575",1,236,964,"Iowa","Samantha Logic",22,"personal",2,10,1,2
"2014-15","9575",1,218,982,"Maryland","Brionna Jones",42,"personal",2,6,0,-2
"2014-15","9575",1,164,1036,"Iowa","Melissa Dixon",21,"personal",1,11,1,1
"2014-15","9575",1,109,1091,"Maryland","Malina Howard",5,"personal",1,7,1,1
"2014-15","9575",1,78,1122,"Maryland","Kiara Leslie",2,"personal",2,8,1,-1
"2014-15","9575",1,34,1166,"Iowa","Bethany Doolittle",51,"personal",2,12,1,2
"2014-15","9575",1,1,1199,"Iowa","Claire Till",3,"personal",2,13,1,3
"2014-15","9575",2,1102,1298,"Iowa","Bethany Doolittle",51,"personal",3,1,0,-1
"2014-15","9575",2,1090,1310,"Maryland","S. Walker-Kimbrough",32,"personal",1,1,0,2
"2014-15","9575",2,1076,1324,"Iowa","Ally Disterhoft",2,"personal",2,2,0,-1
"2014-15","9575",2,1031,1369,"Maryland","S. Walker-Kimbrough",32,"personal",2,2,0,3
"2014-15","9575",2,1016,1384,"Iowa","Whitney Jennings",15,"personal",3,3,0,-3
"2014-15","9575",2,1003,1397,"Maryland","Malina Howard",5,"personal",2,3,0,4
"2014-15","9575",2,958,1442,"Maryland","Kiara Leslie",2,"personal",3,4,0,2
"2014-15","9575",2,937,1463,"Iowa","Claire Till",3,"personal",3,4,0,0
"2014-15","9575",2,749,1651,"Maryland","Kristen Confroy",12,"personal",1,5,0,-3
"2014-15","9575",2,732,1668,"Maryland","Brionna Jones",42,"personal",3,6,0,-5
"2014-15","9575",2,466,1934,"Iowa","Whitney Jennings",15,"personal",4,5,0,-1
"2014-15","9575",2,448,1952,"Maryland","S. Walker-Kimbrough",32,"personal",3,7,1,0
"2014-15","9575",2,423,1977,"Iowa","Alexa Kastanek",1,"personal",3,6,0,-2
"2014-15","9575",2,379,2021,"Iowa","Samantha Logic",22,"personal",3,7,1,-5
"2014-15","9575",2,235,2165,"Maryland","Brionna Jones",42,"personal",4,8,1,5
"2014-15","9575",2,185,2215,"Maryland","Lexie Brown",4,"personal",3,9,1,3
"2014-15","9575",2,168,2232,"Maryland","S. Walker-Kimbrough",32,"personal",4,10,1,3
"2014-15","9575",2,147,2253,"Iowa","Kali Peschel",25,"personal",2,8,1,-2
"2014-15","9575",2,134,2266,"Maryland","Brene Moseley",3,"personal",1,11,1,4
"2014-15","9575",2,112,2288,"Iowa","Kali Peschel",25,"personal",3,9,1,-2
"2014-15","9575",2,87,2313,"Iowa","Kali Peschel",25,"personal",4,10,1,-3
"2014-15","9575",2,63,2337,"Maryland","Laurin Mincy",1,"personal",2,12,1,4
"2014-15","9575",2,30,2370,"Iowa","Kali Peschel",25,"personal",5,11,1,-4
"2014-15","9575",2,22,2378,"Iowa","Melissa Dixon",21,"personal",2,12,1,-4
"2014-15","9575",2,16,2384,"Iowa","Melissa Dixon",21,"personal",3,13,1,-6
"2014-15","9576",1,1070,130,"Maryland","Brionna Jones",42,"personal",1,1,0,1
"2014-15","9576",1,1005,195,"Maryland","Malina Howard",5,"personal",1,2,0,3
"2014-15","9576",1,944,256,"Penn State","Tori Waldner",44,"personal",1,1,0,0
"2014-15","9576",1,700,500,"Maryland","Brionna Jones",42,"personal",2,3,0,-3
"2014-15","9576",1,600,600,"Penn State","Kaliyah Mitchell",15,"personal",1,2,0,7
"2014-15","9576",1,577,623,"Penn State","Candice Agee",1,"personal",1,3,0,6
"2014-15","9576",1,538,662,"Penn State","Kaliyah Mitchell",15,"personal",2,4,0,4
"2014-15","9576",1,389,811,"Maryland","Lexie Brown",4,"personal",1,4,0,4
"2014-15","9576",1,365,835,"Maryland","A'Lexus Harrison",33,"personal",1,5,0,5
"2014-15","9576",1,229,971,"Penn State","Peyton Whitted",25,"personal",1,5,0,-12
"2014-15","9576",1,179,1021,"Penn State","Candice Agee",1,"personal",2,6,0,-13
"2014-15","9576",1,24,1176,"Maryland","S. Walker-Kimbrough",32,"personal",1,6,0,17
"2014-15","9576",2,1084,1316,"Maryland","S. Walker-Kimbrough",32,"personal",2,1,0,17
"2014-15","9576",2,1013,1387,"Penn State","Kaliyah Mitchell",15,"personal",3,1,0,-16
"2014-15","9576",2,929,1471,"Penn State","Tori Waldner",44,"personal",2,2,0,-18
"2014-15","9576",2,879,1521,"Maryland","Laurin Mincy",1,"personal",1,2,0,19
"2014-15","9576",2,843,1557,"Penn State","Peyton Whitted",25,"personal",2,3,0,-19
"2014-15","9576",2,802,1598,"Penn State","Peyton Whitted",25,"personal",3,4,0,-21
"2014-15","9576",2,758,1642,"Penn State","Jenny DeGraaf",41,"personal",1,5,0,-21
"2014-15","9576",2,675,1725,"Penn State","Tori Waldner",44,"personal",3,6,0,-23
"2014-15","9576",2,620,1780,"Maryland","Tierney Pfirman",22,"personal",1,3,0,23
"2014-15","9576",2,568,1832,"Penn State","Peyton Whitted",25,"personal",4,7,1,-21
"2014-15","9576",2,441,1959,"Maryland","Brene Moseley",3,"personal",1,4,0,20
"2014-15","9576",2,383,2017,"Maryland","A'Lexus Harrison",33,"personal",2,5,0,20
"2014-15","9576",2,335,2065,"Maryland","Brene Moseley",3,"personal",2,6,0,17
"2014-15","9576",2,289,2111,"Penn State","Peyton Whitted",25,"personal",5,8,1,-18
"2014-15","9576",2,134,2266,"Penn State","Jenny DeGraaf",41,"personal",2,9,1,-18
"2014-15","9576",2,14,2386,"Maryland","Kiara Leslie",2,"personal",1,7,1,17
"2014-15","9577",1,1086,114,"Nebraska","Brandi Jeffery",13,"personal",1,1,0,3
"2014-15","9577",1,1013,187,"Nebraska","Tear'a Laudermill",1,"personal",1,2,0,-2
"2014-15","9577",1,907,293,"Maryland","Laurin Mincy",1,"personal",1,1,0,-1
"2014-15","9577",1,853,347,"Maryland","S. Walker-Kimbrough",32,"personal",1,2,0,-1
"2014-15","9577",1,584,616,"Maryland","Tierney Pfirman",22,"personal",1,3,0,4
"2014-15","9577",1,405,795,"Nebraska","Tear'a Laudermill",1,"personal",2,3,0,-2
"2014-15","9577",1,332,868,"Maryland","Laurin Mincy",1,"personal",2,4,0,4
"2014-15","9577",1,227,973,"Nebraska","Chandler Smith",30,"personal",1,4,0,-1
"2014-15","9577",1,127,1073,"Maryland","Kristen Confroy",12,"personal",1,5,0,3
"2014-15","9577",2,1114,1286,"Nebraska","Brandi Jeffery",13,"personal",2,1,0,-5
"2014-15","9577",2,1008,1392,"Nebraska","Hailie Sample",3,"personal",1,2,0,-7
"2014-15","9577",2,999,1401,"Maryland","S. Walker-Kimbrough",32,"personal",2,1,0,9
"2014-15","9577",2,974,1426,"Maryland","Laurin Mincy",1,"personal",3,2,0,9
"2014-15","9577",2,897,1503,"Maryland","Kiara Leslie",2,"personal",1,3,0,8
"2014-15","9577",2,779,1621,"Nebraska","Natalie Romeo",5,"personal",1,3,0,-10
"2014-15","9577",2,615,1785,"Nebraska","Natalie Romeo",5,"personal",2,4,0,-8
"2014-15","9577",2,604,1796,"Maryland","Brionna Jones",42,"personal",1,4,0,10
"2014-15","9577",2,547,1853,"Nebraska","Brandi Jeffery",13,"personal",3,5,0,-8
"2014-15","9577",2,533,1867,"Maryland","S. Walker-Kimbrough",32,"personal",3,5,0,8
"2014-15","9577",2,451,1949,"Nebraska","Allie Havers",22,"personal",1,6,0,-6
"2014-15","9577",2,293,2107,"Nebraska","Emily Cady",23,"personal",1,7,1,-13
"2014-15","9577",2,269,2131,"Maryland","Malina Howard",5,"personal",1,6,0,15
"2014-15","9577",2,206,2194,"Maryland","Brionna Jones",42,"personal",2,7,1,15
"2014-15","9577",2,186,2214,"Maryland","Malina Howard",5,"personal",2,8,1,14
"2014-15","9577",2,70,2330,"Nebraska","Tear'a Laudermill",1,"personal",3,8,1,-13
"2014-15","9578",1,1113,87,"Maryland","Brionna Jones",42,"personal",1,1,0,-2
"2014-15","9578",1,1053,147,"Maryland","Brionna Jones",42,"personal",2,2,0,-2
"2014-15","9578",1,947,253,"Maryland","Kiara Leslie",2,"personal",1,3,0,-4
"2014-15","9578",1,837,363,"Rutgers","Tyler Scaife",3,"personal",1,1,0,4
"2014-15","9578",1,811,389,"Rutgers","Rachel Hollivay",1,"personal",1,2,0,4
"2014-15","9578",1,700,500,"Rutgers","Rachel Hollivay",1,"personal",2,3,0,3
"2014-15","9578",1,536,664,"Rutgers","Christa Evans",20,"personal",1,4,0,-3
"2014-15","9578",1,389,811,"Rutgers","Kahleah Copper",2,"personal",1,5,0,-8
"2014-15","9578",1,348,852,"Rutgers","Briyona Canty",4,"personal",1,6,0,-10
"2014-15","9578",1,332,868,"Rutgers","Briyona Canty",4,"personal",2,7,1,-12
"2014-15","9578",1,272,928,"Rutgers","Syessence Davis",15,"personal",1,8,1,-10
"2014-15","9578",1,94,1106,"Maryland","A'Lexus Harrison",33,"personal",1,4,0,10
"2014-15","9578",2,1017,1383,"Maryland","Brionna Jones",42,"personal",3,1,0,6
"2014-15","9578",2,1005,1395,"Rutgers","Betnijah Laney",44,"personal",1,1,0,-6
"2014-15","9578",2,971,1429,"Maryland","Laurin Mincy",1,"personal",1,2,0,6
"2014-15","9578",2,968,1432,"Maryland","S. Walker-Kimbrough",32,"personal",1,3,0,6
"2014-15","9578",2,901,1499,"Rutgers","Tyler Scaife",3,"personal",2,2,0,-6
"2014-15","9578",2,852,1548,"Rutgers","Tyler Scaife",3,"personal",3,3,0,-5
"2014-15","9578",2,837,1563,"Rutgers","Kahleah Copper",2,"personal",2,4,0,-7
"2014-15","9578",2,706,1694,"Maryland","Laurin Mincy",1,"personal",2,4,0,6
"2014-15","9578",2,609,1791,"Rutgers","Betnijah Laney",44,"personal",2,5,0,-9
"2014-15","9578",2,521,1879,"Maryland","Malina Howard",5,"personal",1,5,0,13
"2014-15","9578",2,521,1879,"Rutgers","Ariel Butts",43,"personal",1,6,0,-11
"2014-15","9578",2,480,1920,"Maryland","Lexie Brown",4,"personal",1,6,0,9
"2014-15","9578",2,436,1964,"Rutgers","Rachel Hollivay",1,"personal",3,7,1,-8
"2014-15","9578",2,416,1984,"Maryland","Kiara Leslie",2,"personal",2,7,1,8
"2014-15","9578",2,345,2055,"Rutgers","Rachel Hollivay",1,"personal",4,8,1,-7
"2014-15","9578",2,134,2266,"Maryland","Brionna Jones",42,"personal",4,8,1,13
"2014-15","9578",2,51,2349,"Rutgers","Kahleah Copper",2,"personal",3,9,1,-10
"2014-15","9578",2,39,2361,"Rutgers","Betnijah Laney",44,"personal",3,10,1,-10
"2014-15","9579",1,1066,134,"Maryland","Laurin Mincy",1,"personal",1,1,0,3
"2014-15","9579",1,914,286,"Michigan State","Cara Miller",2,"personal",1,1,0,-3
"2014-15","9579",1,783,417,"Maryland","Brionna Jones",42,"personal",1,2,0,5
"2014-15","9579",1,777,423,"Maryland","Malina Howard",5,"personal",1,3,0,3
"2014-15","9579",1,706,494,"Maryland","Malina Howard",5,"personal",2,4,0,1
"2014-15","9579",1,509,691,"Maryland","A'Lexus Harrison",33,"personal",1,5,0,5
"2014-15","9579",1,490,710,"Michigan State","Kennedy Johnson",55,"personal",1,2,0,-4
"2014-15","9579",1,324,876,"Maryland","Laurin Mincy",1,"personal",2,6,0,-1
"2014-15","9579",1,305,895,"Michigan State","Anna Morrissey",14,"personal",1,3,0,1
"2014-15","9579",1,299,901,"Michigan State","Tori Jankoska",1,"personal",1,4,0,1
"2014-15","9579",1,279,921,"Maryland","Kiara Leslie",2,"personal",1,7,1,1
"2014-15","9579",1,261,939,"Michigan State","Kennedy Johnson",55,"personal",2,5,0,1
"2014-15","9579",1,187,1013,"Maryland","Brionna Jones",42,"personal",2,8,1,3
"2014-15","9579",1,78,1122,"Michigan State","Aerial Powers",23,"personal",1,6,0,-7
"2014-15","9579",1,56,1144,"Michigan State","Anna Morrissey",14,"personal",2,7,1,-9
"2014-15","9579",2,1056,1344,"Michigan State","Cara Miller",2,"personal",2,1,0,-1
"2014-15","9579",2,972,1428,"Maryland","S. Walker-Kimbrough",32,"personal",1,1,0,3
"2014-15","9579",2,937,1463,"Maryland","Laurin Mincy",1,"personal",3,2,0,3
"2014-15","9579",2,728,1672,"Michigan State","Becca Mills",52,"personal",1,2,0,0
"2014-15","9579",2,723,1677,"Michigan State","Aerial Powers",23,"personal",2,3,0,-1
"2014-15","9579",2,713,1687,"Maryland","Brionna Jones",42,"personal",3,3,0,1
"2014-15","9579",2,598,1802,"Maryland","S. Walker-Kimbrough",32,"technical","",3,0,0
"2014-15","9579",2,598,1802,"Michigan State","Becca Mills",52,"personal",2,4,0,0
"2014-15","9579",2,598,1802,"Maryland","S. Walker-Kimbrough",32,"personal",2,4,0,0
"2014-15","9579",2,560,1840,"Michigan State","Becca Mills",52,"personal",3,5,0,1
"2014-15","9579",2,425,1975,"Michigan State","Kennedy Johnson",55,"personal",3,6,0,-7
"2014-15","9579",2,361,2039,"Michigan State","Kennedy Johnson",55,"personal",4,7,1,-10
"2014-15","9579",2,283,2117,"Maryland","S. Walker-Kimbrough",32,"personal",3,5,0,9
"2014-15","9579",2,204,2196,"Michigan State","Cara Miller",2,"personal",3,8,1,-8
"2014-15","9579",2,180,2220,"Michigan State","Cara Miller",2,"personal",4,9,1,-10
"2014-15","9579",2,139,2261,"Maryland","Tierney Pfirman",22,"personal",1,6,0,9
"2014-15","9579",2,96,2304,"Maryland","S. Walker-Kimbrough",32,"personal",4,7,1,9
"2014-15","9579",2,57,2343,"Maryland","S. Walker-Kimbrough",32,"technical","",7,1,7
"2014-15","9579",2,56,2344,"Maryland","S. Walker-Kimbrough",32,"personal",5,8,1,7
"2014-15","9579",2,42,2358,"Michigan State","Becca Mills",52,"personal",4,10,1,-7
"2014-15","9579",2,32,2368,"Michigan State","Tori Jankoska",1,"personal",2,11,1,-6
"2014-15","9579",2,18,2382,"Michigan State","Kennedy Johnson",55,"personal",5,12,1,-5
"2014-15","9579",2,6,2394,"Maryland","Brionna Jones",42,"personal",4,9,1,7
"2014-15","9579",2,5,2395,"Michigan State","Tori Jankoska",1,"personal",3,13,1,-5
"2014-15","9580",1,1071,129,"Wisconsin","Cassie Rochel",43,"personal",1,1,0,-4
"2014-15","9580",1,1021,179,"Maryland","Malina Howard",5,"personal",1,1,0,8
"2014-15","9580",1,778,422,"Maryland","Brionna Jones",42,"personal",1,2,0,13
"2014-15","9580",1,641,559,"Maryland","Malina Howard",5,"personal",2,3,0,11
"2014-15","9580",1,532,668,"Wisconsin","AnnMarie Brown",3,"personal",1,2,0,-11
"2014-15","9580",1,275,925,"Wisconsin","Nicole Bauman",4,"personal",1,3,0,-13
"2014-15","9580",1,257,943,"Maryland","Laurin Mincy",1,"personal",1,4,0,17
"2014-15","9580",1,233,967,"Maryland","Aja Ellison",0,"personal",1,5,0,15
"2014-15","9580",1,224,976,"Wisconsin","Tessa Cichy",22,"personal",1,4,0,-15
"2014-15","9580",1,190,1010,"Wisconsin","Tessa Cichy",22,"personal",2,5,0,-15
"2014-15","9580",1,139,1061,"Wisconsin","Malayna Johnson",24,"personal",1,6,0,-14
"2014-15","9580",1,123,1077,"Maryland","Lexie Brown",4,"personal",1,6,0,14
"2014-15","9580",1,69,1131,"Wisconsin","Jacki Gulczynski",35,"personal",1,7,1,-14
"2014-15","9580",1,61,1139,"Maryland","A'Lexus Harrison",33,"personal",1,7,1,16
"2014-15","9580",2,1173,1227,"Wisconsin","Nicole Bauman",4,"personal",2,1,0,-13
"2014-15","9580",2,1078,1322,"Maryland","Brionna Jones",42,"personal",2,1,0,10
"2014-15","9580",2,901,1499,"Maryland","Kiara Leslie",2,"personal",1,2,0,5
"2014-15","9580",2,696,1704,"Wisconsin","Cassie Rochel",43,"personal",2,2,0,-11
"2014-15","9580",2,509,1891,"Wisconsin","Dakota Whyte",1,"personal",1,3,0,-13
"2014-15","9580",2,483,1917,"Maryland","Lexie Brown",4,"personal",2,3,0,15
"2014-15","9580",2,430,1970,"Wisconsin","Cassie Rochel",43,"personal",3,4,0,-17
"2014-15","9580",2,307,2093,"Maryland","S. Walker-Kimbrough",32,"personal",1,4,0,13
"2014-15","9580",2,261,2139,"Wisconsin","Cassie Rochel",43,"personal",4,5,0,-13
"2014-15","9580",2,190,2210,"Maryland","S. Walker-Kimbrough",32,"personal",2,5,0,13
"2014-15","9580",2,148,2252,"Wisconsin","Malayna Johnson",24,"personal",2,6,0,-9
"2014-15","9580",2,120,2280,"Wisconsin","Jacki Gulczynski",35,"personal",2,7,1,-9
"2014-15","9580",2,73,2327,"Wisconsin","Nicole Bauman",4,"personal",3,8,1,-10
"2014-15","9580",2,61,2339,"Wisconsin","Nicole Bauman",4,"personal",4,9,1,-12
"2014-15","9580",2,52,2348,"Maryland","Kristen Confroy",12,"personal",1,6,0,11
"2014-15","9580",2,40,2360,"Wisconsin","Dakota Whyte",1,"personal",2,10,1,-8
"2014-15","9580",2,36,2364,"Maryland","Laurin Mincy",1,"personal",2,7,1,10
"2014-15","9580",2,34,2366,"Wisconsin","Tessa Cichy",22,"personal",3,11,1,-9
"2014-15","9581",1,1066,134,"Penn State","Candice Agee",1,"personal",1,1,0,-2
"2014-15","9581",1,1040,160,"Penn State","Lindsey Spann",12,"personal",1,2,0,-2
"2014-15","9581",1,997,203,"Penn State","Peyton Whitted",25,"personal",1,3,0,-7
"2014-15","9581",1,952,248,"Maryland","Malina Howard",5,"personal",1,1,0,10
"2014-15","9581",1,861,339,"Penn State","Tori Waldner",44,"personal",1,4,0,-10
"2014-15","9581",1,784,416,"Maryland","Laurin Mincy",1,"personal",1,2,0,10
"2014-15","9581",1,759,441,"Maryland","A'Lexus Harrison",33,"personal",1,3,0,8
"2014-15","9581",1,746,454,"Penn State","Keke Sevillian",10,"personal",1,5,0,-8
"2014-15","9581",1,483,717,"Penn State","Alex Harris",11,"personal",1,6,0,-12
"2014-15","9581",1,373,827,"Penn State","Tori Waldner",44,"personal",2,7,1,-14
"2014-15","9581",1,366,834,"Maryland","Malina Howard",5,"personal",2,4,0,15
"2014-15","9581",1,257,943,"Penn State","Peyton Whitted",25,"personal",2,8,1,-17
"2014-15","9581",1,217,983,"Penn State","Candice Agee",1,"personal",2,9,1,-18
"2014-15","9581",1,105,1095,"Penn State","Tori Waldner",44,"personal",3,10,1,-18
"2014-15","9581",2,1141,1259,"Penn State","Keke Sevillian",10,"personal",2,1,0,-19
"2014-15","9581",2,1100,1300,"Penn State","Tori Waldner",44,"personal",4,2,0,-19
"2014-15","9581",2,1037,1363,"Penn State","Kaliyah Mitchell",15,"personal",1,3,0,-17
"2014-15","9581",2,1035,1365,"Maryland","S. Walker-Kimbrough",32,"personal",1,1,0,20
"2014-15","9581",2,988,1412,"Maryland","Kristen Confroy",12,"personal",1,2,0,18
"2014-15","9581",2,917,1483,"Maryland","Malina Howard",5,"personal",3,3,0,22
"2014-15","9581",2,747,1653,"Maryland","Brionna Jones",42,"personal",1,4,0,22
"2014-15","9581",2,641,1759,"Penn State","Jenny DeGraaf",41,"personal",1,4,0,-22
"2014-15","9581",2,572,1828,"Penn State","Candice Agee",1,"personal",3,5,0,-24
"2014-15","9581",2,498,1902,"Penn State","Sierra Moore",5,"personal",1,6,0,-24
"2014-15","9581",2,354,2046,"Maryland","A'Lexus Harrison",33,"personal",2,5,0,31
"2014-15","9581",2,329,2071,"Maryland","A'Lexus Harrison",33,"personal",3,6,0,29
"2014-15","9581",2,296,2104,"Maryland","Tierney Pfirman",22,"personal",1,7,1,27
"2014-15","9581",2,281,2119,"Penn State","Kaliyah Mitchell",15,"personal",2,7,1,-27
"2014-15","9581",2,247,2153,"Penn State","Keke Sevillian",10,"personal",3,8,1,-29
"2014-15","9581",2,187,2213,"Penn State","Peyton Whitted",25,"personal",3,9,1,-34
"2014-15","9581",2,164,2236,"Maryland","Kiara Leslie",2,"personal",1,8,1,35
"2014-15","9581",2,137,2263,"Penn State","Kaliyah Mitchell",15,"personal",3,10,1,-35
"2014-15","9581",2,121,2279,"Maryland","Aja Ellison",0,"personal",1,9,1,35
"2014-15","9582",1,947,253,"Maryland","Brionna Jones",42,"personal",1,1,0,4
"2014-15","9582",1,867,333,"Indiana","Karlee McBride",21,"personal",1,1,0,-3
"2014-15","9582",1,835,365,"Indiana","Jess Walter",2,"personal",1,2,0,-4
"2014-15","9582",1,742,458,"Maryland","Malina Howard",5,"personal",1,2,0,3
"2014-15","9582",1,693,507,"Indiana","Alexis Gassion",23,"personal",1,3,0,-2
"2014-15","9582",1,559,641,"Indiana","Alexis Gassion",23,"personal",2,4,0,-3
"2014-15","9582",1,531,669,"Indiana","Karlee McBride",21,"personal",2,5,0,-4
"2014-15","9582",1,402,798,"Indiana","Tyra Buss",3,"personal",1,6,0,-7
"2014-15","9582",1,336,864,"Indiana","Jenn Anderson",43,"personal",1,7,1,-8
"2014-15","9582",1,267,933,"Indiana","Alexis Gassion",23,"personal",3,8,1,-11
"2014-15","9582",1,261,939,"Maryland","Lexie Brown",4,"personal",1,3,0,13
"2014-15","9582",1,246,954,"Maryland","Kiara Leslie",2,"personal",1,4,0,11
"2014-15","9582",1,186,1014,"Indiana","Jess Walter",2,"personal",2,9,1,-7
"2014-15","9582",1,174,1026,"Maryland","Lexie Brown",4,"personal",2,5,0,9
"2014-15","9582",2,1166,1234,"Maryland","Brionna Jones",42,"personal",2,1,0,12
"2014-15","9582",2,1067,1333,"Indiana","Amanda Cahill",33,"personal",1,1,0,-10
"2014-15","9582",2,1023,1377,"Indiana","Tyra Buss",3,"personal",2,2,0,-10
"2014-15","9582",2,924,1476,"Indiana","Amanda Cahill",33,"personal",2,3,0,-13
"2014-15","9582",2,787,1613,"Maryland","S. Walker-Kimbrough",32,"personal",1,2,0,13
"2014-15","9582",2,761,1639,"Maryland","Malina Howard",5,"personal",2,3,0,13
"2014-15","9582",2,574,1826,"Indiana","Larryn Brooks",5,"personal",1,4,0,-7
"2014-15","9582",2,550,1850,"Indiana","Karlee McBride",21,"personal",3,5,0,-7
"2014-15","9582",2,549,1851,"Maryland","Laurin Mincy",1,"personal",1,4,0,7
"2014-15","9582",2,398,2002,"Maryland","A'Lexus Harrison",33,"personal",1,5,0,8
"2014-15","9582",2,328,2072,"Indiana","Larryn Brooks",5,"personal",2,6,0,-6
"2014-15","9582",2,277,2123,"Maryland","A'Lexus Harrison",33,"personal",2,6,0,10
"2014-15","9582",2,258,2142,"Indiana","Alexis Gassion",23,"personal",4,7,1,-9
"2014-15","9582",2,239,2161,"Maryland","Lexie Brown",4,"personal",3,7,1,10
"2014-15","9582",2,224,2176,"Indiana","Tyra Buss",3,"personal",3,8,1,-9
"2014-15","9582",2,193,2207,"Indiana","Amanda Cahill",33,"personal",3,9,1,-11
"2014-15","9582",2,184,2216,"Maryland","Malina Howard",5,"personal",3,8,1,12
"2014-15","9582",2,139,2261,"Indiana","Amanda Cahill",33,"personal",4,10,1,-13
"2014-15","9582",2,118,2282,"Maryland","Malina Howard",5,"personal",4,9,1,15
"2014-15","9582",2,111,2289,"Indiana","Amanda Cahill",33,"personal",5,11,1,-13
"2014-15","9582",2,36,2364,"Indiana","Jess Walter",2,"personal",3,12,1,-9
"2014-15","9583",1,592,608,"Northwestern","Christen Inman",24,"personal",1,1,0,-5
"2014-15","9583",1,576,624,"Maryland","S. Walker-Kimbrough",32,"personal",1,1,0,4
"2014-15","9583",1,550,650,"Maryland","Lexie Brown",4,"personal",1,2,0,4
"2014-15","9583",1,458,742,"Maryland","Lexie Brown",4,"personal",2,3,0,2
"2014-15","9583",1,296,904,"Maryland","Laurin Mincy",1,"personal",1,4,0,6
"2014-15","9583",1,174,1026,"Maryland","Brionna Jones",42,"personal",1,5,0,1
"2014-15","9583",1,86,1114,"Northwestern","Ashley Deary",3,"personal",1,2,0,-4
"2014-15","9583",2,1094,1306,"Maryland","Brionna Jones",42,"personal",2,1,0,5
"2014-15","9583",2,1061,1339,"Northwestern","Alex Cohen",5,"personal",1,1,0,-5
"2014-15","9583",2,995,1405,"Maryland","Lexie Brown",4,"personal",3,2,0,7
"2014-15","9583",2,975,1425,"Northwestern","Nia Coffey",10,"personal",1,2,0,-6
"2014-15","9583",2,953,1447,"Maryland","Malina Howard",5,"personal",1,3,0,8
"2014-15","9583",2,853,1547,"Northwestern","Nia Coffey",10,"personal",2,3,0,-10
"2014-15","9583",2,807,1593,"Maryland","Brene Moseley",3,"personal",1,4,0,10
"2014-15","9583",2,672,1728,"Maryland","Tierney Pfirman",22,"personal",1,5,0,14
"2014-15","9583",2,656,1744,"Northwestern","Alex Cohen",5,"personal",2,4,0,-12
"2014-15","9583",2,580,1820,"Northwestern","Lauren Douglas",11,"personal",1,5,0,-14
"2014-15","9583",2,546,1854,"Maryland","Kristen Confroy",12,"personal",1,6,0,16
"2014-15","9583",2,481,1919,"Northwestern","Alex Cohen",5,"personal",3,6,0,-16
"2014-15","9583",2,440,1960,"Northwestern","Nia Coffey",10,"personal",3,7,1,-17
"2014-15","9583",2,373,2027,"Northwestern","Lauren Douglas",11,"personal",2,8,1,-20
"2014-15","9583",2,273,2127,"Northwestern","Maggie Lyon",25,"personal",1,9,1,-17
"2014-15","9583",2,271,2129,"Northwestern","Alex Cohen",5,"personal",4,10,1,-17
"2014-15","9583",2,228,2172,"Northwestern","Nia Coffey",10,"personal",4,11,1,-19
"2014-15","9583",2,212,2188,"Northwestern","Maggie Lyon",25,"personal",2,12,1,-19
"2014-15","9583",2,181,2219,"Northwestern","Maggie Lyon",25,"personal",3,13,1,-18
"2014-15","9583",2,107,2293,"Northwestern","Ashley Deary",3,"personal",2,14,1,-19
"2014-15","9583",2,5,2395,"Northwestern","Maggie Lyon",25,"personal",4,15,1,-19
"2014-15","9584",1,1067,133,"Michigan State","Becca Mills",52,"personal",1,1,0,-4
"2014-15","9584",1,986,214,"Michigan State","Lexi Gussert",24,"personal",1,2,0,-6
"2014-15","9584",1,969,231,"Maryland","Laurin Mincy",1,"personal",1,1,0,7
"2014-15","9584",1,963,237,"Maryland","Brene Moseley",3,"personal",1,2,0,7
"2014-15","9584",1,925,275,"Maryland","Brene Moseley",3,"personal",2,3,0,5
"2014-15","9584",1,837,363,"Michigan State","Aerial Powers",23,"personal",1,3,0,-5
"2014-15","9584",1,813,387,"Maryland","S. Walker-Kimbrough",32,"personal",1,4,0,5
"2014-15","9584",1,727,473,"Michigan State","Aerial Powers",23,"personal",2,4,0,-5
"2014-15","9584",1,582,618,"Michigan State","Anna Morrissey",14,"personal",1,5,0,-15
"2014-15","9584",1,554,646,"Michigan State","Becca Mills",52,"personal",2,6,0,-13
"2014-15","9584",1,545,655,"Maryland","Laurin Mincy",1,"personal",2,5,0,13
"2014-15","9584",1,502,698,"Michigan State","Kennedy Johnson",55,"personal",1,7,1,-15
"2014-15","9584",1,376,824,"Maryland","Brionna Jones",42,"personal",1,6,0,10
"2014-15","9584",1,336,864,"Michigan State","Becca Mills",52,"personal",3,8,1,-12
"2014-15","9584",1,121,1079,"Michigan State","Kennedy Johnson",55,"personal",2,9,1,-7
"2014-15","9584",1,17,1183,"Maryland","S. Walker-Kimbrough",32,"personal",2,7,1,10
"2014-15","9584",2,1142,1258,"Maryland","Lexie Brown",4,"personal",1,1,0,13
"2014-15","9584",2,1140,1260,"Maryland","S. Walker-Kimbrough",32,"personal",3,2,0,11
"2014-15","9584",2,1052,1348,"Michigan State","Kennedy Johnson",55,"personal",3,1,0,-8
"2014-15","9584",2,1039,1361,"Maryland","Malina Howard",5,"personal",1,3,0,10
"2014-15","9584",2,928,1472,"Michigan State","Tori Jankoska",1,"personal",1,2,0,-7
"2014-15","9584",2,833,1567,"Maryland","Tierney Pfirman",22,"personal",1,4,0,7
"2014-15","9584",2,821,1579,"Michigan State","Anna Morrissey",14,"personal",2,3,0,-6
"2014-15","9584",2,815,1585,"Michigan State","Anna Morrissey",14,"personal",3,4,0,-7
"2014-15","9584",2,783,1617,"Maryland","Laurin Mincy",1,"personal",3,5,0,11
"2014-15","9584",2,655,1745,"Maryland","S. Walker-Kimbrough",32,"personal",4,6,0,13
"2014-15","9584",2,632,1768,"Michigan State","Aerial Powers",23,"personal",3,5,0,-13
"2014-15","9584",2,543,1857,"Michigan State","Kennedy Johnson",55,"personal",4,6,0,-15
"2014-15","9584",2,526,1874,"Michigan State","Becca Mills",52,"personal",4,7,1,-17
"2014-15","9584",2,455,1945,"Maryland","Brene Moseley",3,"personal",3,7,1,16
"2014-15","9584",2,400,2000,"Michigan State","Tori Jankoska",1,"personal",2,8,1,-15
"2014-15","9584",2,309,2091,"Michigan State","Tori Jankoska",1,"personal",3,9,1,-13
"2014-15","9584",2,293,2107,"Maryland","S. Walker-Kimbrough",32,"personal",5,8,1,15
"2014-15","9584",2,291,2109,"Maryland","Brene Moseley",3,"personal",4,9,1,14
"2014-15","9584",2,196,2204,"Maryland","Malina Howard",5,"personal",2,10,1,15
"2014-15","9584",2,162,2238,"Maryland","Malina Howard",5,"personal",3,11,1,13
"2014-15","9584",2,141,2259,"Michigan State","Cara Miller",2,"personal",1,10,1,-12
"2014-15","9584",2,65,2335,"Maryland","Malina Howard",5,"personal",4,12,1,14
"2014-15","9585",1,931,269,"Maryland","Lexie Brown",4,"personal",1,1,0,-2
"2014-15","9585",1,830,370,"Maryland","Brionna Jones",42,"personal",1,2,0,1
"2014-15","9585",1,738,462,"Maryland","Laurin Mincy",1,"personal",1,3,0,-4
"2014-15","9585",1,708,492,"Northwestern","Lauren Douglas",11,"personal",1,1,0,6
"2014-15","9585",1,674,526,"Maryland","Brionna Jones",42,"personal",2,4,0,-6
"2014-15","9585",1,665,535,"Maryland","S. Walker-Kimbrough",32,"personal",1,5,0,-9
"2014-15","9585",1,436,764,"Maryland","Lexie Brown",4,"personal",2,6,0,-8
"2014-15","9585",1,345,855,"Northwestern","Lauren Douglas",11,"personal",2,2,0,6
"2014-15","9585",1,159,1041,"Northwestern","Karly Roser",42,"personal",1,3,0,4
"2014-15","9585",1,83,1117,"Northwestern","Maggie Lyon",25,"personal",1,4,0,-1
"2014-15","9585",1,67,1133,"Northwestern","Alex Cohen",5,"personal",1,5,0,-1
"2014-15","9585",1,38,1162,"Northwestern","Christen Inman",24,"personal",1,6,0,-3
"2014-15","9585",2,802,1598,"Maryland","S. Walker-Kimbrough",32,"personal",2,1,0,18
"2014-15","9585",2,770,1630,"Northwestern","Nia Coffey",10,"personal",1,1,0,-16
"2014-15","9585",2,735,1665,"Maryland","Malina Howard",5,"personal",1,2,0,18
"2014-15","9585",2,723,1677,"Northwestern","Maggie Lyon",25,"personal",2,2,0,-18
"2014-15","9585",2,709,1691,"Northwestern","Maggie Lyon",25,"personal",3,3,0,-18
"2014-15","9585",2,623,1777,"Northwestern","Nia Coffey",10,"personal",2,4,0,-18
"2014-15","9585",2,600,1800,"Maryland","Kristen Confroy",12,"personal",1,3,0,19
"2014-15","9585",2,596,1804,"Northwestern","Nia Coffey",10,"personal",3,5,0,-19
"2014-15","9585",2,537,1863,"Northwestern","Nia Coffey",10,"personal",4,6,0,-17
"2014-15","9585",2,442,1958,"Maryland","Laurin Mincy",1,"personal",2,4,0,15
"2014-15","9585",2,328,2072,"Maryland","Laurin Mincy",1,"personal",3,5,0,13
"2014-15","9585",2,280,2120,"Northwestern","Maggie Lyon",25,"personal",4,7,1,-10
"2014-15","9585",2,212,2188,"Northwestern","Nia Coffey",10,"personal",5,8,1,-10
"2014-15","9585",2,190,2210,"Maryland","Laurin Mincy",1,"personal",4,6,0,10
"2014-15","9585",2,132,2268,"Maryland","Tierney Pfirman",22,"personal",1,7,1,8
"2014-15","9585",2,103,2297,"Northwestern","Maggie Lyon",25,"personal",5,9,1,-8
"2014-15","9585",2,77,2323,"Northwestern","Lauren Douglas",11,"personal",3,10,1,-8
"2014-15","9585",2,65,2335,"Northwestern","Karly Roser",42,"personal",2,11,1,-9
"2014-15","9585",2,54,2346,"Northwestern","Alex Cohen",5,"personal",2,12,1,-11
"2014-15","9585",2,40,2360,"Northwestern","Karly Roser",42,"personal",3,13,1,-13
"2014-15","9585",2,31,2369,"Northwestern","Lauren Douglas",11,"personal",4,14,1,-11
"2014-15","9585",2,19,2381,"Maryland","Malina Howard",5,"personal",2,8,1,13
"2014-15","9585",2,17,2383,"Northwestern","Lydia Rohde",12,"personal",1,15,1,-11
"2014-15","9586",1,1117,83,"Ohio State","Ameryst Alston",14,"personal",1,1,0,5
"2014-15","9586",1,1110,90,"Maryland","Brionna Jones",42,"personal",1,1,0,-5
"2014-15","9586",1,912,288,"Maryland","Malina Howard",5,"personal",1,2,0,3
"2014-15","9586",1,831,369,"Maryland","Tierney Pfirman",22,"personal",1,3,0,1
"2014-15","9586",1,622,578,"Ohio State","Shayla Cooper",32,"personal",1,2,0,-3
"2014-15","9586",1,604,596,"Maryland","Kiara Leslie",2,"personal",1,4,0,6
"2014-15","9586",1,518,682,"Maryland","Brionna Jones",42,"personal",2,5,0,2
"2014-15","9586",1,303,897,"Maryland","Laurin Mincy",1,"personal",1,6,0,6
"2014-15","9586",1,189,1011,"Maryland","Lexie Brown",4,"personal",1,7,1,2
"2014-15","9586",1,170,1030,"Ohio State","Alexa Hart",22,"personal",1,3,0,-1
"2014-15","9586",1,148,1052,"Ohio State","Shayla Cooper",32,"personal",2,4,0,-2
"2014-15","9586",1,45,1155,"Ohio State","Kelsey Mitchell",3,"personal",1,5,0,-6
"2014-15","9586",2,1148,1252,"Ohio State","Cait Craft",13,"personal",1,1,0,-11
"2014-15","9586",2,1053,1347,"Maryland","Malina Howard",5,"personal",2,1,0,13
"2014-15","9586",2,1043,1357,"Maryland","Brionna Jones",42,"personal",3,2,0,13
"2014-15","9586",2,1002,1398,"Maryland","Malina Howard",5,"personal",3,3,0,12
"2014-15","9586",2,926,1474,"Ohio State","Shayla Cooper",32,"personal",3,2,0,-12
"2014-15","9586",2,791,1609,"Maryland","Laurin Mincy",1,"personal",2,4,0,7
"2014-15","9586",2,713,1687,"Ohio State","Alexa Hart",22,"personal",2,3,0,-3
"2014-15","9586",2,692,1708,"Ohio State","Kelsey Mitchell",3,"personal",2,4,0,-5
"2014-15","9586",2,659,1741,"Maryland","S. Walker-Kimbrough",32,"personal",1,5,0,5
"2014-15","9586",2,645,1755,"Maryland","Brionna Jones",42,"personal",4,6,0,5
"2014-15","9586",2,623,1777,"Ohio State","Alexa Hart",22,"personal",3,5,0,-2
"2014-15","9586",2,476,1924,"Ohio State","Shayla Cooper",32,"personal",4,6,0,-4
"2014-15","9586",2,459,1941,"Ohio State","","","technical","",6,0,-4
"2014-15","9586",2,427,1973,"Maryland","Laurin Mincy",1,"personal",3,7,1,5
"2014-15","9586",2,383,2017,"Ohio State","Alexa Hart",22,"personal",4,7,1,-1
"2014-15","9586",2,375,2025,"Maryland","Kiara Leslie",2,"personal",2,8,1,3
"2014-15","9586",2,372,2028,"Maryland","Brene Moseley",3,"personal",1,9,1,1
"2014-15","9586",2,342,2058,"Maryland","Lexie Brown",4,"personal",2,10,1,3
"2014-15","9586",2,328,2072,"Ohio State","Asia Doss",20,"personal",1,8,1,-2
"2014-15","9586",2,208,2192,"Maryland","Lexie Brown",4,"personal",3,11,1,6
"2014-15","9586",2,147,2253,"Ohio State","Kelsey Mitchell",3,"personal",3,9,1,-2
"2014-15","9586",2,4,2396,"Ohio State","Cait Craft",13,"personal",2,10,1,-1
"2014-15","9587",1,1185,15,"New Mexico State","Abby Scott",23,"personal",1,1,0,0
"2014-15","9587",1,1123,77,"New Mexico State","Brianna Freeman",24,"personal",1,2,0,0
"2014-15","9587",1,1026,174,"New Mexico State","Shanice Davis",11,"personal",1,3,0,0
"2014-15","9587",1,838,362,"New Mexico State","Abby Scott",23,"personal",2,4,0,-1
"2014-15","9587",1,776,424,"Maryland","Lexie Brown",4,"personal",1,1,0,5
"2014-15","9587",1,584,616,"New Mexico State","Zaire Williams",12,"personal",1,5,0,-7
"2014-15","9587",1,407,793,"New Mexico State","Moriah Mack",35,"personal",1,6,0,-11
"2014-15","9587",1,300,900,"Maryland","Lexie Brown",4,"personal",2,2,0,13
"2014-15","9587",1,249,951,"Maryland","S. Walker-Kimbrough",32,"personal",1,3,0,11
"2014-15","9587",1,180,1020,"Maryland","Brionna Jones",42,"personal",1,4,0,12
"2014-15","9587",1,155,1045,"New Mexico State","Tamera William",21,"personal",1,7,1,-11
"2014-15","9587",1,38,1162,"New Mexico State","Tamera William",21,"personal",2,8,1,-12
"2014-15","9587",2,1126,1274,"New Mexico State","Brianna Freeman",24,"personal",2,1,0,-10
"2014-15","9587",2,1027,1373,"New Mexico State","Moriah Mack",35,"personal",2,2,0,-10
"2014-15","9587",2,964,1436,"Maryland","Brionna Jones",42,"personal",2,1,0,12
"2014-15","9587",2,919,1481,"New Mexico State","Tamera William",21,"personal",3,3,0,-13
"2014-15","9587",2,849,1551,"New Mexico State","Brianna Freeman",24,"personal",3,4,0,-13
"2014-15","9587",2,805,1595,"New Mexico State","Moriah Mack",35,"personal",3,5,0,-15
"2014-15","9587",2,784,1616,"Maryland","Brionna Jones",42,"personal",3,2,0,17
"2014-15","9587",2,723,1677,"New Mexico State","Sasha Weber",4,"personal",1,6,0,-18
"2014-15","9587",2,583,1817,"New Mexico State","Brianna Freeman",24,"personal",4,7,1,-23
"2014-15","9587",2,411,1989,"New Mexico State","Zaire Williams",12,"personal",2,8,1,-23
"2014-15","9587",2,365,2035,"New Mexico State","Sasha Weber",4,"personal",2,9,1,-23
"2014-15","9587",2,166,2234,"Maryland","Kiara Leslie",2,"personal",1,3,0,23
"2014-15","9587",2,74,2326,"New Mexico State","Moriah Mack",35,"personal",4,10,1,-20
"2014-15","9588",1,1122,78,"Princeton","Alex Wheatley",21,"personal",1,1,0,2
"2014-15","9588",1,1097,103,"Princeton","Annie Tarakchian",15,"personal",1,2,0,2
"2014-15","9588",1,1081,119,"Maryland","Brionna Jones",42,"personal",1,1,0,-2
"2014-15","9588",1,763,437,"Maryland","S. Walker-Kimbrough",32,"personal",1,2,0,6
"2014-15","9588",1,673,527,"Princeton","Mariah Smith",25,"personal",1,3,0,1
"2014-15","9588",1,451,749,"Maryland","Lexie Brown",4,"personal",1,3,0,-1
"2014-15","9588",1,358,842,"Maryland","A'Lexus Harrison",33,"personal",1,4,0,-3
"2014-15","9588",1,297,903,"Princeton","Vanessa Smith",13,"personal",1,4,0,4
"2014-15","9588",1,224,976,"Princeton","Michelle Miller",34,"personal",1,5,0,-1
"2014-15","9588",2,1080,1320,"Princeton","Michelle Miller",34,"personal",2,1,0,-6
"2014-15","9588",2,1016,1384,"Princeton","Alex Wheatley",21,"personal",2,2,0,-10
"2014-15","9588",2,1004,1396,"Princeton","Alex Wheatley",21,"personal",3,3,0,-10
"2014-15","9588",2,888,1512,"Maryland","Brionna Jones",42,"personal",2,1,0,17
"2014-15","9588",2,688,1712,"Princeton","Annie Tarakchian",15,"personal",2,4,0,-13
"2014-15","9588",2,650,1750,"Princeton","Alex Wheatley",21,"personal",4,5,0,-15
"2014-15","9588",2,580,1820,"Maryland","Tierney Pfirman",22,"personal",1,2,0,16
"2014-15","9588",2,560,1840,"Princeton","Annie Tarakchian",15,"personal",3,6,0,-16
"2014-15","9588",2,534,1866,"Maryland","Malina Howard",5,"personal",1,3,0,19
"2014-15","9588",2,462,1938,"Princeton","Mariah Smith",25,"personal",2,7,1,-21
"2014-15","9588",2,339,2061,"Maryland","Brene Moseley",3,"personal",1,4,0,19
"2014-15","9588",2,326,2074,"Maryland","Lexie Brown",4,"personal",2,5,0,19
"2014-15","9588",2,258,2142,"Maryland","S. Walker-Kimbrough",32,"personal",2,6,0,17
"2014-15","9588",2,91,2309,"Maryland","S. Walker-Kimbrough",32,"personal",3,7,1,15
"2014-15","9588",2,82,2318,"Princeton","Annie Tarakchian",15,"personal",4,8,1,-12
"2014-15","9589",1,1011,189,"Maryland","Malina Howard",5,"personal",1,1,0,3
"2014-15","9589",1,709,491,"Duke","Mercedes Riggs",12,"personal",1,1,0,-1
"2014-15","9589",1,347,853,"Duke","Amber Henson",30,"personal",1,2,0,-2
"2014-15","9589",1,321,879,"Duke","Kendall Cooper",21,"personal",1,3,0,-4
"2014-15","9589",1,297,903,"Duke","Azura Stevens",11,"personal",1,4,0,-4
"2014-15","9589",1,220,980,"Duke","Elizabeth Williams",1,"personal",1,5,0,-4
"2014-15","9589",1,128,1072,"Duke","Ka'lia Johnson",14,"personal",1,6,0,-7
"2014-15","9589",1,107,1093,"Maryland","Kristen Confroy",12,"personal",1,2,0,9
"2014-15","9589",1,78,1122,"Maryland","S. Walker-Kimbrough",32,"personal",1,3,0,7
"2014-15","9589",1,51,1149,"Duke","Mercedes Riggs",12,"personal",2,7,1,-5
"2014-15","9589",2,1118,1282,"Duke","Elizabeth Williams",1,"personal",2,1,0,-10
"2014-15","9589",2,1095,1305,"Maryland","Malina Howard",5,"personal",2,1,0,10
"2014-15","9589",2,1020,1380,"Maryland","Laurin Mincy",1,"personal",1,2,0,8
"2014-15","9589",2,977,1423,"Duke","Amber Henson",30,"personal",2,2,0,-6
"2014-15","9589",2,929,1471,"Maryland","Tierney Pfirman",22,"personal",1,3,0,6
"2014-15","9589",2,803,1597,"Duke","Kendall Cooper",21,"personal",2,3,0,-3
"2014-15","9589",2,602,1798,"Maryland","Malina Howard",5,"personal",3,4,0,8
"2014-15","9589",2,565,1835,"Maryland","Brene Moseley",3,"personal",1,5,0,6
"2014-15","9589",2,549,1851,"Duke","Amber Henson",30,"personal",3,4,0,-5
"2014-15","9589",2,439,1961,"Duke","Kendall Cooper",21,"personal",3,5,0,-5
"2014-15","9589",2,392,2008,"Maryland","S. Walker-Kimbrough",32,"personal",2,6,0,8
"2014-15","9589",2,130,2270,"Duke","Ka'lia Johnson",14,"personal",2,6,0,-9
"2014-15","9589",2,39,2361,"Duke","Ka'lia Johnson",14,"personal",3,7,1,-11
"2014-15","9589",2,16,2384,"Duke","Rebecca Greenwell",23,"personal",1,8,1,-11
"2014-15","9589",2,15,2385,"Maryland","Laurin Mincy",1,"personal",2,7,1,12
"2014-15","9590",1,1106,94,"Maryland","Lexie Brown",4,"personal",1,1,0,-5
"2014-15","9590",1,856,344,"Maryland","Tierney Pfirman",22,"personal",1,2,0,-7
"2014-15","9590",1,817,383,"Tennessee","Alexa Middleton",33,"personal",1,1,0,5
"2014-15","9590",1,803,397,"Tennessee","Jaime Nared",31,"personal",1,2,0,4
"2014-15","9590",1,480,720,"Tennessee","Nia Moore",1,"personal",1,3,0,2
"2014-15","9590",1,415,785,"Maryland","Brionna Jones",42,"personal",1,3,0,-1
"2014-15","9590",1,368,832,"Tennessee","Jordan Reynolds",0,"personal",1,4,0,1
"2014-15","9590",1,286,914,"Maryland","Malina Howard",5,"personal",1,4,0,1
"2014-15","9590",1,272,928,"Tennessee","Ariel Massengale",5,"personal",1,5,0,-1
"2014-15","9590",1,185,1015,"Tennessee","Bashaara Graves",12,"personal",1,6,0,-1
"2014-15","9590",1,134,1066,"Maryland","Laurin Mincy",1,"personal",1,5,0,1
"2014-15","9590",2,1007,1393,"Tennessee","Ariel Massengale",5,"personal",2,1,0,3
"2014-15","9590",2,934,1466,"Maryland","Malina Howard",5,"personal",2,1,0,0
"2014-15","9590",2,815,1585,"Tennessee","Bashaara Graves",12,"personal",2,2,0,5
"2014-15","9590",2,807,1593,"Maryland","A'Lexus Harrison",33,"personal",1,2,0,-5
"2014-15","9590",2,725,1675,"Tennessee","Bashaara Graves",12,"personal",3,3,0,0
"2014-15","9590",2,688,1712,"Tennessee","Cierra Burdick",11,"personal",1,4,0,0
"2014-15","9590",2,538,1862,"Tennessee","Andraya Carter",14,"personal",1,5,0,1
"2014-15","9590",2,293,2107,"Tennessee","Ariel Massengale",5,"personal",3,6,0,2
"2014-15","9590",2,248,2152,"Maryland","Kiara Leslie",2,"personal",1,3,0,1
"2014-15","9590",2,191,2209,"Maryland","Brionna Jones",42,"personal",2,4,0,3
"2014-15","9590",2,112,2288,"Maryland","Laurin Mincy",1,"personal",2,5,0,3
"2014-15","9590",2,41,2359,"Tennessee","Bashaara Graves",12,"personal",4,7,1,-3
"2014-15","9590",2,37,2363,"Tennessee","Andraya Carter",14,"personal",2,8,1,-4
"2014-15","9590",2,23,2377,"Tennessee","Bashaara Graves",12,"personal",5,9,1,-6
"2014-15","9590",2,14,2386,"Tennessee","Andraya Carter",14,"personal",3,10,1,-8
"2014-15","9591",1,1171,29,"Maryland","Brionna Jones",42,"personal",1,1,0,-2
"2014-15","9591",1,964,236,"Maryland","Brionna Jones",42,"personal",2,2,0,0
"2014-15","9591",1,883,317,"Maryland","Lexie Brown",4,"personal",1,3,0,-2
"2014-15","9591",1,724,476,"UConn","Kia NURSE",11,"personal",1,1,0,6
"2014-15","9591",1,626,574,"Maryland","Malina Howard",5,"personal",1,4,0,-6
"2014-15","9591",1,519,681,"Maryland","S. Walker-Kimbrough",32,"personal",1,5,0,-3
"2014-15","9591",1,318,882,"UConn","Breanna STEWART",30,"personal",1,2,0,11
"2014-15","9591",1,287,913,"UConn","Morgan TUCK",3,"personal",1,3,0,9
"2014-15","9591",1,186,1014,"Maryland","S. Walker-Kimbrough",32,"personal",2,6,0,-8
"2014-15","9591",1,168,1032,"Maryland","Kiara Leslie",2,"personal",1,7,1,-8
"2014-15","9591",1,30,1170,"UConn","Breanna STEWART",30,"personal",2,4,0,11
"2014-15","9591",1,11,1189,"UConn","Morgan TUCK",3,"personal",2,5,0,11
"2014-15","9591",2,1111,1289,"Maryland","Malina Howard",5,"personal",2,1,0,-11
"2014-15","9591",2,1045,1355,"Maryland","Malina Howard",5,"personal",3,2,0,-16
"2014-15","9591",2,1015,1385,"UConn","K. MOSQUEDA-LEWIS",23,"personal",1,1,0,18
"2014-15","9591",2,886,1514,"UConn","K. MOSQUEDA-LEWIS",23,"personal",2,2,0,20
"2014-15","9591",2,867,1533,"Maryland","Tierney Pfirman",22,"personal",1,3,0,-18
"2014-15","9591",2,841,1559,"Maryland","Brionna Jones",42,"personal",3,4,0,-18
"2014-15","9591",2,751,1649,"UConn","K. MOSQUEDA-LEWIS",23,"personal",3,3,0,18
"2014-15","9591",2,738,1662,"Maryland","Brene Moseley",3,"personal",1,5,0,-18
"2014-15","9591",2,721,1679,"UConn","Kia NURSE",11,"personal",2,4,0,18
"2014-15","9591",2,695,1705,"UConn","Kiah STOKES",41,"personal",1,5,0,18
"2014-15","9591",2,624,1776,"Maryland","Lexie Brown",4,"personal",2,6,0,-14
"2014-15","9591",2,566,1834,"Maryland","Brionna Jones",42,"personal",4,7,1,-18
"2014-15","9591",2,553,1847,"UConn","Moriah JEFFERSON",4,"personal",1,6,0,20
"2014-15","9591",2,424,1976,"Maryland","Tierney Pfirman",22,"personal",2,8,1,-19
"2014-15","9591",2,346,2054,"UConn","Gabby WILLIAMS",15,"personal",1,7,1,21
"2014-15","9591",2,301,2099,"UConn","Gabby WILLIAMS",15,"personal",2,8,1,21
"2014-15","9591",2,250,2150,"Maryland","Laurin Mincy",1,"personal",1,9,1,-20
"2014-15","9591",2,63,2337,"Maryland","S. Walker-Kimbrough",32,"personal",3,10,1,-24
