"source_id","file_id","period","time_remaining","seconds_elapsed","team","player_name","player_number","trip_size","made","missed","trip_result","first_attempt_made","margin_before","clutch","trip_context"
"2014-15","9555",1,862,338,"Maryland","Laurin Mincy",1,2,2,0,"2/2",1,11,0,""
"2014-15","9555",1,703,497,"Maryland","Malina Howard",5,2,2,0,"2/2",1,16,0,""
"2014-15","9555",1,601,599,"Maryland","Laurin Mincy",1,2,2,0,"2/2",1,17,0,""
"2014-15","9555",1,574,626,"Maryland","Laurin Mincy",1,1,1,0,"1/1",1,19,0,"other"
"2014-15","9555",1,524,676,"Maryland","Brene Moseley",3,1,1,0,"1/1",1,20,0,"and_one"
"2014-15","9555",1,502,698,"Mount St. Mary's","Kaitlyn EISENHARD",45,2,1,1,"1/2",1,-21,0,""
"2014-15","9555",1,429,771,"Maryland","Aja Ellison",0,1,0,1,"0/1",0,20,0,"other"
"2014-15","9555",1,416,784,"Mount St. Mary's","Jenn CARNEY",42,2,2,0,"2/2",1,-20,0,""
"2014-15","9555",1,340,860,"Maryland","Chloe Pavlech",15,2,2,0,"2/2",1,22,0,""
"2014-15","9555",1,296,904,"Mount St. Mary's","Caroline HUMMELL",32,1,0,1,"0/1",0,-26,0,"other"
"2014-15","9555",1,263,937,"Maryland","Tierney Pfirman",22,2,2,0,"2/2",1,26,0,""
"2014-15","9555",1,2,1198,"Mount St. Mary's","Stacey KOUTRIS",13,2,1,1,"1/2",1,-33,0,""
"2014-15","9555",2,1115,1285,"Maryland","S. Walker-Kimbrough",32,2,2,0,"2/2",1,30,0,""
"2014-15","9555",2,1046,1354,"Maryland","Malina Howard",5,2,2,0,"2/2",1,32,0,""
"2014-15","9555",2,999,1401,"Mount St. Mary's","Jacqueline BREWER",24,2,2,0,"2/2",1,-38,0,""
"2014-15","9555",2,951,1449,"Maryland","S. Walker-Kimbrough",32,2,2,0,"2/2",1,38,0,""
"2014-15","9555",2,818,1582,"Maryland","Lexie Brown",4,2,2,0,"2/2",1,46,0,""
"2014-15","9555",2,787,1613,"Maryland","Kiara Leslie",2,2,1,1,"1/2",0,45,0,""
"2014-15","9555",2,659,1741,"Mount St. Mary's","S. ARTHUR-WILLIAMS",44,1,0,1,"0/1",0,-49,0,"other"
"2014-15","9555",2,658,1742,"Mount St. Mary's","S. ARTHUR-WILLIAMS",44,1,1,0,"1/1",1,-49,0,"other"
"2014-15","9555",2,586,1814,"Mount St. Mary's","Jacqueline BREWER",24,2,1,1,"1/2",1,-50,0,""
"2014-15","9555",2,520,1880,"Maryland","Aja Ellison",0,1,0,1,"0/1",0,49,0,"other"
"2014-15","9555",2,260,2140,"Maryland","Brionna Jones",42,1,0,1,"0/1",0,53,0,"and_one"
"2014-15","9555",2,251,2149,"Mount St. Mary's","Jody CHICKEY",21,2,1,1,"1/2",1,-53,0,""
"2014-15","9555",2,193,2207,"Mount St. Mary's","Caroline HUMMELL",32,1,0,1,"0/1",0,-52,0,"other"
"2014-15","9555",2,178,2222,"Mount St. Mary's","Katrice DICKSON",11,2,1,1,"1/2",1,-52,0,""
"2014-15","9555",2,73,2327,"Mount St. Mary's","S. ARTHUR-WILLIAMS",44,2,0,2,"0/2",0,-59,0,""
"2014-15","9555",2,33,2367,"Maryland","Kiara Leslie",2,1,1,0,"1/1",1,63,0,"and_one"
"2014-15","9556",1,1154,46,"Maryland","S. Walker-Kimbrough",32,2,2,0,"2/2",1,0,0,""
"2014-15","9556",1,970,230,"Maryland","Brionna Jones",42,2,2,0,"2/2",1,7,0,""
"2014-15","9556",1,919,281,"Maryland","Brene Moseley",3,2,2,0,"2/2",1,11,0,""
"2014-15","9556",1,753,447,"Wagner","Lyndsay ROWE",14,2,1,1,"1/2",1,-17,0,""
"2014-15","9556",1,550,650,"Maryland","Laurin Mincy",1,2,2,0,"2/2",1,16,0,""
"2014-15","9556",1,510,690,"Maryland","S. Walker-Kimbrough",32,2,2,0,"2/2",1,18,0,""
"2014-15","9556",1,411,789,"Maryland","Malina Howard",5,2,1,1,"1/2",0,25,0,""
"2014-15","9556",1,307,893,"Wagner","Sofia ROMA",13,2,0,2,"0/2",0,-30,0,""
"2014-15","9556",1,187,1013,"Maryland","Aja Ellison",0,1,0,1,"0/1",0,34,0,"other"
"2014-15","9556",2,898,1502,"Wagner","Jasmine NWAJEI",1,2,1,1,"1/2",0,-55,0,""
"2014-15","9556",2,210,2190,"Maryland","Brene Moseley",3,1,1,0,"1/1",1,71,0,"and_one"
"2014-15","9557",1,966,234,"Maryland","Malina Howard",5,1,1,0,"1/1",1,9,0,"other"
"2014-15","9557",1,777,423,"South Florida","Tamara TAYLOR",3,2,2,0,"2/2",1,-13,0,""
"2014-15","9557",1,724,476,"Maryland","Kiara Leslie",2,2,1,1,"1/2",0,11,0,""
"2014-15","9557",1,718,482,"South Florida","Shaleth STRINGFIELD",23,1,1,0,"1/1",1,-10,0,"and_one"
"2014-15","9557",1,544,656,"Maryland","Laurin Mincy",1,1,1,0,"1/1",1,8,0,"and_one"
"2014-15","9557",1,468,732,"Maryland","S. Walker-Kimbrough",32,2,2,0,"2/2",1,6,0,""
"2014-15","9557",1,415,785,"South Florida","Maria JESPERSEN",32,2,1,1,"1/2",1,-7,0,""
"2014-15","9557",1,342,858,"Maryland","Malina Howard",5,2,2,0,"2/2",1,6,0,""
"2014-15","9557",1,328,872,"South Florida","Tamara TAYLOR",3,2,1,1,"1/2",0,-8,0,""
"2014-15","9557",1,117,1083,"South Florida","Paige CASHIN",14,2,2,0,"2/2",1,-15,0,""
"2014-15","9557",1,87,1113,"Maryland","Laurin Mincy",1,2,1,1,"1/2",1,13,0,""
"2014-15","9557",1,73,1127,"South Florida","Courtney WILLIAMS",10,2,1,1,"1/2",0,-14,0,""
"2014-15","9557",1,52,1148,"Maryland","S. Walker-Kimbrough",32,2,2,0,"2/2",1,13,0,""
"2014-15","9557",1,5,1195,"Maryland","Brene Moseley",3,2,2,0,"2/2",1,15,0,""
"2014-15","9557",2,1157,1243,"Maryland","Laurin Mincy",1,2,2,0,"2/2",1,19,0,""
"2014-15","9557",2,582,1818,"South Florida","Shavontae NAYLOR",15,2,2,0,"2/2",1,-14,0,""
"2014-15","9557",2,360,2040,"Maryland","Laurin Mincy",1,2,2,0,"2/2",1,20,0,""
"2014-15","9557",2,205,2195,"Maryland","Lexie Brown",4,1,0,1,"0/1",0,17,0,"and_one"
"2014-15","9557",2,204,2196,"South Florida","Maria JESPERSEN",32,1,0,1,"0/1",0,-17,0,"other"
"2014-15","9557",2,167,2233,"South Florida","Laura FERREIRA",20,2,1,1,"1/2",0,-17,0,""
"2014-15","9557",2,103,2297,"Maryland","A'Lexus Harrison",33,2,2,0,"2/2",1,16,0,""
"2014-15","9557",2,32,2368,"Maryland","S. Walker-Kimbrough",32,2,2,0,"2/2",1,16,0,""
"2014-15","9558",1,1099,101,"Maryland","S. Walker-Kimbrough",32,1,0,1,"0/1",0,0,0,"and_one"
"2014-15","9558",1,865,335,"Maryland","A'Lexus Harrison",33,1,1,0,"1/1",1,2,0,"other"
"2014-15","9558",1,647,553,"George Washington","Brianna Cummings",34,2,0,2,"0/2",0,0,0,""
"2014-15","9558",1,107,1093,"Maryland","A'Lexus Harrison",33,2,0,2,"0/2",0,0,0,""
"2014-15","9558",1,62,1138,"Maryland","Lexie Brown",4,2,1,1,"1/2",0,0,0,""
"2014-15","9558",2,917,1483,"Maryland","Laurin Mincy",1,2,2,0,"2/2",1,5,0,""
"2014-15","9558",2,793,1607,"Maryland","Laurin Mincy",1,1,0,1,"0/1",0,8,0,"other"
"2014-15","9558",2,759,1641,"Maryland","Tierney Pfirman",22,2,1,1,"1/2",1,6,0,""
"2014-15","9558",2,609,1791,"George Washington","Caira Washington",3,2,0,2,"0/2",0,-9,0,""
"2014-15","9558",2,532,1868,"Maryland","Laurin Mincy",1,2,1,1,"1/2",0,9,0,""
"2014-15","9558",2,306,2094,"Maryland","Laurin Mincy",1,1,1,0,"1/1",1,13,0,"and_one"
"2014-15","9558",2,249,2151,"Maryland","Malina Howard",5,1,0,1,"0/1",0,12,0,"other"
"2014-15","9558",2,125,2275,"Maryland","Laurin Mincy",1,1,0,1,"0/1",0,12,0,"other"
"2014-15","9558",2,117,2283,"Maryland","S. Walker-Kimbrough",32,2,2,0,"2/2",1,12,0,""
"2014-15","9558",2,105,2295,"Maryland","Laurin Mincy",1,2,2,0,"2/2",1,11,0,""
"2014-15","9558",2,90,2310,"George Washington","Caira Washington",3,2,2,0,"2/2",1,-13,0,""
"2014-15","9558",2,85,2315,"Maryland","Laurin Mincy",1,2,2,0,"2/2",1,11,0,""
"2014-15","9558",2,78,2322,"George Washington","Jonquel Jones",35,2,2,0,"2/2",1,-13,0,""
"2014-15","9558",2,70,2330,"Maryland","Lexie Brown",4,2,1,1,"1/2",1,11,0,""
"2014-15","9558",2,59,2341,"Maryland","Lexie Brown",4,2,2,0,"2/2",1,12,0,""
"2014-15","9558",2,49,2351,"George Washington","Jonquel Jones",35,1,0,1,"0/1",0,-14,0,"other"
"2014-15","9558",2,14,2386,"Maryland","Lexie Brown",4,2,0,2,"0/2",0,12,0,""
"2014-15","9559",1,1165,35,"Loyola","Colleen Marshall",5,2,1,1,"1/2",0,0,0,""
"2014-15","9559",1,1081,119,"Maryland","Brionna Jones",42,2,2,0,"2/2",1,2,0,""
"2014-15","9559",1,1006,194,"Maryland","Brionna Jones",42,1,1,0,"1/1",1,7,0,"and_one"
"2014-15","9559",1,829,371,"Loyola","Lisa Mirarchi",23,2,2,0,"2/2",1,-8,0,""
"2014-15","9559",2,837,1563,"Maryland","Brionna Jones",42,1,0,1,"0/1",0,20,0,"other"
"2014-15","9559",2,280,2120,"Loyola","Lauren Daugherty",21,2,2,0,"2/2",1,-24,0,""
"2014-15","9559",2,158,2242,"Maryland","Brionna Jones",42,1,1,0,"1/1",1,21,0,"and_one"
"2014-15","9560",1,918,282,"James Madison","DA'LISHIA GRIFFIN",40,2,2,0,"2/2",1,-5,0,""
"2014-15","9560",1,888,312,"Maryland","Lexie Brown",4,2,2,0,"2/2",1,3,0,""
"2014-15","9560",1,553,647,"Maryland","Brene Moseley",3,2,2,0,"2/2",1,10,0,""
"2014-15","9560",1,545,655,"James Madison","ANGELA MICKENS",32,2,1,1,"1/2",0,-12,0,""
"2014-15","9560",1,364,836,"James Madison","TOIA GIGGETTS",3,2,2,0,"2/2",1,-16,0,""
"2014-15","9560",1,339,861,"Maryland","S. Walker-Kimbrough",32,2,2,0,"2/2",1,14,0,""
"2014-15","9560",1,280,920,"Maryland","Brionna Jones",42,2,1,1,"1/2",1,12,0,""
"2014-15","9560",1,235,965,"Maryland","S. Walker-Kimbrough",32,2,2,0,"2/2",1,11,0,""
"2014-15","9560",1,152,1048,"Maryland","Malina Howard",5,2,1,1,"1/2",0,11,0,""
"2014-15","9560",2,869,1531,"Maryland","Malina Howard",5,2,0,2,"0/2",0,9,0,""
"2014-15","9560",2,858,1542,"James Madison","DESTINY JONES",2,2,2,0,"2/2",1,-11,0,""
"2014-15","9560",2,552,1848,"Maryland","S. Walker-Kimbrough",32,2,1,1,"1/2",0,13,0,""
"2014-15","9560",2,534,1866,"James Madison","PRECIOUS HALL",12,2,2,0,"2/2",1,-14,0,""
"2014-15","9560",2,453,1947,"Maryland","Brionna Jones",42,1,1,0,"1/1",1,14,0,"other"
"2014-15","9560",2,123,2277,"Maryland","Laurin Mincy",1,1,0,1,"0/1",0,14,0,"other"
"2014-15","9560",2,97,2303,"Maryland","Laurin Mincy",1,2,2,0,"2/2",1,14,0,""
"2014-15","9560",2,74,2326,"Maryland","Brene Moseley",3,2,2,0,"2/2",1,12,0,""
"2014-15","9560",2,62,2338,"Maryland","Laurin Mincy",1,2,2,0,"2/2",1,11,0,""
"2014-15","9560",2,43,2357,"Maryland","Lexie Brown",4,2,2,0,"2/2",1,13,0,""
"2014-15","9560",2,4,2396,"Maryland","Laurin Mincy",1,1,1,0,"1/1",1,15,0,"and_one"
"2014-15","9560",2,0,2400,"James Madison","ANGELA MICKENS",32,1,0,1,"0/1",0,-16,0,"other"
"2014-15","9561",1,1106,94,"Washington State","TIA PRESLEY",5,2,2,0,"2/2",1,0,0,""
"2014-15","9561",1,519,681,"Maryland","A'Lexus Harrison",33,1,0,1,"0/1",0,4,0,"other"
"2014-15","9561",1,517,683,"Washington State","LOUISE BROWN",42,1,0,1,"0/1",0,-4,0,"other"
"2014-15","9561",1,468,732,"Washington State","LOUISE BROWN",42,2,2,0,"2/2",1,-1,0,""
"2014-15","9561",1,410,790,"Maryland","Brionna Jones",42,2,2,0,"2/2",1,-1,0,""
"2014-15","9561",1,394,806,"Washington State","DAWNYELLE AWA",11,2,1,1,"1/2",0,-1,0,""
"2014-15","9561",1,260,940,"Washington State","TAYLOR EDMONDSON",12,2,2,0,"2/2",1,2,0,""
"2014-15","9561",1,242,958,"Maryland","Chloe Pavlech",15,1,0,1,"0/1",0,-4,0,"other"
"2014-15","9561",1,94,1106,"Maryland","Brionna Jones",42,2,2,0,"2/2",1,-3,0,""
"2014-15","9561",1,1,1199,"Washington State","CAILA HALIEY",1,2,1,1,"1/2",0,3,0,""
"2014-15","9561",2,863,1537,"Maryland","Brionna Jones",42,2,1,1,"1/2",1,-10,0,""
"2014-15","9561",2,706,1694,"Maryland","Laurin Mincy",1,2,2,0,"2/2",1,-10,0,""
"2014-15","9561",2,611,1789,"Maryland","Laurin Mincy",1,2,2,0,"2/2",1,-10,0,""
"2014-15","9561",2,457,1943,"Washington State","SHALIE DHEENSAW",23,2,2,0,"2/2",1,8,0,""
"2014-15","9561",2,374,2026,"Maryland","Kristen Confroy",12,1,1,0,"1/1",1,-8,0,"other"
"2014-15","9561",2,194,2206,"Washington State","LIA GALDEIRA",3,2,1,1,"1/2",1,7,0,""
"2014-15","9561",2,158,2242,"Washington State","TIA PRESLEY",5,1,0,1,"0/1",0,6,0,"other"
"2014-15","9561",2,107,2293,"Washington State","SHALIE DHEENSAW",23,2,2,0,"2/2",1,4,1,""
"2014-15","9561",2,107,2293,"Washington State","LIA GALDEIRA",3,2,1,1,"1/2",1,6,0,""
"2014-15","9561",2,82,2318,"Washington State","LIA GALDEIRA",3,2,2,0,"2/2",1,7,0,""
"2014-15","9561",2,53,2347,"Washington State","LOUISE BROWN",42,2,2,0,"2/2",1,6,0,""
"2014-15","9561",2,49,2351,"Maryland","Laurin Mincy",1,1,1,0,"1/1",1,-6,0,"and_one"
"2014-15","9561",2,45,2355,"Washington State","LIA GALDEIRA",3,2,1,1,"1/2",0,5,1,""
"2014-15","9561",2,35,2365,"Maryland","Brene Moseley",3,2,1,1,"1/2",1,-6,0,""
"2014-15","9561",2,5,2395,"Washington State","LIA GALDEIRA",3,2,1,1,"1/2",1,5,1,""
"2014-15","9562",1,1092,108,"Notre Dame","Lindsay Allen",15,2,2,0,"2/2",1,0,0,""
"2014-15","9562",1,964,236,"Maryland","Laurin Mincy",1,2,2,0,"2/2",1,-5,0,""
"2014-15","9562",1,690,510,"Notre Dame","Jewell Loyd",32,2,1,1,"1/2",0,12,0,""
"2014-15","9562",1,607,593,"Notre Dame","Taya Reimer",12,2,0,2,"0/2",0,15,0,""
"2014-15","9562",1,579,621,"Notre Dame","Taya Reimer",12,2,2,0,"2/2",1,13,0,""
"2014-15","9562",1,242,958,"Notre Dame","Markisha Wright",34,2,2,0,"2/2",1,22,0,""
"2014-15","9562",1,220,980,"Maryland","Malina Howard",5,1,0,1,"0/1",0,-22,0,"and_one"
"2014-15","9562",1,203,997,"Maryland","Laurin Mincy",1,2,2,0,"2/2",1,-22,0,""
"2014-15","9562",1,197,1003,"Notre Dame","Jewell Loyd",32,2,2,0,"2/2",1,20,0,""
"2014-15","9562",1,169,1031,"Notre Dame","Lindsay Allen",15,2,2,0,"2/2",1,19,0,""
"2014-15","9562",1,117,1083,"Notre Dame","Michaela Mabrey",23,2,2,0,"2/2",1,21,0,""
"2014-15","9562",2,980,1420,"Notre Dame","Taya Reimer",12,2,2,0,"2/2",1,22,0,""
"2014-15","9562",2,919,1481,"Maryland","Laurin Mincy",1,1,1,0,"1/1",1,-20,0,"and_one"
"2014-15","9562",2,912,1488,"Notre Dame","Jewell Loyd",32,2,2,0,"2/2",1,19,0,""
"2014-15","9562",2,821,1579,"Notre Dame","Kathryn Westbeld",33,2,1,1,"1/2",0,27,0,""
"2014-15","9562",2,787,1613,"Notre Dame","Jewell Loyd",32,2,2,0,"2/2",1,28,0,""
"2014-15","9562",2,770,1630,"Notre Dame","Jewell Loyd",32,1,1,0,"1/1",1,32,0,"and_one"
"2014-15","9562",2,752,1648,"Maryland","Laurin Mincy",1,2,2,0,"2/2",1,-33,0,""
"2014-15","9562",2,639,1761,"Notre Dame","Mychal Johnson",14,2,1,1,"1/2",1,27,0,""
"2014-15","9562",2,621,1779,"Maryland","Kristen Confroy",12,2,2,0,"2/2",1,-28,0,""
"2014-15","9562",2,611,1789,"Notre Dame","Taya Reimer",12,1,1,0,"1/1",1,28,0,"and_one"
"2014-15","9562",2,592,1808,"Maryland","Brionna Jones",42,2,2,0,"2/2",1,-29,0,""
"2014-15","9562",2,508,1892,"Notre Dame","Taya Reimer",12,2,2,0,"2/2",1,25,0,""
"2014-15","9562",2,429,1971,"Maryland","S. Walker-Kimbrough",32,2,2,0,"2/2",1,-27,0,""
"2014-15","9562",2,205,2195,"Notre Dame","Kathryn Westbeld",33,2,2,0,"2/2",1,24,0,""
"2014-15","9562",2,138,2262,"Notre Dame","Markisha Wright",34,2,1,1,"1/2",1,22,0,""
"2014-15","9562",2,124,2276,"Maryland","Kristen Confroy",12,2,2,0,"2/2",1,-23,0,""
"2014-15","9562",2,49,2351,"Maryland","Laurin Mincy",1,2,1,1,"1/2",1,-23,0,""
"2014-15","9563",1,803,397,"Maryland","Brionna Jones",42,1,0,1,"0/1",0,-1,0,"and_one"
"2014-15","9563",1,396,804,"Maryland","Malina Howard",5,2,2,0,"2/2",1,15,0,""
"2014-15","9563",1,180,1020,"Maryland","Brionna Jones",42,1,1,0,"1/1",1,21,0,"other"
"2014-15","9563",2,1035,1365,"Maryland","Brionna Jones",42,2,2,0,"2/2",1,27,0,""
"2014-15","9563",2,973,1427,"Maryland","S. Walker-Kimbrough",32,2,1,1,"1/2",0,27,0,""
"2014-15","9563",2,754,1646,"Towson","Ciara Webb",3,1,1,0,"1/1",1,-27,0,"and_one"
"2014-15","9563",2,655,1745,"Maryland","Kiara Leslie",2,1,0,1,"0/1",0,29,0,"other"
"2014-15","9563",2,509,1891,"Towson","LaTorri Hines-Allen",0,2,2,0,"2/2",1,-33,0,""
"2014-15","9563",2,482,1918,"Towson","LaTorri Hines-Allen",0,2,1,1,"1/2",0,-33,0,""
"2014-15","9563",2,375,2025,"Towson","Brianna Bush",14,2,1,1,"1/2",0,-30,0,""
"2014-15","9563",2,316,2084,"Maryland","Chloe Pavlech",15,2,2,0,"2/2",1,29,0,""
"2014-15","9564",1,1166,34,"Maryland","Brionna Jones",42,2,1,1,"1/2",1,0,0,""
"2014-15","9564",1,1163,37,"Maryland","S. Walker-Kimbrough",32,2,2,0,"2/2",1,1,0,""
"2014-15","9564",1,1144,56,"Maryland","Laurin Mincy",1,1,1,0,"1/1",1,5,0,"and_one"
"2014-15","9564",1,915,285,"Maryland","Laurin Mincy",1,2,2,0,"2/2",1,9,0,""
"2014-15","9564",1,677,523,"Maryland","Brionna Jones",42,2,2,0,"2/2",1,18,0,""
"2014-15","9564",1,581,619,"Maryland","Kiara Leslie",2,1,0,1,"0/1",0,24,0,"and_one"
"2014-15","9564",1,497,703,"American","Ari Booth",32,2,2,0,"2/2",1,-22,0,""
"2014-15","9564",1,405,795,"American","Lauren Crisler",10,2,1,1,"1/2",0,-18,0,""
"2014-15","9564",1,320,880,"Maryland","Laurin Mincy",1,1,1,0,"1/1",1,26,0,"and_one"
"2014-15","9564",1,265,935,"American","Jen Dumiak",3,2,1,1,"1/2",0,-25,0,""
"2014-15","9564",1,200,1000,"American","Shaquilla Curtis",2,2,0,2,"0/2",0,-26,0,""
"2014-15","9564",1,173,1027,"American","Shaquilla Curtis",2,2,2,0,"2/2",1,-26,0,""
"2014-15","9564",1,42,1158,"American","Jen Dumiak",3,1,0,1,"0/1",0,-27,0,"other"
"2014-15","9564",1,28,1172,"Maryland","Aja Ellison",0,2,1,1,"1/2",1,27,0,""
"2014-15","9564",1,27,1173,"Maryland","S. Walker-Kimbrough",32,2,2,0,"2/2",1,28,0,""
"2014-15","9564",1,6,1194,"American","Shaquilla Curtis",2,2,1,1,"1/2",1,-30,0,""
"2014-15","9564",2,1109,1291,"American","Arron Zimmerman",13,1,1,0,"1/1",1,-31,0,"and_one"
"2014-15","9564",2,1037,1363,"Maryland","Brionna Jones",42,2,2,0,"2/2",1,29,0,""
"2014-15","9564",2,853,1547,"Maryland","Laurin Mincy",1,2,1,1,"1/2",1,32,0,""
"2014-15","9564",2,536,1864,"Maryland","Kristen Confroy",12,2,2,0,"2/2",1,34,0,""
"2014-15","9564",2,485,1915,"Maryland","S. Walker-Kimbrough",32,2,2,0,"2/2",1,36,0,""
"2014-15","9564",2,431,1969,"Maryland","Kiara Leslie",2,1,0,1,"0/1",0,38,0,"other"
"2014-15","9564",2,401,1999,"Maryland","Chloe Pavlech",15,2,2,0,"2/2",1,36,0,""
"2014-15","9564",2,129,2271,"American","Shaquilla Curtis",2,2,2,0,"2/2",1,-41,0,""
"2014-15","9564",2,107,2293,"Maryland","Kiara Leslie",2,2,2,0,"2/2",1,39,0,""
"2014-15","9564",2,49,2351,"American","Michael Harris",33,1,0,1,"0/1",0,-41,0,"other"
"2014-15","9565",1,1061,139,"Maryland","Brionna Jones",42,2,1,1,"1/2",1,6,0,""
"2014-15","9565",1,1014,186,"Coppin State","Omaah TAYONG",32,2,2,0,"2/2",1,-6,0,""
"2014-15","9565",1,868,332,"Maryland","S. Walker-Kimbrough",32,2,2,0,"2/2",1,6,0,""
"2014-15","9565",1,797,403,"Maryland","S. Walker-Kimbrough",32,2,1,1,"1/2",1,9,0,""
"2014-15","9565",1,581,619,"Maryland","A'Lexus Harrison",33,2,2,0,"2/2",1,11,0,""
"2014-15","9565",1,506,694,"Maryland","Brene Moseley",3,2,2,0,"2/2",1,15,0,""
"2014-15","9565",1,452,748,"Maryland","A'Lexus Harrison",33,1,0,1,"0/1",0,21,0,"and_one"
"2014-15","9565",1,327,873,"Maryland","Brionna Jones",42,2,0,2,"0/2",0,23,0,""
"2014-15","9565",1,162,1038,"Maryland","Laurin Mincy",1,2,2,0,"2/2",1,29,0,""
"2014-15","9565",1,118,1082,"Maryland","S. Walker-Kimbrough",32,2,2,0,"2/2",1,33,0,""
"2014-15","9565",1,78,1122,"Coppin State","Tanaysa HENDERSON",3,2,1,1,"1/2",0,-37,0,""
"2014-15","9565",1,68,1132,"Coppin State","Tanaysa HENDERSON",3,2,2,0,"2/2",1,-36,0,""
"2014-15","9565",1,41,1159,"Maryland","Kiara Leslie",2,2,2,0,"2/2",1,34,0,""
"2014-15","9565",2,1194,1206,"Coppin State","Bria HARRIS",24,2,0,2,"0/2",0,-34,0,""
"2014-15","9565",2,1066,1334,"Maryland","Laurin Mincy",1,2,0,2,"0/2",0,39,0,""
"2014-15","9565",2,913,1487,"Coppin State","Bria HARRIS",24,2,1,1,"1/2",0,-45,0,""
"2014-15","9565",2,638,1762,"Coppin State","Candice BEVERLY",11,2,1,1,"1/2",1,-43,0,""
"2014-15","9565",2,403,1997,"Coppin State","Bria HARRIS",24,2,0,2,"0/2",0,-49,0,""
"2014-15","9565",2,390,2010,"Maryland","Brionna Jones",42,2,1,1,"1/2",1,49,0,""
"2014-15","9565",2,247,2153,"Coppin State","Jordan SWAILS",23,2,1,1,"1/2",1,-54,0,""
"2014-15","9565",2,239,2161,"Maryland","Kiara Leslie",2,1,1,0,"1/1",1,55,0,"and_one"
"2014-15","9565",2,120,2280,"Coppin State","Bria HARRIS",24,2,1,1,"1/2",0,-58,0,""
"2014-15","9565",2,64,2336,"Coppin State","Bria HARRIS",24,2,0,2,"0/2",0,-59,0,""
"2014-15","9565",2,57,2343,"Maryland","Kristen Confroy",12,2,2,0,"2/2",1,59,0,""
"2014-15","9566",1,1014,186,"Maryland","Brionna Jones",42,2,1,1,"1/2",1,-3,0,""
"2014-15","9566",1,855,345,"Ohio State","Kelsey Mitchell",3,2,2,0,"2/2",1,-2,0,""
"2014-15","9566",1,638,562,"Maryland","Brionna Jones",42,2,1,1,"1/2",0,1,0,""
"2014-15","9566",1,615,585,"Maryland","S. Walker-Kimbrough",32,2,2,0,"2/2",1,2,0,""
"2014-15","9566",1,530,670,"Ohio State","Alexa Hart",22,1,1,0,"1/1",1,-3,0,"and_one"
"2014-15","9566",1,497,703,"Maryland","Laurin Mincy",1,2,2,0,"2/2",1,2,0,""
"2014-15","9566",1,274,926,"Ohio State","Lisa Blair",21,2,1,1,"1/2",0,-6,0,""
"2014-15","9566",1,247,953,"Ohio State","Lisa Blair",21,2,1,1,"1/2",1,-5,0,""
"2014-15","9566",2,696,1704,"Maryland","S. Walker-Kimbrough",32,2,1,1,"1/2",0,9,0,""
"2014-15","9566",2,568,1832,"Maryland","Lexie Brown",4,1,0,1,"0/1",0,13,0,"and_one"
"2014-15","9566",2,554,1846,"Ohio State","Ameryst Alston",14,2,1,1,"1/2",0,-13,0,""
"2014-15","9566",2,378,2022,"Maryland","S. Walker-Kimbrough",32,2,1,1,"1/2",0,8,0,""
"2014-15","9566",2,323,2077,"Ohio State","Cait Craft",13,2,2,0,"2/2",1,-11,0,""
"2014-15","9566",2,248,2152,"Ohio State","Alexa Hart",22,1,0,1,"0/1",0,-9,0,"other"
"2014-15","9566",2,90,2310,"Maryland","Brionna Jones",42,2,1,1,"1/2",1,6,0,""
"2014-15","9566",2,29,2371,"Maryland","Laurin Mincy",1,2,1,1,"1/2",1,7,0,""
"2014-15","9566",2,28,2372,"Maryland","Brionna Jones",42,2,2,0,"2/2",1,8,0,""
"2014-15","9566",2,17,2383,"Maryland","Laurin Mincy",1,2,2,0,"2/2",1,7,0,""
"2014-15","9567",1,476,724,"Maryland","S. Walker-Kimbrough",32,2,2,0,"2/2",1,-2,0,""
"2014-15","9567",1,410,790,"Nebraska","Emily Cady",23,2,2,0,"2/2",1,0,0,""
"2014-15","9567",1,252,948,"Maryland","Laurin Mincy",1,2,2,0,"2/2",1,0,0,""
"2014-15","9567",2,1127,1273,"Maryland","Laurin Mincy",1,2,2,0,"2/2",1,5,0,""
"2014-15","9567",2,866,1534,"Maryland","Lexie Brown",4,2,2,0,"2/2",1,8,0,""
"2014-15","9567",2,732,1668,"Nebraska","Tear'a Laudermill",1,2,2,0,"2/2",1,-10,0,""
"2014-15","9567",2,675,1725,"Nebraska","Rachel Theriot",33,2,2,0,"2/2",1,-10,0,""
"2014-15","9567",2,587,1813,"Maryland","Laurin Mincy",1,1,1,0,"1/1",1,14,0,"and_one"
"2014-15","9567",2,564,1836,"Maryland","S. Walker-Kimbrough",32,2,1,1,"1/2",0,15,0,""
"2014-15","9567",2,542,1858,"Nebraska","Emily Cady",23,2,2,0,"2/2",1,-16,0,""
"2014-15","9567",2,267,2133,"Maryland","Laurin Mincy",1,1,0,1,"0/1",0,22,0,"other"
"2014-15","9567",2,109,2291,"Maryland","S. Walker-Kimbrough",32,2,1,1,"1/2",1,23,0,""
"2014-15","9568",1,796,404,"Maryland","Malina Howard",5,2,1,1,"1/2",0,-2,0,""
"2014-15","9568",1,708,492,"Maryland","Chloe Pavlech",15,2,1,1,"1/2",0,4,0,""
"2014-15","9568",1,249,951,"Maryland","Laurin Mincy",1,2,2,0,"2/2",1,13,0,""
"2014-15","9568",1,213,987,"Maryland","Laurin Mincy",1,2,2,0,"2/2",1,15,0,""
"2014-15","9568",1,159,1041,"Maryland","Laurin Mincy",1,1,0,1,"0/1",0,16,0,"and_one"
"2014-15","9568",2,1151,1249,"Maryland","S. Walker-Kimbrough",32,1,1,0,"1/1",1,19,0,"other"
"2014-15","9568",2,1064,1336,"Purdue","Liza Clemons",23,2,2,0,"2/2",1,-20,0,""
"2014-15","9568",2,892,1508,"Purdue","Whitney Bays",32,1,0,1,"0/1",0,-12,0,"and_one"
"2014-15","9568",2,773,1627,"Purdue","April Wilson",25,2,1,1,"1/2",1,-15,0,""
"2014-15","9568",2,598,1802,"Purdue","Ashley Morrissette",1,2,1,1,"1/2",1,-12,0,""
"2014-15","9568",2,555,1845,"Maryland","Laurin Mincy",1,1,1,0,"1/1",1,15,0,"other"
"2014-15","9568",2,507,1893,"Purdue","Whitney Bays",32,1,1,0,"1/1",1,-16,0,"other"
"2014-15","9568",2,405,1995,"Maryland","Brionna Jones",42,1,0,1,"0/1",0,15,0,"and_one"
"2014-15","9568",2,236,2164,"Purdue","Andreona Keys",24,2,2,0,"2/2",1,-20,0,""
"2014-15","9568",2,189,2211,"Purdue","Whitney Bays",32,2,2,0,"2/2",1,-20,0,""
"2014-15","9568",2,171,2229,"Maryland","Laurin Mincy",1,2,2,0,"2/2",1,18,0,""
"2014-15","9568",2,160,2240,"Maryland","Kiara Leslie",2,2,1,1,"1/2",1,20,0,""
"2014-15","9568",2,103,2297,"Purdue","Ashley Morrissette",1,2,2,0,"2/2",1,-24,0,""
"2014-15","9568",2,58,2342,"Maryland","Brene Moseley",3,2,0,2,"0/2",0,22,0,""
"2014-15","9569",1,210,990,"Minnesota","Carlie Wagner",33,2,1,1,"1/2",1,-7,0,""
"2014-15","9569",2,1140,1260,"Maryland","Brionna Jones",42,1,1,0,"1/1",1,7,0,"and_one"
"2014-15","9569",2,932,1468,"Maryland","S. Walker-Kimbrough",32,2,1,1,"1/2",0,2,0,""
"2014-15","9569",2,857,1543,"Maryland","Malina Howard",5,2,2,0,"2/2",1,-2,0,""
"2014-15","9569",2,741,1659,"Minnesota","Amanda Zahui",32,2,2,0,"2/2",1,-2,0,""
"2014-15","9569",2,303,2097,"Maryland","Lexie Brown",4,2,2,0,"2/2",1,2,0,""
"2014-15","9569",2,173,2227,"Maryland","Malina Howard",5,2,2,0,"2/2",1,4,1,""
"2014-15","9569",2,154,2246,"Minnesota","Amanda Zahui",32,2,2,0,"2/2",1,-6,0,""
"2014-15","9569",2,2,2398,"Maryland","Brene Moseley",3,2,2,0,"2/2",1,0,1,""
"2014-15","9569",2,1,2399,"Maryland","Brene Moseley",3,2,2,0,"2/2",1,2,1,""
"2014-15","9570",1,1039,161,"Rutgers","Tyler Scaife",3,2,1,1,"1/2",0,-8,0,""
"2014-15","9570",1,1020,180,"Maryland","Malina Howard",5,2,1,1,"1/2",0,7,0,""
"2014-15","9570",1,957,243,"Maryland","S. Walker-Kimbrough",32,2,2,0,"2/2",1,8,0,""
"2014-15","9570",1,563,637,"Rutgers","Kahleah Copper",2,1,1,0,"1/1",1,-12,0,"and_one"
"2014-15","9570",1,517,683,"Rutgers","Kahleah Copper",2,2,2,0,"2/2",1,-11,0,""
"2014-15","9570",1,490,710,"Maryland","Lexie Brown",4,2,2,0,"2/2",1,9,0,""
"2014-15","9570",1,352,848,"Rutgers","Betnijah Laney",44,2,2,0,"2/2",1,-13,0,""
"2014-15","9570",1,259,941,"Rutgers","Tyler Scaife",3,2,0,2,"0/2",0,-11,0,""
"2014-15","9570",1,86,1114,"Maryland","S. Walker-Kimbrough",32,2,1,1,"1/2",1,5,0,""
"2014-15","9570",2,1138,1262,"Maryland","Brionna Jones",42,2,0,2,"0/2",0,2,0,""
"2014-15","9570",2,988,1412,"Rutgers","Kahleah Copper",2,2,1,1,"1/2",1,-2,0,""
"2014-15","9570",2,977,1423,"Maryland","Laurin Mincy",1,2,2,0,"2/2",1,1,0,""
"2014-15","9570",2,798,1602,"Rutgers","Rachel Hollivay",1,2,1,1,"1/2",1,-3,0,""
"2014-15","9570",2,676,1724,"Maryland","Laurin Mincy",1,2,2,0,"2/2",1,2,0,""
"2014-15","9570",2,482,1918,"Maryland","Brene Moseley",3,2,2,0,"2/2",1,10,0,""
"2014-15","9570",2,453,1947,"Rutgers","Kahleah Copper",2,2,2,0,"2/2",1,-12,0,""
"2014-15","9570",2,328,2072,"Rutgers","Tyler Scaife",3,1,0,1,"0/1",0,-12,0,"other"
"2014-15","9570",2,243,2157,"Rutgers","Rachel Hollivay",1,1,1,0,"1/1",1,-14,0,"other"
"2014-15","9570",2,88,2312,"Maryland","Laurin Mincy",1,2,1,1,"1/2",1,9,0,""
"2014-15","9570",2,78,2322,"Maryland","Laurin Mincy",1,2,2,0,"2/2",1,10,0,""
"2014-15","9570",2,64,2336,"Rutgers","Rachel Hollivay",1,2,2,0,"2/2",1,-12,0,""
"2014-15","9570",2,50,2350,"Maryland","Laurin Mincy",1,2,2,0,"2/2",1,10,0,""
"2014-15","9571",1,1056,144,"Maryland","Malina Howard",5,2,1,1,"1/2",0,-5,0,""
"2014-15","9571",1,1008,192,"Maryland","Laurin Mincy",1,1,1,0,"1/1",1,-2,0,"and_one"
"2014-15","9571",1,651,549,"Maryland","Brionna Jones",42,1,1,0,"1/1",1,8,0,"and_one"
"2014-15","9571",1,373,827,"Illinois","Amarah Coleman",10,1,0,1,"0/1",0,-10,0,"and_one"
"2014-15","9571",1,138,1062,"Maryland","Brionna Jones",42,2,0,2,"0/2",0,8,0,""
"2014-15","9571",1,2,1198,"Maryland","Lexie Brown",4,2,2,0,"2/2",1,8,0,""
"2014-15","9571",2,1060,1340,"Maryland","Brionna Jones",42,2,2,0,"2/2",1,7,0,""
"2014-15","9571",2,1022,1378,"Illinois","Amarah Coleman",10,1,0,1,"0/1",0,-7,0,"and_one"
"2014-15","9571",2,981,1419,"Maryland","Brionna Jones",42,2,1,1,"1/2",1,7,0,""
"2014-15","9571",2,969,1431,"Illinois","Nia Oden",5,2,2,0,"2/2",1,-8,0,""
"2014-15","9571",2,903,1497,"Maryland","Lexie Brown",4,2,1,1,"1/2",0,6,0,""
"2014-15","9571",2,570,1830,"Maryland","Brionna Jones",42,2,2,0,"2/2",1,13,0,""
"2014-15","9571",2,498,1902,"Illinois","Amarah Coleman",10,2,2,0,"2/2",1,-15,0,""
"2014-15","9571",2,486,1914,"Maryland","Brene Moseley",3,2,2,0,"2/2",1,13,0,""
"2014-15","9571",2,328,2072,"Maryland","Lexie Brown",4,2,2,0,"2/2",1,21,0,""
"2014-15","9571",2,34,2366,"Illinois","Nia Oden",5,1,0,1,"0/1",0,-20,0,"other"
"2014-15","9572",1,864,336,"Maryland","S. Walker-Kimbrough",32,2,2,0,"2/2",1,-3,0,""
"2014-15","9572",1,645,555,"Maryland","Brionna Jones",42,1,1,0,"1/1",1,4,0,"and_one"
"2014-15","9572",1,517,683,"Michigan State","Aerial Powers",23,2,1,1,"1/2",0,-5,0,""
"2014-15","9572",1,438,762,"Maryland","Brene Moseley",3,2,1,1,"1/2",1,4,0,""
"2014-15","9572",1,364,836,"Maryland","Lexie Brown",4,2,2,0,"2/2",1,3,0,""
"2014-15","9572",1,344,856,"Michigan State","Tori Jankoska",1,2,2,0,"2/2",1,-5,0,""
"2014-15","9572",2,1100,1300,"Maryland","Laurin Mincy",1,1,1,0,"1/1",1,15,0,"other"
"2014-15","9572",2,947,1453,"Maryland","Laurin Mincy",1,2,1,1,"1/2",1,17,0,""
"2014-15","9572",2,876,1524,"Maryland","Lexie Brown",4,2,2,0,"2/2",1,21,0,""
"2014-15","9572",2,840,1560,"Michigan State","Aerial Powers",23,2,1,1,"1/2",1,-24,0,""
"2014-15","9572",2,821,1579,"Michigan State","Aerial Powers",23,1,1,0,"1/1",1,-21,0,"and_one"
"2014-15","9572",2,761,1639,"Maryland","Kiara Leslie",2,2,1,1,"1/2",0,22,0,""
"2014-15","9572",2,747,1653,"Michigan State","Tori Jankoska",1,2,1,1,"1/2",1,-23,0,""
"2014-15","9572",2,741,1659,"Michigan State","Kennedy Johnson",55,2,2,0,"2/2",1,-22,0,""
"2014-15","9572",2,720,1680,"Maryland","Brionna Jones",42,2,1,1,"1/2",1,20,0,""
"2014-15","9572",2,561,1839,"Michigan State","Aerial Powers",23,1,0,1,"0/1",0,-21,0,"other"
"2014-15","9572",2,299,2101,"Michigan State","Aerial Powers",23,2,2,0,"2/2",1,-32,0,""
"2014-15","9572",2,269,2131,"Michigan State","Aerial Powers",23,2,2,0,"2/2",1,-30,0,""
"2014-15","9572",2,242,2158,"Michigan State","Aerial Powers",23,2,2,0,"2/2",1,-28,0,""
"2014-15","9572",2,222,2178,"Maryland","Tierney Pfirman",22,2,1,1,"1/2",1,26,0,""
"2014-15","9572",2,177,2223,"Maryland","Brene Moseley",3,1,0,1,"0/1",0,32,0,"and_one"
"2014-15","9572",2,116,2284,"Michigan State","Tori Jankoska",1,2,1,1,"1/2",0,-30,0,""
"2014-15","9572",2,1,2399,"Michigan State","Aerial Powers",23,2,2,0,"2/2",1,-31,0,""
"2014-15","9573",1,1153,47,"Maryland","S. Walker-Kimbrough",32,2,1,1,"1/2",1,0,0,""
"2014-15","9573",1,1089,111,"Indiana","Tyra Buss",3,2,1,1,"1/2",1,-1,0,""
"2014-15","9573",1,975,225,"Indiana","Larryn Brooks",5,2,2,0,"2/2",1,0,0,""
"2014-15","9573",1,949,251,"Maryland","Malina Howard",5,2,1,1,"1/2",0,-2,0,""
"2014-15","9573",1,845,355,"Indiana","Tyra Buss",3,2,2,0,"2/2",1,-2,0,""
"2014-15","9573",1,698,502,"Indiana","Tyra Buss",3,2,1,1,"1/2",0,-4,0,""
"2014-15","9573",1,413,787,"Indiana","Jenn Anderson",43,2,1,1,"1/2",1,-9,0,""
"2014-15","9573",1,406,794,"Maryland","Malina Howard",5,2,1,1,"1/2",1,8,0,""
"2014-15","9573",1,249,951,"Indiana","Karlee McBride",21,2,2,0,"2/2",1,-15,0,""
"2014-15","9573",1,181,1019,"Maryland","Laurin Mincy",1,2,2,0,"2/2",1,16,0,""
"2014-15","9573",1,160,1040,"Maryland","Brene Moseley",3,2,1,1,"1/2",1,18,0,""
"2014-15","9573",1,44,1156,"Indiana","Alexis Gassion",23,2,2,0,"2/2",1,-19,0,""
"2014-15","9573",1,3,1197,"Indiana","Karlee McBride",21,2,2,0,"2/2",1,-20,0,""
"2014-15","9573",2,1179,1221,"Maryland","S. Walker-Kimbrough",32,2,2,0,"2/2",1,18,0,""
"2014-15","9573",2,707,1693,"Indiana","Tyra Buss",3,1,1,0,"1/1",1,-19,0,"and_one"
"2014-15","9573",2,648,1752,"Maryland","Brene Moseley",3,2,2,0,"2/2",1,18,0,""
"2014-15","9573",2,612,1788,"Indiana","Larryn Brooks",5,2,2,0,"2/2",1,-22,0,""
"2014-15","9573",2,526,1874,"Indiana","Amanda Cahill",33,1,1,0,"1/1",1,-18,0,"and_one"
"2014-15","9573",2,464,1936,"Maryland","Malina Howard",5,2,2,0,"2/2",1,15,0,""
"2014-15","9573",2,413,1987,"Maryland","Lexie Brown",4,2,1,1,"1/2",0,15,0,""
"2014-15","9573",2,268,2132,"Indiana","Jenn Anderson",43,1,1,0,"1/1",1,-12,0,"other"
"2014-15","9573",2,249,2151,"Maryland","Lexie Brown",4,2,0,2,"0/2",0,11,0,""
"2014-15","9573",2,104,2296,"Maryland","S. Walker-Kimbrough",32,2,2,0,"2/2",1,13,0,""
"2014-15","9573",2,94,2306,"Indiana","Karlee McBride",21,1,0,1,"0/1",0,-15,0,"other"
"2014-15","9573",2,84,2316,"Maryland","Lexie Brown",4,2,1,1,"1/2",0,15,0,""
"2014-15","9573",2,62,2338,"Maryland","Lexie Brown",4,2,2,0,"2/2",1,13,0,""
"2014-15","9573",2,49,2351,"Maryland","S. Walker-Kimbrough",32,2,1,1,"1/2",0,13,0,""
"2014-15","9573",2,40,2360,"Maryland","Lexie Brown",4,2,2,0,"2/2",1,14,0,""
"2014-15","9573",2,14,2386,"Maryland","Laurin Mincy",1,2,2,0,"2/2",1,10,0,""
"2014-15","9573",2,7,2393,"Indiana","Larryn Brooks",5,2,2,0,"2/2",1,-12,0,""
"2014-15","9574",1,923,277,"Maryland","Lexie Brown",4,2,2,0,"2/2",1,5,0,""
"2014-15","9574",1,799,401,"Maryland","Laurin Mincy",1,2,2,0,"2/2",1,1,0,""
"2014-15","9574",1,220,980,"Michigan","Shannon Smith",5,1,1,0,"1/1",1,-10,0,"and_one"
"2014-15","9574",1,173,1027,"Maryland","Malina Howard",5,2,2,0,"2/2",1,11,0,""
"2014-15","9574",1,101,1099,"Maryland","Laurin Mincy",1,1,1,0,"1/1",1,16,0,"and_one"
"2014-15","9574",1,64,1136,"Michigan","Shannon Smith",5,1,1,0,"1/1",1,-13,0,"and_one"
"2014-15","9574",2,812,1588,"Maryland","Lexie Brown",4,2,1,1,"1/2",0,13,0,""
"2014-15","9574",2,629,1771,"Maryland","Laurin Mincy",1,2,2,0,"2/2",1,16,0,""
"2014-15","9574",2,554,1846,"Maryland","Laurin Mincy",1,1,0,1,"0/1",0,14,0,"other"
"2014-15","9574",2,502,1898,"Maryland","Lexie Brown",4,2,2,0,"2/2",1,14,0,""
"2014-15","9574",2,318,2082,"Michigan","Shannon Smith",5,2,0,2,"0/2",0,-18,0,""
"2014-15","9574",2,294,2106,"Maryland","Lexie Brown",4,2,2,0,"2/2",1,18,0,""
"2014-15","9574",2,266,2134,"Michigan","Nicole Elmblad",14,2,2,0,"2/2",1,-22,0,""
"2014-15","9574",2,252,2148,"Maryland","Laurin Mincy",1,1,0,1,"0/1",0,22,0,"and_one"
"2014-15","9574",2,167,2233,"Maryland","Brionna Jones",42,2,1,1,"1/2",0,21,0,""
"2014-15","9574",2,157,2243,"Michigan","Madison Ristovski",1,1,0,1,"0/1",0,-22,0,"other"
"2014-15","9574",2,102,2298,"Maryland","Kiara Leslie",2,2,1,1,"1/2",0,24,0,""
"2014-15","9575",1,1050,150,"Maryland","S. Walker-Kimbrough",32,2,1,1,"1/2",1,-8,0,""
"2014-15","9575",1,946,254,"Iowa","Whitney Jennings",15,2,2,0,"2/2",1,5,0,""
"2014-15","9575",1,919,281,"Maryland","Lexie Brown",4,1,1,0,"1/1",1,-5,0,"and_one"
"2014-15","9575",1,847,353,"Iowa","Samantha Logic",22,1,1,0,"1/1",1,9,0,"and_one"
"2014-15","9575",1,769,431,"Maryland","Laurin Mincy",1,2,2,0,"2/2",1,-8,0,""
"2014-15","9575",1,488,712,"Maryland","Laurin Mincy",1,2,2,0,"2/2",1,-7,0,""
"2014-15","9575",1,444,756,"Maryland","Lexie Brown",4,2,2,0,"2/2",1,-7,0,""
"2014-15","9575",1,236,964,"Maryland","Brionna Jones",42,2,2,0,"2/2",1,-2,0,""
"2014-15","9575",1,218,982,"Iowa","Bethany Doolittle",51,1,1,0,"1/1",1,2,0,"and_one"
"2014-15","9575",1,164,1036,"Maryland","Kiara Leslie",2,1,0,1,"0/1",0,-1,0,"other"
"2014-15","9575",1,109,1091,"Iowa","Melissa Dixon",21,2,2,0,"2/2",1,-1,0,""
"2014-15","9575",1,78,1122,"Iowa","Ally Disterhoft",2,2,1,1,"1/2",1,1,0,""
"2014-15","9575",1,34,1166,"Maryland","Kiara Leslie",2,1,1,0,"1/1",1,-2,0,"and_one"
"2014-15","9575",1,1,1199,"Maryland","Tierney Pfirman",22,2,2,0,"2/2",1,-3,0,""
"2014-15","9575",2,1102,1298,"Maryland","Brionna Jones",42,1,1,0,"1/1",1,1,0,"and_one"
"2014-15","9575",2,1090,1310,"Iowa","Samantha Logic",22,2,1,1,"1/2",0,-2,0,""
"2014-15","9575",2,1076,1324,"Maryland","Brionna Jones",42,2,2,0,"2/2",1,1,0,""
"2014-15","9575",2,1016,1384,"Maryland","Brionna Jones",42,2,1,1,"1/2",0,3,0,""
"2014-15","9575",2,957,1443,"Iowa","Ally Disterhoft",2,2,2,0,"2/2",1,-2,0,""
"2014-15","9575",2,732,1668,"Iowa","Bethany Doolittle",51,1,1,0,"1/1",1,5,0,"other"
"2014-15","9575",2,466,1934,"Maryland","Brene Moseley",3,1,1,0,"1/1",1,1,0,"and_one"
"2014-15","9575",2,448,1952,"Iowa","Alexa Kastanek",1,1,0,1,"0/1",0,0,0,"and_one"
"2014-15","9575",2,378,2022,"Maryland","Laurin Mincy",1,2,1,1,"1/2",0,5,0,""
"2014-15","9575",2,235,2165,"Iowa","Ally Disterhoft",2,2,2,0,"2/2",1,-5,1,""
"2014-15","9575",2,168,2232,"Iowa","Ally Disterhoft",2,2,1,1,"1/2",1,-3,1,""
"2014-15","9575",2,147,2253,"Maryland","Laurin Mincy",1,2,2,0,"2/2",1,2,1,""
"2014-15","9575",2,134,2266,"Iowa","Melissa Dixon",21,2,2,0,"2/2",1,-4,1,""
"2014-15","9575",2,112,2288,"Maryland","Brionna Jones",42,2,1,1,"1/2",1,2,1,""
"2014-15","9575",2,87,2313,"Maryland","Lexie Brown",4,2,1,1,"1/2",1,3,1,""
"2014-15","9575",2,63,2337,"Iowa","Ally Disterhoft",2,2,2,0,"2/2",1,-4,1,""
"2014-15","9575",2,30,2370,"Maryland","Lexie Brown",4,2,2,0,"2/2",1,4,1,""
"2014-15","9575",2,22,2378,"Maryland","Lexie Brown",4,2,2,0,"2/2",1,4,1,""
"2014-15","9575",2,16,2384,"Maryland","Brene Moseley",3,2,1,1,"1/2",0,6,0,""
"2014-15","9576",1,944,256,"Maryland","Malina Howard",5,2,1,1,"1/2",1,0,0,""
"2014-15","9576",1,600,600,"Maryland","S. Walker-Kimbrough",32,2,1,1,"1/2",0,-7,0,""
"2014-15","9576",1,389,811,"Penn State","Lindsey Spann",12,2,1,1,"1/2",0,-4,0,""
"2014-15","9576",1,235,965,"Maryland","Tierney Pfirman",22,2,1,1,"1/2",1,12,0,""
"2014-15","9576",2,1084,1316,"Penn State","Lindsey Spann",12,2,2,0,"2/2",1,-17,0,""
"2014-15","9576",2,928,1472,"Maryland","Brionna Jones",42,1,1,0,"1/1",1,18,0,"other"
"2014-15","9576",2,843,1557,"Maryland","Laurin Mincy",1,2,2,0,"2/2",1,19,0,""
"2014-15","9576",2,568,1832,"Maryland","A'Lexus Harrison",33,2,1,1,"1/2",1,21,0,""
"2014-15","9576",2,383,2017,"Penn State","Sierra Moore",5,2,1,1,"1/2",1,-20,0,""
"2014-15","9576",2,335,2065,"Penn State","Keke Sevillian",10,2,1,1,"1/2",0,-17,0,""
"2014-15","9576",2,289,2111,"Maryland","Kiara Leslie",2,2,2,0,"2/2",1,18,0,""
"2014-15","9576",2,134,2266,"Maryland","Kiara Leslie",2,2,2,0,"2/2",1,18,0,""
"2014-15","9576",2,14,2386,"Penn State","Sierra Moore",5,2,2,0,"2/2",1,-17,0,""
"2014-15","9577",2,1114,1286,"Maryland","Brionna Jones",42,2,2,0,"2/2",1,5,0,""
"2014-15","9577",2,1008,1392,"Maryland","Brionna Jones",42,2,2,0,"2/2",1,7,0,""
"2014-15","9577",2,615,1785,"Maryland","Lexie Brown",4,2,2,0,"2/2",1,8,0,""
"2014-15","9577",2,293,2107,"Maryland","Laurin Mincy",1,2,2,0,"2/2",1,13,0,""
"2014-15","9577",2,206,2194,"Nebraska","Hailie Sample",3,1,1,0,"1/1",1,-15,0,"and_one"
"2014-15","9577",2,70,2330,"Maryland","Kiara Leslie",2,2,1,1,"1/2",1,13,0,""
"2014-15","9578",1,1053,147,"Rutgers","Ariel Butts",43,1,1,0,"1/1",1,2,0,"and_one"
"2014-15","9578",1,811,389,"Maryland","A'Lexus Harrison",33,2,1,1,"1/2",1,-4,0,""
"2014-15","9578",1,389,811,"Maryland","S. Walker-Kimbrough",32,2,2,0,"2/2",1,8,0,""
"2014-15","9578",1,348,852,"Maryland","A'Lexus Harrison",33,2,2,0,"2/2",1,10,0,""
"2014-15","9578",1,272,928,"Maryland","Laurin Mincy",1,2,2,0,"2/2",1,10,0,""
"2014-15","9578",1,94,1106,"Rutgers","Tyler Scaife",3,2,2,0,"2/2",1,-10,0,""
"2014-15","9578",2,968,1432,"Rutgers","Betnijah Laney",44,2,2,0,"2/2",1,-6,0,""
"2014-15","9578",2,901,1499,"Maryland","Laurin Mincy",1,1,1,0,"1/1",1,6,0,"and_one"
"2014-15","9578",2,837,1563,"Maryland","Lexie Brown",4,1,0,1,"0/1",0,7,0,"and_one"
"2014-15","9578",2,706,1694,"Rutgers","Shrita Parker",10,2,2,0,"2/2",1,-6,0,""
"2014-15","9578",2,521,1879,"Rutgers","Kahleah Copper",2,2,2,0,"2/2",1,-13,0,""
"2014-15","9578",2,480,1920,"Rutgers","Kahleah Copper",2,1,1,0,"1/1",1,-9,0,"and_one"
"2014-15","9578",2,436,1964,"Maryland","Brionna Jones",42,2,2,0,"2/2",1,8,0,""
"2014-15","9578",2,416,1984,"Rutgers","Rachel Hollivay",1,1,1,0,"1/1",1,-8,0,"and_one"
"2014-15","9578",2,345,2055,"Maryland","Laurin Mincy",1,2,2,0,"2/2",1,7,0,""
"2014-15","9578",2,134,2266,"Rutgers","Betnijah Laney",44,2,2,0,"2/2",1,-13,0,""
"2014-15","9578",2,51,2349,"Maryland","Lexie Brown",4,2,2,0,"2/2",1,10,0,""
"2014-15","9578",2,39,2361,"Maryland","Malina Howard",5,2,1,1,"1/2",1,10,0,""
"2014-15","9579",1,1066,134,"Michigan State","Aerial Powers",23,2,0,2,"0/2",0,-3,0,""
"2014-15","9579",1,914,286,"Maryland","Lexie Brown",4,2,2,0,"2/2",1,3,0,""
"2014-15","9579",1,777,423,"Michigan State","Becca Mills",52,1,0,1,"0/1",0,-3,0,"and_one"
"2014-15","9579",1,509,691,"Michigan State","Tori Jankoska",1,1,1,0,"1/1",1,-5,0,"other"
"2014-15","9579",1,490,710,"Maryland","Brionna Jones",42,2,0,2,"0/2",0,4,0,""
"2014-15","9579",1,279,921,"Michigan State","Aerial Powers",23,2,0,2,"0/2",0,-1,0,""
"2014-15","9579",1,187,1013,"Michigan State","Aerial Powers",23,2,1,1,"1/2",0,-3,0,""
"2014-15","9579",2,1056,1344,"Maryland","S. Walker-Kimbrough",32,2,2,0,"2/2",1,1,0,""
"2014-15","9579",2,972,1428,"Michigan State","Tori Jankoska",1,2,2,0,"2/2",1,-3,0,""
"2014-15","9579",2,728,1672,"Maryland","Brionna Jones",42,2,1,1,"1/2",0,0,0,""
"2014-15","9579",2,598,1802,"Michigan State","Tori Jankoska",1,2,1,1,"1/2",0,0,0,""
"2014-15","9579",2,560,1840,"Maryland","Tierney Pfirman",22,2,2,0,"2/2",1,-1,0,""
"2014-15","9579",2,425,1975,"Maryland","S. Walker-Kimbrough",32,1,1,0,"1/1",1,7,0,"other"
"2014-15","9579",2,361,2039,"Maryland","Brionna Jones",42,2,1,1,"1/2",1,10,0,""
"2014-15","9579",2,283,2117,"Michigan State","Aerial Powers",23,1,0,1,"0/1",0,-9,0,"and_one"
"2014-15","9579",2,204,2196,"Maryland","Laurin Mincy",1,2,2,0,"2/2",1,8,0,""
"2014-15","9579",2,180,2220,"Maryland","Brionna Jones",42,2,1,1,"1/2",0,10,0,""
"2014-15","9579",2,96,2304,"Michigan State","Tori Jankoska",1,1,0,1,"0/1",0,-9,0,"other"
"2014-15","9579",2,57,2343,"Michigan State","Lexi Gussert",24,2,0,2,"0/2",0,-7,0,""
"2014-15","9579",2,42,2358,"Maryland","Brionna Jones",42,2,2,0,"2/2",1,7,0,""
"2014-15","9579",2,32,2368,"Maryland","Laurin Mincy",1,2,2,0,"2/2",1,6,0,""
"2014-15","9579",2,18,2382,"Maryland","Tierney Pfirman",22,2,0,2,"0/2",0,5,1,""
"2014-15","9579",2,6,2394,"Michigan State","Tori Jankoska",1,2,2,0,"2/2",1,-7,0,""
"2014-15","9579",2,5,2395,"Maryland","Tierney Pfirman",22,2,1,1,"1/2",0,5,1,""
"2014-15","9580",1,1071,129,"Maryland","Brionna Jones",42,2,1,1,"1/2",1,4,0,""
"2014-15","9580",1,275,925,"Maryland","Laurin Mincy",1,2,2,0,"2/2",1,13,0,""
"2014-15","9580",1,137,1063,"Maryland","Brionna Jones",42,2,0,2,"0/2",0,14,0,""
"2014-15","9580",1,69,1131,"Maryland","Brionna Jones",42,2,2,0,"2/2",1,14,0,""
"2014-15","9580",1,61,1139,"Wisconsin","Dakota Whyte",1,1,0,1,"0/1",0,-16,0,"other"
"2014-15","9580",2,1173,1227,"Maryland","Brionna Jones",42,2,2,0,"2/2",1,13,0,""
"2014-15","9580",2,1076,1324,"Wisconsin","Dakota Whyte",1,2,1,1,"1/2",1,-10,0,""
"2014-15","9580",2,901,1499,"Wisconsin","Dakota Whyte",1,2,2,0,"2/2",1,-5,0,""
"2014-15","9580",2,694,1706,"Maryland","Brionna Jones",42,2,1,1,"1/2",1,11,0,""
"2014-15","9580",2,509,1891,"Maryland","Lexie Brown",4,2,2,0,"2/2",1,13,0,""
"2014-15","9580",2,430,1970,"Maryland","Lexie Brown",4,2,2,0,"2/2",1,17,0,""
"2014-15","9580",2,190,2210,"Wisconsin","Tessa Cichy",22,2,2,0,"2/2",1,-13,0,""
"2014-15","9580",2,120,2280,"Maryland","Lexie Brown",4,2,1,1,"1/2",1,9,0,""
"2014-15","9580",2,73,2327,"Maryland","Malina Howard",5,2,2,0,"2/2",1,10,0,""
"2014-15","9580",2,61,2339,"Maryland","Tierney Pfirman",22,2,1,1,"1/2",1,12,0,""
"2014-15","9580",2,52,2348,"Wisconsin","Dakota Whyte",1,1,1,0,"1/1",1,-11,0,"and_one"
"2014-15","9580",2,40,2360,"Maryland","Lexie Brown",4,2,2,0,"2/2",1,8,0,""
"2014-15","9580",2,36,2364,"Wisconsin","Dakota Whyte",1,2,1,1,"1/2",1,-10,0,""
"2014-15","9580",2,34,2366,"Maryland","Laurin Mincy",1,2,2,0,"2/2",1,9,0,""
"2014-15","9581",1,952,248,"Penn State","Peyton Whitted",25,2,2,0,"2/2",1,-10,0,""
"2014-15","9581",1,861,339,"Maryland","Brionna Jones",42,1,0,1,"0/1",0,10,0,"and_one"
"2014-15","9581",1,746,454,"Maryland","Lexie Brown",4,2,1,1,"1/2",0,8,0,""
"2014-15","9581",1,373,827,"Maryland","S. Walker-Kimbrough",32,2,1,1,"1/2",1,14,0,""
"2014-15","9581",1,366,834,"Penn State","Kaliyah Mitchell",15,2,0,2,"0/2",0,-15,0,""
"2014-15","9581",1,257,943,"Maryland","A'Lexus Harrison",33,1,1,0,"1/1",1,17,0,"and_one"
"2014-15","9581",1,217,983,"Maryland","Brionna Jones",42,2,0,2,"0/2",0,18,0,""
"2014-15","9581",1,105,1095,"Maryland","Brionna Jones",42,2,1,1,"1/2",0,18,0,""
"2014-15","9581",2,1037,1363,"Maryland","Malina Howard",5,2,1,1,"1/2",1,17,0,""
"2014-15","9581",2,988,1412,"Penn State","Peyton Whitted",25,2,0,2,"0/2",0,-18,0,""
"2014-15","9581",2,354,2046,"Penn State","Alex Harris",11,2,2,0,"2/2",1,-31,0,""
"2014-15","9581",2,296,2104,"Penn State","Candice Agee",1,1,0,1,"0/1",0,-27,0,"other"
"2014-15","9581",2,281,2119,"Maryland","Kiara Leslie",2,2,2,0,"2/2",1,27,0,""
"2014-15","9581",2,247,2153,"Maryland","Kristen Confroy",12,2,2,0,"2/2",1,29,0,""
"2014-15","9581",2,187,2213,"Maryland","Kristen Confroy",12,2,1,1,"1/2",0,34,0,""
"2014-15","9581",2,164,2236,"Penn State","Candice Agee",1,2,0,2,"0/2",0,-35,0,""
"2014-15","9581",2,137,2263,"Maryland","Aja Ellison",0,2,0,2,"0/2",0,35,0,""
"2014-15","9581",2,121,2279,"Penn State","Candice Agee",1,1,0,1,"0/1",0,-35,0,"other"
"2014-15","9582",1,947,253,"Indiana","Tyra Buss",3,1,1,0,"1/1",1,-4,0,"and_one"
"2014-15","9582",1,742,458,"Indiana","Alexis Gassion",23,2,1,1,"1/2",1,-3,0,""
"2014-15","9582",1,693,507,"Maryland","Laurin Mincy",1,2,1,1,"1/2",0,2,0,""
"2014-15","9582",1,559,641,"Maryland","Brionna Jones",42,1,1,0,"1/1",1,3,0,"and_one"
"2014-15","9582",1,531,669,"Maryland","Laurin Mincy",1,2,2,0,"2/2",1,4,0,""
"2014-15","9582",1,402,798,"Maryland","S. Walker-Kimbrough",32,1,1,0,"1/1",1,7,0,"and_one"
"2014-15","9582",1,336,864,"Maryland","Malina Howard",5,1,1,0,"1/1",1,8,0,"and_one"
"2014-15","9582",1,267,933,"Maryland","Laurin Mincy",1,2,2,0,"2/2",1,11,0,""
"2014-15","9582",1,261,939,"Indiana","Jess Walter",2,2,2,0,"2/2",1,-13,0,""
"2014-15","9582",1,246,954,"Indiana","Amanda Cahill",33,2,1,1,"1/2",0,-11,0,""
"2014-15","9582",1,186,1014,"Maryland","Lexie Brown",4,2,2,0,"2/2",1,7,0,""
"2014-15","9582",2,1166,1234,"Indiana","Larryn Brooks",5,2,2,0,"2/2",1,-12,0,""
"2014-15","9582",2,1023,1377,"Maryland","Lexie Brown",4,1,1,0,"1/1",1,10,0,"and_one"
"2014-15","9582",2,924,1476,"Maryland","S. Walker-Kimbrough",32,2,1,1,"1/2",1,13,0,""
"2014-15","9582",2,550,1850,"Maryland","Brionna Jones",42,2,0,2,"0/2",0,7,0,""
"2014-15","9582",2,398,2002,"Indiana","Alexis Gassion",23,2,2,0,"2/2",1,-8,0,""
"2014-15","9582",2,328,2072,"Maryland","Laurin Mincy",1,2,2,0,"2/2",1,6,0,""
"2014-15","9582",2,277,2123,"Indiana","Tyra Buss",3,2,1,1,"1/2",0,-10,0,""
"2014-15","9582",2,258,2142,"Maryland","Laurin Mincy",1,2,1,1,"1/2",1,9,0,""
"2014-15","9582",2,239,2161,"Indiana","Larryn Brooks",5,2,1,1,"1/2",1,-10,0,""
"2014-15","9582",2,224,2176,"Maryland","S. Walker-Kimbrough",32,2,2,0,"2/2",1,9,0,""
"2014-15","9582",2,193,2207,"Maryland","Malina Howard",5,2,1,1,"1/2",1,11,0,""
"2014-15","9582",2,184,2216,"Indiana","Tyra Buss",3,2,2,0,"2/2",1,-12,0,""
"2014-15","9582",2,139,2261,"Maryland","Laurin Mincy",1,2,2,0,"2/2",1,13,0,""
"2014-15","9582",2,118,2282,"Indiana","Tyra Buss",3,2,2,0,"2/2",1,-15,0,""
"2014-15","9582",2,111,2289,"Maryland","Lexie Brown",4,2,2,0,"2/2",1,13,0,""
"2014-15","9582",2,36,2364,"Maryland","Lexie Brown",4,2,2,0,"2/2",1,9,0,""
"2014-15","9583",1,592,608,"Maryland","S. Walker-Kimbrough",32,2,1,1,"1/2",1,5,0,""
"2014-15","9583",1,576,624,"Northwestern","Nia Coffey",10,1,0,1,"0/1",0,-4,0,"and_one"
"2014-15","9583",1,458,742,"Northwestern","Lauren Douglas",11,2,2,0,"2/2",1,-2,0,""
"2014-15","9583",2,995,1405,"Northwestern","Nia Coffey",10,2,1,1,"1/2",1,-7,0,""
"2014-15","9583",2,953,1447,"Northwestern","Nia Coffey",10,2,1,1,"1/2",1,-8,0,""
"2014-15","9583",2,807,1593,"Northwestern","Nia Coffey",10,2,2,0,"2/2",1,-10,0,""
"2014-15","9583",2,672,1728,"Northwestern","Lauren Douglas",11,2,2,0,"2/2",1,-14,0,""
"2014-15","9583",2,656,1744,"Maryland","Brionna Jones",42,2,1,1,"1/2",1,12,0,""
"2014-15","9583",2,546,1854,"Northwestern","Nia Coffey",10,2,0,2,"0/2",0,-16,0,""
"2014-15","9583",2,481,1919,"Maryland","Brionna Jones",42,1,1,0,"1/1",1,16,0,"and_one"
"2014-15","9583",2,440,1960,"Maryland","Brene Moseley",3,1,0,1,"0/1",0,17,0,"other"
"2014-15","9583",2,373,2027,"Maryland","S. Walker-Kimbrough",32,2,1,1,"1/2",0,20,0,""
"2014-15","9583",2,273,2127,"Maryland","Brene Moseley",3,1,0,1,"0/1",0,17,0,"other"
"2014-15","9583",2,271,2129,"Maryland","Brionna Jones",42,2,0,2,"0/2",0,17,0,""
"2014-15","9583",2,212,2188,"Maryland","Malina Howard",5,2,2,0,"2/2",1,19,0,""
"2014-15","9583",2,181,2219,"Maryland","Brene Moseley",3,2,1,1,"1/2",0,18,0,""
"2014-15","9583",2,107,2293,"Maryland","Brene Moseley",3,2,2,0,"2/2",1,19,0,""
"2014-15","9583",2,5,2395,"Maryland","Lexie Brown",4,2,2,0,"2/2",1,19,0,""
"2014-15","9584",1,986,214,"Maryland","Malina Howard",5,1,1,0,"1/1",1,6,0,"and_one"
"2014-15","9584",1,963,237,"Michigan State","Aerial Powers",23,2,2,0,"2/2",1,-7,0,""
"2014-15","9584",1,925,275,"Michigan State","Aerial Powers",23,2,2,0,"2/2",1,-5,0,""
"2014-15","9584",1,727,473,"Maryland","Brionna Jones",42,2,1,1,"1/2",0,5,0,""
"2014-15","9584",1,582,618,"Maryland","Kristen Confroy",12,1,0,1,"0/1",0,15,0,"and_one"
"2014-15","9584",1,502,698,"Maryland","Lexie Brown",4,1,0,1,"0/1",0,15,0,"other"
"2014-15","9584",1,376,824,"Maryland","S. Walker-Kimbrough",32,2,2,0,"2/2",1,10,0,""
"2014-15","9584",1,121,1079,"Maryland","Brionna Jones",42,1,0,1,"0/1",0,7,0,"other"
"2014-15","9584",1,17,1183,"Michigan State","Anna Morrissey",14,2,2,0,"2/2",1,-11,0,""
"2014-15","9584",2,1140,1260,"Michigan State","Aerial Powers",23,1,1,0,"1/1",1,-11,0,"and_one"
"2014-15","9584",2,1052,1348,"Maryland","Lexie Brown",4,2,2,0,"2/2",1,8,0,""
"2014-15","9584",2,1039,1361,"Michigan State","Aerial Powers",23,2,1,1,"1/2",1,-10,0,""
"2014-15","9584",2,928,1472,"Maryland","Lexie Brown",4,2,2,0,"2/2",1,7,0,""
"2014-15","9584",2,833,1567,"Michigan State","Aerial Powers",23,1,1,0,"1/1",1,-7,0,"and_one"
"2014-15","9584",2,821,1579,"Maryland","S. Walker-Kimbrough",32,2,1,1,"1/2",0,6,0,""
"2014-15","9584",2,815,1585,"Maryland","Lexie Brown",4,2,2,0,"2/2",1,7,0,""
"2014-15","9584",2,783,1617,"Michigan State","Aerial Powers",23,2,2,0,"2/2",1,-11,0,""
"2014-15","9584",2,543,1857,"Maryland","Lexie Brown",4,2,2,0,"2/2",1,15,0,""
"2014-15","9584",2,455,1945,"Michigan State","Cara Miller",2,2,1,1,"1/2",0,-16,0,""
"2014-15","9584",2,400,2000,"Maryland","Brene Moseley",3,2,2,0,"2/2",1,15,0,""
"2014-15","9584",2,309,2091,"Maryland","S. Walker-Kimbrough",32,2,2,0,"2/2",1,13,0,""
"2014-15","9584",2,293,2107,"Michigan State","Tori Jankoska",1,2,1,1,"1/2",1,-15,0,""
"2014-15","9584",2,291,2109,"Michigan State","Aerial Powers",23,2,1,1,"1/2",1,-14,0,""
"2014-15","9584",2,196,2204,"Michigan State","Tori Jankoska",1,2,2,0,"2/2",1,-15,0,""
"2014-15","9584",2,162,2238,"Michigan State","Cara Miller",2,2,1,1,"1/2",0,-13,0,""
"2014-15","9584",2,141,2259,"Maryland","Brionna Jones",42,2,2,0,"2/2",1,12,0,""
"2014-15","9584",2,65,2335,"Michigan State","Aerial Powers",23,2,2,0,"2/2",1,-14,0,""
"2014-15","9585",1,738,462,"Northwestern","Nia Coffey",10,2,2,0,"2/2",1,4,0,""
"2014-15","9585",1,67,1133,"Maryland","Laurin Mincy",1,2,2,0,"2/2",1,1,0,""
"2014-15","9585",1,38,1162,"Maryland","Kristen Confroy",12,2,2,0,"2/2",1,3,0,""
"2014-15","9585",2,770,1630,"Maryland","Malina Howard",5,2,2,0,"2/2",1,16,0,""
"2014-15","9585",2,623,1777,"Maryland","Kiara Leslie",2,2,1,1,"1/2",1,18,0,""
"2014-15","9585",2,442,1958,"Northwestern","Karly Roser",42,2,2,0,"2/2",1,-15,0,""
"2014-15","9585",2,328,2072,"Northwestern","Nia Coffey",10,2,1,1,"1/2",1,-13,0,""
"2014-15","9585",2,280,2120,"Maryland","Brionna Jones",42,1,0,1,"0/1",0,10,0,"other"
"2014-15","9585",2,212,2188,"Maryland","Brionna Jones",42,2,0,2,"0/2",0,10,0,""
"2014-15","9585",2,132,2268,"Northwestern","Karly Roser",42,1,0,1,"0/1",0,-8,0,"and_one"
"2014-15","9585",2,103,2297,"Maryland","Lexie Brown",4,2,2,0,"2/2",1,8,0,""
"2014-15","9585",2,77,2323,"Maryland","Brene Moseley",3,2,1,1,"1/2",1,8,0,""
"2014-15","9585",2,65,2335,"Maryland","Lexie Brown",4,2,2,0,"2/2",1,9,0,""
"2014-15","9585",2,54,2346,"Maryland","Malina Howard",5,2,2,0,"2/2",1,11,0,""
"2014-15","9585",2,40,2360,"Maryland","Brene Moseley",3,2,1,1,"1/2",0,13,0,""
"2014-15","9585",2,31,2369,"Maryland","Lexie Brown",4,2,2,0,"2/2",1,11,0,""
"2014-15","9585",2,19,2381,"Northwestern","Lauren Douglas",11,2,2,0,"2/2",1,-13,0,""
"2014-15","9585",2,17,2383,"Maryland","Brene Moseley",3,2,2,0,"2/2",1,11,0,""
"2014-15","9586",1,912,288,"Ohio State","Kelsey Mitchell",3,2,2,0,"2/2",1,-3,0,""
"2014-15","9586",1,831,369,"Ohio State","Alexa Hart",22,2,1,1,"1/2",0,-1,0,""
"2014-15","9586",1,303,897,"Ohio State","Ameryst Alston",14,2,2,0,"2/2",1,-6,0,""
"2014-15","9586",1,189,1011,"Ohio State","Ameryst Alston",14,2,1,1,"1/2",1,-2,0,""
"2014-15","9586",1,170,1030,"Maryland","Kiara Leslie",2,2,1,1,"1/2",1,1,0,""
"2014-15","9586",1,45,1155,"Maryland","Brene Moseley",3,2,2,0,"2/2",1,6,0,""
"2014-15","9586",2,1043,1357,"Ohio State","Ameryst Alston",14,2,1,1,"1/2",0,-13,0,""
"2014-15","9586",2,476,1924,"Maryland","S. Walker-Kimbrough",32,1,0,1,"0/1",0,4,0,"and_one"
"2014-15","9586",2,459,1941,"Maryland","Lexie Brown",4,2,1,1,"1/2",0,4,0,""
"2014-15","9586",2,427,1973,"Ohio State","Ameryst Alston",14,2,2,0,"2/2",1,-5,0,""
"2014-15","9586",2,383,2017,"Maryland","Malina Howard",5,2,2,0,"2/2",1,1,0,""
"2014-15","9586",2,375,2025,"Ohio State","Kelsey Mitchell",3,2,2,0,"2/2",1,-3,0,""
"2014-15","9586",2,342,2058,"Ohio State","Ameryst Alston",14,2,1,1,"1/2",1,-3,0,""
"2014-15","9586",2,328,2072,"Maryland","Lexie Brown",4,2,2,0,"2/2",1,2,0,""
"2014-15","9586",2,208,2192,"Ohio State","Kelsey Mitchell",3,2,1,1,"1/2",0,-6,0,""
"2014-15","9586",2,147,2253,"Maryland","S. Walker-Kimbrough",32,2,2,0,"2/2",1,2,1,""
"2014-15","9586",2,4,2396,"Maryland","Lexie Brown",4,2,2,0,"2/2",1,1,1,""
"2014-15","9587",1,1185,15,"Maryland","Brionna Jones",42,2,2,0,"2/2",1,0,0,""
"2014-15","9587",1,1026,174,"Maryland","Brionna Jones",42,2,1,1,"1/2",0,0,0,""
"2014-15","9587",1,584,616,"Maryland","Brene Moseley",3,1,1,0,"1/1",1,7,0,"and_one"
"2014-15","9587",1,407,793,"Maryland","Brionna Jones",42,1,1,0,"1/1",1,11,0,"and_one"
"2014-15","9587",1,300,900,"New Mexico State","Tamera William",21,2,2,0,"2/2",1,-13,0,""
"2014-15","9587",1,249,951,"New Mexico State","Sasha Weber",4,2,1,1,"1/2",0,-11,0,""
"2014-15","9587",1,180,1020,"New Mexico State","Brianna Freeman",24,1,1,0,"1/1",1,-12,0,"and_one"
"2014-15","9587",1,155,1045,"Maryland","Laurin Mincy",1,2,2,0,"2/2",1,11,0,""
"2014-15","9587",1,38,1162,"Maryland","Kristen Confroy",12,1,1,0,"1/1",1,12,0,"and_one"
"2014-15","9587",2,1126,1274,"Maryland","Brionna Jones",42,2,2,0,"2/2",1,10,0,""
"2014-15","9587",2,964,1436,"New Mexico State","Brianna Freeman",24,2,2,0,"2/2",1,-12,0,""
"2014-15","9587",2,849,1551,"Maryland","Brionna Jones",42,2,2,0,"2/2",1,13,0,""
"2014-15","9587",2,784,1616,"New Mexico State","Sasha Weber",4,2,2,0,"2/2",1,-17,0,""
"2014-15","9587",2,723,1677,"Maryland","Laurin Mincy",1,2,2,0,"2/2",1,18,0,""
"2014-15","9587",2,583,1817,"Maryland","Kristen Confroy",12,2,2,0,"2/2",1,23,0,""
"2014-15","9587",2,411,1989,"Maryland","Laurin Mincy",1,1,0,1,"0/1",0,23,0,"other"
"2014-15","9587",2,365,2035,"Maryland","Laurin Mincy",1,1,1,0,"1/1",1,23,0,"and_one"
"2014-15","9587",2,74,2326,"Maryland","Brene Moseley",3,2,1,1,"1/2",1,20,0,""
"2014-15","9588",1,763,437,"Princeton","Amanda Berntsen",14,2,2,0,"2/2",1,-6,0,""
"2014-15","9588",1,673,527,"Maryland","Laurin Mincy",1,2,1,1,"1/2",0,-1,0,""
"2014-15","9588",1,358,842,"Princeton","Blake Dietrick",11,1,1,0,"1/1",1,3,0,"and_one"
"2014-15","9588",1,297,903,"Maryland","S. Walker-Kimbrough",32,2,2,0,"2/2",1,-4,0,""
"2014-15","9588",1,224,976,"Maryland","Laurin Mincy",1,2,2,0,"2/2",1,1,0,""
"2014-15","9588",2,1080,1320,"Maryland","Brionna Jones",42,2,2,0,"2/2",1,6,0,""
"2014-15","9588",2,1016,1384,"Maryland","Brionna Jones",42,1,0,1,"0/1",0,10,0,"and_one"
"2014-15","9588",2,688,1712,"Maryland","Brionna Jones",42,2,2,0,"2/2",1,13,0,""
"2014-15","9588",2,650,1750,"Maryland","Brionna Jones",42,2,0,2,"0/2",0,15,0,""
"2014-15","9588",2,534,1866,"Princeton","Mariah Smith",25,2,0,2,"0/2",0,-19,0,""
"2014-15","9588",2,258,2142,"Princeton","Vanessa Smith",13,2,2,0,"2/2",1,-17,0,""
"2014-15","9588",2,91,2309,"Princeton","Blake Dietrick",11,3,3,0,"3/3",1,-15,0,""
"2014-15","9588",2,82,2318,"Maryland","Lexie Brown",4,2,2,0,"2/2",1,12,0,""
"2014-15","9589",1,347,853,"Maryland","Brionna Jones",42,2,2,0,"2/2",1,2,0,""
"2014-15","9589",1,128,1072,"Maryland","S. Walker-Kimbrough",32,2,2,0,"2/2",1,7,0,""
"2014-15","9589",1,107,1093,"Duke","Ka'lia Johnson",14,2,2,0,"2/2",1,-9,0,""
"2014-15","9589",1,78,1122,"Duke","Elizabeth Williams",1,2,2,0,"2/2",1,-7,0,""
"2014-15","9589",1,51,1149,"Maryland","Laurin Mincy",1,3,3,0,"3/3",1,5,0,""
"2014-15","9589",2,1020,1380,"Duke","Ka'lia Johnson",14,2,2,0,"2/2",1,-8,0,""
"2014-15","9589",2,929,1471,"Duke","Azura Stevens",11,1,1,0,"1/1",1,-6,0,"and_one"
"2014-15","9589",2,565,1835,"Duke","Ka'lia Johnson",14,1,1,0,"1/1",1,-6,0,"and_one"
"2014-15","9589",2,439,1961,"Maryland","Malina Howard",5,2,1,1,"1/2",1,5,0,""
"2014-15","9589",2,39,2361,"Maryland","Brene Moseley",3,2,2,0,"2/2",1,11,0,""
"2014-15","9589",2,16,2384,"Maryland","Lexie Brown",4,2,1,1,"1/2",1,11,0,""
"2014-15","9589",2,15,2385,"Duke","Kendall Cooper",21,2,2,0,"2/2",1,-12,0,""
"2014-15","9590",1,1106,94,"Tennessee","Bashaara Graves",12,1,0,1,"0/1",0,5,0,"and_one"
"2014-15","9590",1,817,383,"Maryland","S. Walker-Kimbrough",32,1,1,0,"1/1",1,-5,0,"and_one"
"2014-15","9590",1,480,720,"Maryland","Brionna Jones",42,2,1,1,"1/2",1,-2,0,""
"2014-15","9590",1,368,832,"Maryland","Laurin Mincy",1,2,2,0,"2/2",1,-1,0,""
"2014-15","9590",2,41,2359,"Maryland","Brionna Jones",42,2,1,1,"1/2",1,3,1,""
"2014-15","9590",2,37,2363,"Maryland","Brene Moseley",3,2,2,0,"2/2",1,4,1,""
"2014-15","9590",2,23,2377,"Maryland","Lexie Brown",4,2,2,0,"2/2",1,6,0,""
"2014-15","9590",2,14,2386,"Maryland","Laurin Mincy",1,2,2,0,"2/2",1,8,0,""
"2014-15","9591",1,883,317,"UConn","Moriah JEFFERSON",4,2,2,0,"2/2",1,2,0,""
"2014-15","9591",1,519,681,"UConn","Breanna STEWART",30,2,2,0,"2/2",1,3,0,""
"2014-15","9591",1,168,1032,"UConn","Breanna STEWART",30,2,1,1,"1/2",1,8,0,""
"2014-15","9591",2,841,1559,"UConn","Breanna STEWART",30,2,2,0,"2/2",1,18,0,""
"2014-15","9591",2,695,1705,"Maryland","Brene Moseley",3,2,2,0,"2/2",1,-18,0,""
"2014-15","9591",2,624,1776,"UConn","Breanna STEWART",30,2,2,0,"2/2",1,14,0,""
"2014-15","9591",2,566,1834,"UConn","Morgan TUCK",3,2,2,0,"2/2",1,18,0,""
"2014-15","9591",2,424,1976,"UConn","Breanna STEWART",30,2,2,0,"2/2",1,19,0,""
"2014-15","9591",2,346,2054,"Maryland","Brionna Jones",42,2,2,0,"2/2",1,-21,0,""
"2014-15","9591",2,301,2099,"Maryland","Laurin Mincy",1,2,1,1,"1/2",1,-21,0,""
"2014-15","9591",2,250,2150,"UConn","K. MOSQUEDA-LEWIS",23,2,1,1,"1/2",1,20,0,""
"2014-15","9591",2,63,2337,"UConn","Gabby WILLIAMS",15,2,1,1,"1/2",0,24,0,""
