"player_id","player_name","season","games","starts","minutes","points","fgm","fga","tpm","tpa","ftm","fta","offensive_rebounds","defensive_rebounds","rebounds","assists","steals","blocks","turnovers","personal_fouls","high_points","double_doubles","triple_doubles"
"a-lexus-harrison","A'Lexus Harrison","2014-15",36,0,332,72,31,61,0,0,10,16,42,60,102,15,19,6,24,52,12,0,0
"abby-meyers","Abby Meyers","2022-23",35,33,1068,501,196,431,64,165,45,60,59,119,178,81,64,17,51,62,24,2,0
"addi-mack","Addi Mack","2025-26",31,26,841,340,124,295,26,87,66,77,20,71,91,68,33,4,51,47,23,0,0
"aja-ellison","Aja Ellison","2014-15",17,0,68,15,7,16,0,0,1,7,9,7,16,1,2,3,6,19,6,0,0
"aja-ellison","Aja Ellison","2015-16",15,0,44,9,3,10,0,0,3,5,6,6,12,0,0,1,7,8,5,0,0
"aja-ellison","Aja Ellison","2017-18",24,0,108,14,6,14,0,0,2,8,17,14,31,2,2,4,7,6,5,0,0
"akila-smith","Akila Smith","2021-22",9,0,199,58,26,43,0,4,6,7,18,32,50,13,8,8,17,19,10,0,0
"alaysia-styles","Alaysia Styles","2020-21",21,0,327,102,46,76,0,0,10,14,25,34,59,10,24,2,18,41,15,0,0
"allie-kubek","Allie Kubek","2023-24",33,17,725,297,109,205,20,38,59,85,62,71,133,21,19,19,42,54,29,1,0
"allie-kubek","Allie Kubek","2024-25",33,21,804,301,117,203,18,56,49,76,62,92,154,35,14,20,32,60,20,2,0
"amari-deberry","Amari DeBerry","2024-25",22,2,167,56,26,48,0,1,4,7,7,19,26,8,1,16,22,24,6,0,0
"angel-reese","Angel Reese","2020-21",15,4,225,150,50,107,1,6,49,73,40,50,90,17,9,19,22,30,20,1,0
"angel-reese","Angel Reese","2021-22",31,30,795,549,198,393,2,11,151,220,161,163,324,46,52,35,78,97,26,16,0
"ashley-owusu","Ashley Owusu","2019-20",32,16,864,383,144,323,13,42,82,112,32,91,123,174,47,5,78,70,22,4,0
"ashley-owusu","Ashley Owusu","2020-21",29,28,902,518,199,404,11,38,109,143,42,121,163,171,37,6,76,57,34,2,0
"ashley-owusu","Ashley Owusu","2021-22",27,25,787,385,139,328,13,32,94,118,33,51,84,99,25,2,60,48,30,0,0
"ava-mckennie","Ava McKennie","2024-25",21,0,178,28,11,34,0,6,6,11,8,18,26,7,8,6,7,15,4,0,0
"ava-sciolla","Ava Sciolla","2022-23",16,0,43,7,3,5,1,1,0,0,1,9,10,1,0,0,0,3,3,0,0
"blair-watson","Blair Watson","2016-17",30,0,328,87,32,98,16,65,7,12,26,39,65,30,31,13,19,32,10,0,0
"blair-watson","Blair Watson","2017-18",17,17,442,235,83,187,63,143,6,8,16,55,71,46,39,18,17,31,24,0,0
"blair-watson","Blair Watson","2018-19",34,32,937,281,98,230,60,166,25,29,30,106,136,76,48,13,55,77,20,0,0
"blair-watson","Blair Watson","2019-20",31,28,826,241,90,229,55,169,6,10,40,100,140,65,91,15,41,58,23,0,0
"breanna-williams","Breanna Williams","2025-26",24,0,251,113,35,72,4,15,39,54,26,42,68,10,8,5,21,27,12,0,0
"brene-moseley","Brene Moseley","2014-15",36,0,408,201,67,161,21,57,46,59,12,29,41,52,21,0,47,31,18,0,0
"brene-moseley","Brene Moseley","2015-16",35,1,786,406,147,308,25,76,87,114,12,60,72,207,37,5,86,58,26,4,0
"bri-mcdaniel","Bri McDaniel","2022-23",34,0,317,103,35,82,12,24,21,33,19,33,52,12,20,2,21,42,14,0,0
"bri-mcdaniel","Bri McDaniel","2023-24",33,25,855,415,140,334,25,65,110,137,31,99,130,93,55,5,87,95,25,1,0
"bri-mcdaniel","Bri McDaniel","2024-25",17,2,369,180,70,138,10,34,30,35,11,24,35,40,18,2,30,39,21,0,0
"brianna-fraser","Brianna Fraser","2015-16",32,1,330,128,40,101,1,4,47,63,26,61,87,6,6,17,29,38,11,0,0
"brianna-fraser","Brianna Fraser","2016-17",35,0,434,212,80,154,0,0,52,77,45,80,125,18,12,28,37,53,18,0,0
"brianna-fraser","Brianna Fraser","2017-18",33,1,666,336,119,235,0,0,98,137,74,118,192,28,16,35,62,91,24,4,0
"brianna-fraser","Brianna Fraser","2018-19",32,2,511,237,94,189,0,0,49,80,46,86,132,21,16,15,59,64,24,1,0
"brinae-alexander","Brinae Alexander","2022-23",35,1,789,315,107,246,68,155,33,38,33,81,114,36,37,8,37,84,24,0,0
"brinae-alexander","Brinae Alexander","2023-24",33,33,852,303,105,268,81,207,12,17,11,82,93,35,40,2,38,70,29,0,0
"brionna-jones","Brionna Jones","2014-15",37,37,903,458,184,306,0,1,90,142,152,176,328,27,37,49,68,100,24,14,0
"brionna-jones","Brionna Jones","2015-16",35,34,908,533,236,355,0,0,61,96,142,200,342,39,40,40,84,81,28,18,0
"brionna-jones","Brionna Jones","2016-17",35,35,938,697,281,407,0,1,135,176,165,215,380,51,68,57,49,86,42,25,0
"caroline-ducharme","Caroline Ducharme","2023-24",10,0,47,17,4,11,0,1,9,10,4,11,15,3,1,0,3,2,6,0,0
"channise-lewis","Channise Lewis","2017-18",34,32,904,182,63,168,32,81,24,44,8,57,65,160,40,9,64,64,12,0,0
"channise-lewis","Channise Lewis","2018-19",34,13,894,143,53,138,14,53,23,34,8,73,81,182,28,5,65,44,10,1,0
"channise-lewis","Channise Lewis","2020-21",9,0,159,46,17,32,7,13,5,8,1,5,6,31,1,0,11,15,11,0,0
"chloe-bibby","Chloe Bibby","2020-21",29,28,863,382,133,299,57,158,59,68,73,101,174,60,35,15,26,47,23,4,0
"chloe-bibby","Chloe Bibby","2021-22",32,32,1052,382,139,327,49,144,55,66,74,100,174,49,44,11,50,49,23,1,0
"chloe-pavlech","Chloe Pavlech","2014-15",22,0,183,43,13,36,10,28,7,9,0,7,7,20,7,0,8,12,10,0,0
"chloe-pavlech","Chloe Pavlech","2015-16",35,34,715,81,27,89,15,57,12,14,5,37,42,111,33,1,57,40,12,0,0
"christina-dalce","Christina Dalce","2024-25",33,29,710,274,106,224,0,0,62,111,118,131,249,26,24,30,63,101,19,7,0
"destiny-slocum","Destiny Slocum","2016-17",34,34,1051,392,133,328,71,190,55,83,11,90,101,204,44,2,106,72,25,2,0
"diamond-miller","Diamond Miller","2019-20",32,3,609,246,88,215,23,73,47,64,39,63,102,57,29,19,52,64,17,0,0
"diamond-miller","Diamond Miller","2020-21",29,28,799,501,178,352,38,107,107,135,46,123,169,83,40,28,76,70,28,3,0
"diamond-miller","Diamond Miller","2021-22",21,17,596,264,94,242,23,75,53,68,19,65,84,58,27,19,62,53,24,0,0
"diamond-miller","Diamond Miller","2022-23",34,33,974,671,225,473,20,91,201,252,54,165,219,99,71,45,108,97,32,4,0
"eleanna-christinaki","Eleanna Christinaki","2017-18",22,17,585,260,97,265,32,99,34,46,22,80,102,32,18,0,32,25,32,1,0
"elisa-pinzan","Elisa Pinzan","2022-23",35,34,708,115,48,120,12,41,7,8,9,42,51,100,39,1,39,32,9,0,0
"emily-fisher","Emily Fisher","2023-24",33,0,422,86,28,67,0,10,30,51,33,59,92,17,14,8,23,42,9,0,0
"emily-fisher","Emily Fisher","2024-25",19,0,210,32,11,26,1,2,9,16,10,16,26,11,7,1,16,21,8,0,0
"emma-chardon","Emma Chardon","2021-22",17,0,83,16,6,13,0,1,4,7,3,8,11,1,2,1,7,11,4,0,0
"emma-chardon","Emma Chardon","2023-24",8,0,52,12,5,6,0,0,2,2,1,3,4,2,0,0,3,5,10,0,0
"faith-masonius","Faith Masonius","2019-20",32,0,424,120,45,107,3,13,27,36,42,50,92,42,26,7,30,54,12,0,0
"faith-masonius","Faith Masonius","2020-21",29,1,613,196,82,150,4,15,28,33,68,76,144,64,35,3,34,56,16,2,0
"faith-masonius","Faith Masonius","2022-23",35,34,957,240,98,205,8,25,36,49,70,102,172,70,41,13,58,90,14,1,0
"faith-masonius","Faith Masonius","2023-24",33,16,794,218,91,184,2,8,34,42,46,82,128,84,31,9,75,76,15,1,0
"gia-cooke","Gia Cooke","2022-23",25,0,161,56,16,57,0,6,24,35,5,10,15,9,5,0,18,18,10,0,0
"haley-jones","Haley Jones","2021-22",1,1,30,24,10,13,2,4,2,2,0,4,4,4,3,0,5,1,24,0,0
"haley-jones","Haley Jones","2021-22",1,1,31,20,9,21,0,0,2,4,8,8,16,2,1,1,3,2,20,1,0
"hawa-doumbouya","Hawa Doumbouya","2023-24",13,0,44,27,11,19,0,0,5,12,8,11,19,6,1,3,9,10,8,0,0
"ieshia-small","Ieshia Small","2016-17",35,2,516,179,68,165,8,20,35,58,13,54,67,73,24,2,59,52,14,0,0
"ieshia-small","Ieshia Small","2017-18",34,0,764,319,119,292,1,16,80,121,38,87,125,69,35,3,63,64,23,1,0
"isimenme-ozzy-momodu","Isimenme Ozzy-Momodu","2025-26",31,21,567,247,109,190,0,0,29,54,85,112,197,23,24,32,56,65,18,4,0
"jakia-brown-turner","Jakia Brown-Turner","2023-24",32,32,984,433,167,379,24,76,75,99,67,138,205,56,30,10,63,75,32,6,0
"jenna-staiti","Jenna Staiti","2016-17",25,0,140,75,34,67,0,0,7,13,17,34,51,9,3,14,7,20,10,1,0
"kaila-charles","Kaila Charles","2016-17",35,35,799,339,139,272,0,3,61,89,83,112,195,43,44,18,58,74,19,2,0
"kaila-charles","Kaila Charles","2017-18",34,34,1035,610,246,489,6,18,112,153,103,172,275,72,53,36,97,99,32,11,0
"kaila-charles","Kaila Charles","2018-19",34,34,1009,579,221,455,1,14,136,169,92,136,228,77,43,23,104,90,36,5,0
"kaila-charles","Kaila Charles","2019-20",32,32,911,456,190,380,3,10,73,105,112,120,232,71,51,20,70,95,28,5,0
"katie-benzan","Katie Benzan","2020-21",29,28,901,367,122,248,93,186,30,32,13,63,76,96,45,3,26,56,29,0,0
"katie-benzan","Katie Benzan","2021-22",29,29,982,296,100,227,73,164,23,24,9,73,82,109,49,3,38,66,22,0,0
"kaylene-smikle","Kaylene Smikle","2024-25",33,33,967,592,193,431,42,121,164,199,40,106,146,55,50,12,95,83,36,0,0
"kaylene-smikle","Kaylene Smikle","2025-26",7,5,122,92,28,63,7,20,29,32,8,19,27,11,5,1,13,10,22,0,0
"kiah-gillespie","Kiah Gillespie","2015-16",34,9,369,173,69,174,12,44,23,33,33,63,96,25,18,11,32,46,19,0,0
"kiah-gillespie","Kiah Gillespie","2016-17",32,1,288,132,51,110,2,12,28,35,42,48,90,28,16,6,21,30,12,0,0
"kiara-leslie","Kiara Leslie","2014-15",35,0,364,125,50,123,4,20,21,33,33,60,93,18,7,9,34,42,16,1,0
"kiara-leslie","Kiara Leslie","2015-16",32,7,363,141,53,130,10,26,25,35,42,53,95,31,13,9,29,41,22,0,0
"kristen-confroy","Kristen Confroy","2014-15",36,1,453,139,49,129,24,73,17,19,15,43,58,42,9,1,27,18,14,0,0
"kristen-confroy","Kristen Confroy","2015-16",35,24,1032,281,99,244,73,179,10,12,46,100,146,64,32,4,44,34,24,1,0
"kristen-confroy","Kristen Confroy","2016-17",35,34,954,178,62,146,44,115,10,12,37,93,130,75,45,3,29,39,17,0,0
"kristen-confroy","Kristen Confroy","2017-18",34,33,1103,324,112,257,76,169,24,31,68,107,175,94,57,1,54,37,23,1,0
"kyndal-walker","Kyndal Walker","2025-26",32,4,712,218,68,185,3,25,79,98,31,53,84,70,35,2,41,55,20,0,0
"laeticia-amihere","Laeticia Amihere","2022-23",22,0,114,23,9,29,0,2,5,6,7,12,19,4,2,1,6,13,5,0,0
"laurin-mincy","Laurin Mincy","2014-15",37,37,1121,499,158,357,47,122,136,158,49,100,149,125,30,6,90,66,28,1,0
"lavender-briggs","Lavender Briggs","2022-23",34,4,853,252,99,248,29,73,25,28,46,97,143,43,21,15,39,52,19,0,0
"lavender-briggs","Lavender Briggs","2022-23",1,1,18,1,0,5,0,1,1,1,2,1,3,2,0,0,2,0,1,0,0
"lavender-briggs","Lavender Briggs","2023-24",21,10,569,182,77,189,15,40,13,18,34,72,106,27,13,4,26,41,25,0,0
"lea-bartelme","Lea Bartelme","2025-26",4,4,80,27,11,21,3,7,2,3,7,5,12,15,3,0,9,8,13,0,0
"lexie-brown","Lexie Brown","2014-15",36,36,1143,480,159,384,69,200,93,112,14,104,118,163,80,0,97,53,27,0,0
"lindsey-doucette","Lindsey DOUCETTE","2015-16",20,0,114,30,12,23,0,2,6,13,15,27,42,3,5,1,4,11,7,0,0
"maddy-westbeld","Maddy Westbeld","2022-23",1,0,5,0,0,0,0,0,0,0,0,0,0,0,0,0,0,0,0,0,0
"malina-howard","Malina Howard","2014-15",37,37,850,214,86,184,1,9,41,57,69,99,168,44,22,20,52,78,16,2,0
"malina-howard","Malina Howard","2015-16",35,28,744,184,77,142,0,1,30,41,57,97,154,39,18,22,36,63,15,0,0
"mary-sareen","Mary Sareen","2023-24",7,0,12,2,1,4,0,1,0,0,0,0,0,2,0,0,0,0,2,0,0
"marya-boiko","Marya Boiko","2025-26",29,0,373,93,35,81,0,2,23,26,26,45,71,27,14,20,29,24,10,0,0
"mimi-collins","Mimi Collins","2020-21",29,23,716,306,122,234,14,36,48,59,58,121,179,39,27,10,41,61,22,3,0
"mimi-collins","Mimi Collins","2021-22",32,15,805,252,103,250,14,43,32,36,46,106,152,24,25,11,24,55,21,0,0
"mir-mclean","Mir McLean","2024-25",33,0,511,136,43,96,0,2,50,66,57,86,143,31,24,1,37,53,12,1,0
"mir-mclean","Mir McLean","2025-26",32,8,465,157,59,92,0,0,39,56,64,67,131,24,31,6,27,47,19,2,0
"morgan-lenahan","Morgan Lenahan","2019-20",1,0,0,0,0,0,0,0,0,0,0,0,0,0,0,0,0,0,0,0,0
"naz-hillmon","Naz Hillmon","2019-20",1,0,0,0,0,0,0,0,0,0,0,0,0,0,0,0,0,0,0,0,0
"nicole-fritea","Nicole Fritea","2025-26",12,0,53,12,4,8,1,1,3,6,4,7,11,1,1,4,3,4,3,0,0
"olivia-owens","Olivia Owens","2018-19",16,0,70,24,11,20,0,0,2,5,8,12,20,1,2,2,8,24,5,0,0
"oluchi-okananwa","Oluchi Okananwa","2025-26",33,33,884,586,219,423,24,81,124,167,106,72,178,67,74,8,86,76,34,3,0
"rainey-welson","Rainey Welson","2025-26",25,0,315,97,35,96,19,60,8,9,8,11,19,16,10,0,16,23,13,0,0
"riley-nelson","Riley Nelson","2023-24",16,0,225,81,31,70,3,16,16,21,8,12,20,13,5,2,11,14,15,0,0
"s-walker-kimbrough","S. Walker-Kimbrough","2014-15",37,37,1093,492,196,382,18,53,82,102,54,141,195,79,55,20,77,61,25,1,0
"s-walker-kimbrough","S. Walker-Kimbrough","2015-16",35,35,1096,681,247,455,73,134,114,141,39,170,209,116,67,37,118,51,41,4,0
"s-walker-kimbrough","S. Walker-Kimbrough","2016-17",35,34,1023,657,237,451,72,160,111,136,29,100,129,125,68,26,101,44,29,1,0
"sara-vujacic","Sara Vujacic","2018-19",31,0,362,92,32,91,17,54,11,11,12,25,37,19,11,4,16,35,13,0,0
"sara-vujacic","Sara Vujacic","2019-20",28,1,269,98,36,70,21,47,5,9,5,19,24,19,14,1,9,12,15,0,0
"sarah-myers","Sarah Myers","2016-17",28,0,218,39,15,39,4,14,5,8,3,29,32,27,11,3,14,19,6,0,0
"sarah-myers","Sarah Myers","2017-18",32,2,373,61,19,62,4,24,19,21,7,29,36,34,11,3,31,20,8,0,0
"sarah-myers","Sarah Myers","2018-19",22,0,138,19,5,21,2,9,7,10,9,17,26,16,8,1,7,4,7,0,0
"sarah-te-biasu","Sarah Te-Biasu","2024-25",32,30,1041,340,119,265,67,149,35,37,10,51,61,83,25,1,51,49,26,0,0
"saylor-poffenbarger","Saylor Poffenbarger","2024-25",30,17,796,274,93,243,38,127,50,58,35,181,216,58,29,21,67,51,19,5,0
"saylor-poffenbarger","Saylor Poffenbarger","2025-26",31,31,926,295,106,275,46,149,37,50,39,184,223,100,60,20,66,56,30,5,0
"shakira-austin","Shakira Austin","2018-19",34,21,796,285,108,250,0,0,69,144,98,226,324,38,36,89,57,75,17,9,0
"shakira-austin","Shakira Austin","2019-20",32,26,757,383,141,277,0,1,101,157,62,156,218,53,57,41,92,89,25,6,0
"shyanne-sellers","Shyanne Sellers","2021-22",32,10,846,247,91,220,32,101,33,46,34,88,122,83,56,7,43,70,17,1,0
"shyanne-sellers","Shyanne Sellers","2022-23",35,30,993,486,176,362,25,72,109,135,36,133,169,136,63,20,84,101,26,2,0
"shyanne-sellers","Shyanne Sellers","2023-24",32,32,1034,498,160,369,21,66,157,185,33,153,186,177,41,20,109,90,29,4,0
"shyanne-sellers","Shyanne Sellers","2024-25",30,30,887,430,146,315,30,74,108,123,14,98,112,123,27,6,101,67,28,1,0
"shyanne-sellers","Shyanne Sellers","2024-25",1,1,35,15,5,12,1,2,4,6,1,5,6,4,1,1,2,3,15,0,0
"stephanie-jones","Stephanie Jones","2016-17",34,0,311,138,62,103,0,0,14,37,33,35,68,11,16,2,13,37,8,0,0
"stephanie-jones","Stephanie Jones","2017-18",34,34,820,367,147,250,0,2,73,102,107,115,222,32,55,30,47,99,24,2,0
"stephanie-jones","Stephanie Jones","2018-19",34,34,908,435,180,305,1,2,74,96,87,118,205,30,36,23,45,91,21,3,0
"stephanie-jones","Stephanie Jones","2019-20",32,22,788,362,158,263,2,7,44,58,91,107,198,30,44,23,38,69,21,5,0
"taisiya-kozlova","Taisiya Kozlova","2020-21",20,0,195,45,16,37,9,20,4,4,3,15,18,4,4,1,8,21,8,0,0
"taisiya-kozlova","Taisiya Kozlova","2021-22",21,0,219,28,10,34,7,22,1,4,4,17,21,3,5,2,11,19,6,0,0
"taylor-mikesell","Taylor Mikesell","2018-19",34,34,1180,456,159,377,95,231,43,50,9,110,119,113,27,6,88,42,23,0,0
"taylor-mikesell","Taylor Mikesell","2019-20",32,32,952,359,124,306,90,212,21,23,7,72,79,75,45,6,61,23,23,0,0
"tierney-pfirman","Tierney Pfirman","2014-15",35,0,482,170,79,153,1,3,11,18,53,83,136,23,17,8,25,22,16,1,0
"tierney-pfirman","Tierney Pfirman","2015-16",29,2,499,265,117,240,20,46,11,14,41,101,142,30,27,4,21,35,29,1,0
"tonie-morgan","Tonie Morgan","2025-26",7,0,73,26,8,12,2,3,8,11,5,4,9,1,2,1,5,6,7,0,0
"yarden-garzon","Yarden Garzon","2025-26",33,33,1063,412,148,365,88,240,28,32,27,104,131,99,35,12,66,85,25,0,0
"zen-nuako","Zen Nuako","2023-24",7,0,10,0,0,3,0,0,0,0,0,3,3,0,0,0,0,0,0,0,0
"zoe-young","Zoe Young","2020-21",15,0,100,19,7,22,3,14,2,2,3,1,4,14,3,0,8,3,5,0,0
