"official","games","first_season","last_season","umd_wins","umd_losses","avg_fouls_total","avg_fouls_umd","avg_fouls_opp","avg_fta_umd","avg_fta_opp"
"Michael McConnell",43,"2015-16","2025-26",31,12,32.8,16.2,16.7,17.5,15.0
"Felicia Grinter",39,"2014-15","2025-26",31,8,34.7,16.6,18.2,19.9,15.2
"Kevin Pethtel",37,"2014-15","2025-26",30,7,34.2,16.5,17.6,19.8,15.0
"Mark Zentz",34,"2014-15","2021-22",27,7,32.2,15.6,16.6,19.5,14.5
"Tiara Cruse",33,"2015-16","2025-26",28,5,34.5,16.6,17.8,19.5,14.9
"Nykesha Thompson",32,"2017-18","2025-26",24,8,34.8,17.3,17.5,18.9,17.2
"Cameron Inouye",31,"2014-15","2025-26",24,7,31.8,15.5,16.3,17.8,14.6
"Bruce Morris",30,"2014-15","2025-26",25,5,32.7,15.3,17.4,18.9,14.5
"Jesse Dickerson",30,"2014-15","2024-25",25,5,33.4,15.5,17.9,20.4,14.5
"Tina Napier",28,"2014-15","2020-21",22,6,32.6,16.4,16.2,18.5,16.2
"Gina Cross",27,"2014-15","2025-26",20,7,32.4,16.0,16.3,18.1,14.4
"Tim Daley",26,"2014-15","2024-25",18,8,35.5,17.1,18.4,20.3,17.3
"Dee Kantner",24,"2014-15","2024-25",18,6,29.2,14.1,15.0,15.8,12.4
"Mark Resch",23,"2014-15","2025-26",16,7,33.3,16.2,17.1,18.5,14.3
"Angie Enlund",22,"2014-15","2024-25",17,5,33.0,15.8,17.2,19.7,14.0
"Beverly Roberts",22,"2014-15","2021-22",20,2,32.9,16.5,16.4,19.3,15.9
"Bryan Enterline",22,"2014-15","2024-25",18,4,31.6,14.7,16.9,19.7,14.1
"Maggie Tieman",21,"2014-15","2025-26",15,6,32.3,14.7,17.7,18.6,12.9
"Lisa Mattingly",20,"2014-15","2017-18",16,4,33.0,16.3,16.8,19.1,14.7
"Frank Steratore",19,"2014-15","2025-26",12,7,35.0,17.3,17.7,20.3,16.3
"Angelica Suffren",19,"2014-15","2025-26",16,3,33.5,15.4,18.1,21.0,15.4
"Brian Garland",18,"2015-16","2025-26",15,3,31.8,15.0,16.8,16.2,12.5
"Brian Hall",17,"2014-15","2025-26",15,2,34.5,16.6,17.9,21.2,15.3
"Laura Morris",17,"2014-15","2020-21",15,2,31.0,14.6,16.4,18.6,13.9
"Julie Krommenhoek",17,"2014-15","2025-26",8,9,35.5,18.6,16.8,17.0,16.9
"Natasha Camy",17,"2017-18","2025-26",8,9,37.5,18.0,19.5,20.9,16.4
"Sue Blauch",16,"2014-15","2017-18",13,3,33.4,15.8,17.7,20.2,14.8
"Mark Berger",16,"2019-20","2025-26",12,4,33.9,15.9,18.1,21.6,12.2
"Roy Gulbeyan",15,"2014-15","2025-26",14,1,33.4,16.2,17.2,19.6,13.4
"Maj Forsberg",14,"2014-15","2025-26",11,3,33.1,16.2,16.9,19.1,14.9
"Joseph Vaszily",13,"2014-15","2023-24",9,4,33.7,17.0,16.7,18.0,14.5
"Barb Smith",13,"2014-15","2019-20",12,1,31.2,15.5,15.6,17.4,13.9
"Amy Bonner",12,"2014-15","2019-20",11,1,36.4,18.2,18.2,22.6,18.2
"Lisa Jones",12,"2018-19","2025-26",7,5,36.4,18.0,18.4,20.7,15.2
"Doug Knight",10,"2015-16","2025-26",8,2,30.7,13.4,17.3,19.2,10.8
"Denise Brooks",9,"2014-15","2019-20",7,2,30.4,13.8,16.7,16.2,11.6
"Fatou Cissoko-Stephens",8,"2014-15","2025-26",6,2,30.5,14.9,15.6,17.5,13.0
"Karleena Tobin",8,"2018-19","2021-22",7,1,30.5,13.5,17.0,22.2,12.9
"Kenya Kirkland",8,"2023-24","2025-26",6,2,33.4,14.2,19.1,23.0,12.5
"Pualani Spurlock",7,"2014-15","2020-21",6,1,33.3,15.4,17.9,20.9,14.3
"Bob Trammell",7,"2014-15","2017-18",7,0,29.0,13.3,15.7,15.0,12.4
"Talisa Green",7,"2016-17","2021-22",6,1,33.7,17.7,16.0,21.4,19.4
"Missy Brooks",6,"2014-15","2025-26",6,0,31.5,15.3,16.2,19.2,13.0
"Kevin Pethel",6,"2017-18","2024-25",6,0,35.2,15.8,19.3,22.8,13.2
"Kelsey Reynolds",6,"2019-20","2021-22",5,1,34.2,14.7,19.5,23.3,12.5
"Bob Enterline",5,"2014-15","2020-21",5,0,35.4,17.2,18.2,22.4,16.2
"Billy Smith",5,"2014-15","2019-20",5,0,35.4,16.8,18.6,24.2,16.0
"Katie Lukanich",5,"2016-17","2020-21",5,0,32.2,15.8,16.4,16.2,13.2
"Starr Jefferson",5,"2018-19","2020-21",5,0,31.8,14.6,17.2,22.2,12.4
"Dawn Marsh",5,"2018-19","2020-21",4,1,35.6,18.6,17.0,19.8,16.6
"Brad Maxey",5,"2020-21","2025-26",4,1,36.4,16.6,19.8,18.0,15.0
"Jamie Broderick",5,"2022-23","2025-26",5,0,33.4,14.2,19.2,22.0,10.0
"Ifeyinwa Seales",5,"2022-23","2025-26",4,1,38.4,18.2,20.2,24.8,15.6
"Melissa Barlow",5,"2024-25","2025-26",5,0,38.6,17.4,21.2,22.8,17.6
"Jennifer Rezac",4,"2014-15","2021-22",2,2,36.0,18.2,17.8,21.0,15.8
"Bill Larance",4,"2014-15","2025-26",3,1,38.5,19.5,19.0,20.5,20.0
"Eric Brewton",4,"2014-15","2022-23",3,1,31.2,15.8,15.5,14.2,13.8
"An-Jamilah Gregory",4,"2015-16","2017-18",4,0,32.2,14.5,17.8,21.2,11.2
"Rachelle Jones",4,"2015-16","2017-18",3,1,30.0,15.2,14.8,16.0,17.5
"Tom Hallead",4,"2015-16","2020-21",4,0,32.2,14.5,17.8,21.5,14.5
"Michol Murray",4,"2016-17","2025-26",2,2,35.8,17.5,18.2,18.5,19.8
"Erika Herriman-Camarota",4,"2017-18","2020-21",4,0,31.2,16.0,15.2,16.2,14.2
"Susan Blauch",4,"2017-18","2017-18",4,0,32.0,14.5,17.5,22.5,14.0
"John Capolino",4,"2017-18","2024-25",4,0,32.8,15.5,17.2,19.8,11.8
"Ashlee Goode",4,"2023-24","2025-26",4,0,31.5,13.8,17.8,19.8,12.2
"Timothy Daley",4,"2024-25","2025-26",3,1,39.8,18.0,21.8,25.5,17.8
"Kylie Galloway",3,"2014-15","2020-21",3,0,34.3,17.7,16.7,16.7,15.7
"Dee Kanter",3,"2014-15","2022-23",3,0,27.3,14.3,13.0,14.3,11.7
"Joe Vaszily",3,"2014-15","2022-23",1,2,36.3,19.7,16.7,17.3,19.0
"Tiffany Bird",3,"2015-16","2024-25",2,1,31.7,16.7,15.0,17.0,17.3
"Kenneth Kelly",3,"2016-17","2022-23",3,0,31.7,16.7,15.0,19.3,19.7
"Tom Danaher",3,"2018-19","2022-23",3,0,30.0,14.0,16.0,18.0,11.3
"Karen Preato",3,"2018-19","2024-25",3,0,29.7,13.3,16.3,19.7,10.7
"Kristen Bell",3,"2020-21","2024-25",3,0,26.7,11.0,15.7,14.0,12.0
"Angel Kent",3,"2021-22","2024-25",2,1,33.0,18.7,14.3,17.3,17.3
"Kara Hunter",3,"2022-23","2024-25",3,0,35.0,14.7,20.3,24.0,12.0
"Angela Enlund",3,"2022-23","2025-26",3,0,30.0,15.7,14.3,17.3,11.0
"Josh Howell",3,"2023-24","2023-24",2,1,39.3,15.3,24.0,30.3,14.3
"Courtney Robinson",3,"2023-24","2024-25",3,0,32.3,14.3,18.0,19.3,8.7
"Kalei Enterline",3,"2023-24","2025-26",3,0,39.3,16.0,23.3,28.7,17.3
"Xiomara Cruz-Johnson",3,"2023-24","2025-26",3,0,37.7,19.3,18.3,20.0,20.7
"In'Fini Robinson",3,"2024-25","2025-26",2,1,41.3,19.0,22.3,25.3,16.3
"Angie Lewis",2,"2014-15","2015-16",2,0,37.5,17.5,20.0,20.0,16.0
"Metta Roberts",2,"2014-15","2017-18",2,0,29.0,12.5,16.5,18.5,12.5
"Kyle Bacon",2,"2014-15","2024-25",2,0,30.0,12.5,17.5,16.0,4.5
"Brandon Enterline",2,"2015-16","2017-18",2,0,38.5,20.0,18.5,20.5,15.5
"Troy Winters",2,"2016-17","2016-17",2,0,43.0,20.5,22.5,26.5,19.0
"Luis Gonzalez",2,"2016-17","2020-21",2,0,42.5,22.5,20.0,25.5,21.5
"Angela Lewis",2,"2017-18","2017-18",1,1,31.0,16.0,15.0,19.0,15.5
"Michelle Del Duco",2,"2017-18","2022-23",2,0,27.0,13.0,14.0,17.0,9.5
"Tim Green",2,"2018-19","2018-19",2,0,26.5,10.0,16.5,17.0,9.0
"Carmen Portorreal",2,"2018-19","2019-20",2,0,31.5,12.0,19.5,21.0,9.0
"Jeff Cross",2,"2019-20","2020-21",2,0,29.5,12.5,17.0,21.0,13.5
"Kevin Sparrock",2,"2020-21","2020-21",1,1,43.5,24.5,19.0,22.5,26.5
"Meadow Overstreet",2,"2020-21","2022-23",1,1,34.5,18.5,16.0,16.5,21.0
"Natasha Curry",2,"2020-21","2023-24",1,1,42.0,20.0,22.0,21.5,19.5
"Timothy Greene",2,"2020-21","2021-22",2,0,31.5,12.0,19.5,26.0,11.0
"Michael  McConnell",2,"2021-22","2025-26",1,1,35.5,18.5,17.0,16.0,15.0
"Erica Parker",2,"2021-22","2022-23",2,0,28.0,11.0,17.0,16.0,8.0
"Cathi Cornell",2,"2021-22","2021-22",2,0,30.0,12.0,18.0,23.5,7.5
"Ed Sidlasky",2,"2022-23","2022-23",1,1,33.0,17.5,15.5,17.5,16.5
"Pualani Spurlock-Welsh",2,"2022-23","2022-23",1,1,33.5,18.0,15.5,16.5,18.0
"Erika Herriman",2,"2023-24","2025-26",2,0,35.0,13.0,22.0,24.0,12.0
"David Jenkins",2,"2023-24","2023-24",2,0,44.0,20.0,24.0,31.0,16.0
"Natasha Brown",2,"2023-24","2024-25",2,0,45.0,22.5,22.5,28.5,20.5
"David Troyan",2,"2024-25","2025-26",2,0,46.0,23.5,22.5,24.0,27.5
"Cara Seggie",2,"2024-25","2025-26",2,0,32.0,13.5,18.5,22.0,12.0
"Joshua Howell",2,"2025-26","2025-26",2,0,38.5,17.5,21.0,21.0,19.0
"Cheryll Blue",2,"2025-26","2025-26",2,0,28.0,9.5,18.5,27.5,8.0
"Kevin Farlow",1,"2014-15","2014-15",1,0,37.0,15.0,22.0,28.0,9.0
"Shawn Goode",1,"2014-15","2014-15",1,0,37.0,15.0,22.0,28.0,9.0
"JODY CANTRELL/E.KOCH/JOEL ORTIZ",1,"2014-15","2014-15",1,0,32.0,11.0,21.0,27.0,11.0
"BONNIE PETTUS/JOHN FLETCHER/AXEL COLL",1,"2014-15","2014-15",0,1,48.0,26.0,22.0,16.0,28.0
"Dennis DeMayo",1,"2014-15","2014-15",0,1,40.0,23.0,17.0,18.0,34.0
"Mark Zenta",1,"2014-15","2014-15",1,0,23.0,8.0,15.0,11.0,7.0
"Kelly Moyer",1,"2014-15","2014-15",1,0,41.0,20.0,21.0,26.0,20.0
"Alycia Dukes and LaSonia Baker",1,"2014-15","2014-15",1,0,41.0,20.0,21.0,26.0,20.0
"Luara Morris",1,"2014-15","2014-15",1,0,34.0,16.0,18.0,18.0,14.0
"Shannon Feck",1,"2014-15","2014-15",1,0,26.0,12.0,14.0,13.0,6.0
"Bev Roberts",1,"2014-15","2014-15",1,0,34.0,13.0,21.0,21.0,7.0
"Kate Lukanich",1,"2014-15","2014-15",1,0,34.0,13.0,21.0,21.0,7.0
"Rod Creech",1,"2014-15","2014-15",1,0,28.0,11.0,17.0,19.0,13.0
"Pete Contreras",1,"2014-15","2014-15",1,0,25.0,7.0,18.0,21.0,9.0
"Fatou Stephens",1,"2015-16","2015-16",1,0,50.0,25.0,25.0,27.0,22.0
"Kristi Moseley",1,"2015-16","2015-16",1,0,24.0,14.0,10.0,12.0,12.0
"An-jamilah Gregory",1,"2015-16","2015-16",1,0,25.0,12.0,13.0,10.0,11.0
"Roy Jackson",1,"2015-16","2015-16",1,0,25.0,13.0,12.0,11.0,12.0
"Tombi Bell",1,"2015-16","2015-16",1,0,25.0,13.0,12.0,11.0,12.0
"Melody Brown",1,"2015-16","2015-16",1,0,25.0,13.0,12.0,11.0,12.0
"Sue Blach",1,"2015-16","2015-16",0,1,37.0,20.0,17.0,13.0,24.0
"Angie Suffren",1,"2015-16","2015-16",1,0,25.0,13.0,12.0,11.0,16.0
"Michael Price",1,"2015-16","2015-16",1,0,30.0,13.0,17.0,19.0,7.0
"BEVERLY ROBERTS",1,"2015-16","2015-16",1,0,37.0,18.0,19.0,23.0,24.0
"MARK ZENTZ",1,"2015-16","2015-16",1,0,37.0,18.0,19.0,23.0,24.0
"TIM DALEY",1,"2015-16","2015-16",1,0,37.0,18.0,19.0,23.0,24.0
"Tim Daley & Angie Enlund",1,"2015-16","2015-16",1,0,29.0,13.0,16.0,15.0,8.0
"Beverly Roberts & Barb Smith",1,"2015-16","2015-16",1,0,32.0,12.0,20.0,20.0,11.0
"Mark Zentz & Sue Blauch",1,"2015-16","2015-16",1,0,26.0,10.0,16.0,15.0,6.0
"Kathy Lonergan",1,"2015-16","2015-16",1,0,31.0,14.0,17.0,19.0,7.0
"Brenda Pantoja",1,"2015-16","2015-16",0,1,27.0,17.0,10.0,5.0,22.0
"John Whitson",1,"2016-17","2016-17",1,0,40.0,20.0,20.0,16.0,11.0
"Kevin Ruland",1,"2016-17","2016-17",1,0,36.0,21.0,15.0,19.0,27.0
"Katie Hannon",1,"2016-17","2016-17",1,0,36.0,21.0,15.0,19.0,27.0
"Brian Hull",1,"2016-17","2016-17",1,0,39.0,21.0,18.0,15.0,17.0
"Marty Cook",1,"2016-17","2016-17",1,0,39.0,21.0,18.0,15.0,17.0
"Scotty Herman",1,"2016-17","2016-17",1,0,47.0,20.0,27.0,38.0,21.0
"Greg Small",1,"2016-17","2016-17",1,0,47.0,20.0,27.0,38.0,21.0
"Jess Dickerson",1,"2016-17","2016-17",1,0,38.0,18.0,20.0,25.0,18.0
"Kathleen Lonergan",1,"2016-17","2016-17",1,0,30.0,14.0,16.0,23.0,8.0
"Geraldine Smith",1,"2016-17","2016-17",1,0,30.0,14.0,16.0,23.0,8.0
"Isaac Johnson",1,"2016-17","2016-17",1,0,44.0,20.0,24.0,28.0,23.0
"Kristi Mosley",1,"2016-17","2016-17",1,0,44.0,20.0,24.0,28.0,23.0
"Benny Luna",1,"2016-17","2016-17",0,1,35.0,20.0,15.0,17.0,16.0
"Ray Gulbeyan",1,"2017-18","2017-18",1,0,29.0,13.0,16.0,22.0,17.0
"Timothy Bryant",1,"2017-18","2017-18",1,0,30.0,15.0,15.0,20.0,14.0
"Tony Patillo",1,"2017-18","2017-18",1,0,30.0,15.0,15.0,20.0,14.0
"Jeffrey Smith",1,"2017-18","2017-18",1,0,36.0,18.0,18.0,18.0,16.0
"Joel Ortiz",1,"2018-19","2018-19",1,0,23.0,7.0,16.0,11.0,8.0
"Shawn Good",1,"2018-19","2018-19",1,0,23.0,7.0,16.0,11.0,8.0
"Shwan Good",1,"2018-19","2018-19",1,0,30.0,13.0,17.0,23.0,10.0
"Jose Quinones",1,"2018-19","2018-19",1,0,30.0,13.0,17.0,23.0,10.0
"Tim Bryant",1,"2018-19","2018-19",1,0,33.0,11.0,22.0,29.0,11.0
"Jeff  Cross",1,"2018-19","2018-19",1,0,31.0,18.0,13.0,18.0,18.0
"Tim  Daley",1,"2018-19","2018-19",1,0,31.0,18.0,13.0,18.0,18.0
"Felicia  Grinter",1,"2018-19","2018-19",0,1,35.0,25.0,10.0,8.0,29.0
"Julie  Krommenhoek",1,"2018-19","2018-19",1,0,33.0,14.0,19.0,18.0,7.0
"Tommi Paris",1,"2018-19","2018-19",1,0,26.0,15.0,11.0,11.0,14.0
"Douglas Knight",1,"2018-19","2018-19",1,0,26.0,15.0,11.0,11.0,14.0
"Stephanie  Barksdale",1,"2019-20","2019-20",1,0,36.0,16.0,20.0,23.0,8.0
"Karlena Tobin",1,"2019-20","2019-20",1,0,28.0,12.0,16.0,19.0,7.0
"LaSonia Baker",1,"2019-20","2019-20",1,0,42.0,21.0,21.0,25.0,22.0
"Molly Caldwell",1,"2019-20","2019-20",1,0,26.0,14.0,12.0,14.0,4.0
"Nykesha Wyncote",1,"2019-20","2019-20",1,0,36.0,17.0,19.0,22.0,16.0
"Micheal McConnell",1,"2019-20","2019-20",1,0,36.0,17.0,19.0,22.0,16.0
"Barb  Smith",1,"2019-20","2019-20",1,0,34.0,17.0,17.0,26.0,19.0
"Kaz Beverley",1,"2020-21","2020-21",1,0,29.0,16.0,13.0,14.0,22.0
"Nykesha Thopson",1,"2020-21","2020-21",1,0,33.0,15.0,18.0,15.0,9.0
"Hykesha Thompson",1,"2020-21","2020-21",1,0,24.0,13.0,11.0,19.0,18.0
"Mack Zentz",1,"2020-21","2020-21",1,0,24.0,13.0,11.0,19.0,18.0
"Frank  Steratore",1,"2020-21","2020-21",1,0,37.0,18.0,19.0,16.0,17.0
"Kevin Pehtel",1,"2020-21","2020-21",1,0,37.0,18.0,19.0,16.0,17.0
"Cameron	 Portorreal",1,"2020-21","2020-21",1,0,20.0,7.0,13.0,18.0,4.0
"Natosha	 Harris",1,"2020-21","2020-21",1,0,20.0,7.0,13.0,18.0,4.0
"Maggie	 Tieman",1,"2020-21","2020-21",1,0,20.0,7.0,13.0,18.0,4.0
"Denise Kantner",1,"2020-21","2020-21",0,1,31.0,19.0,12.0,10.0,15.0
"Adrienne Gilmore",1,"2021-22","2021-22",1,0,28.0,13.0,15.0,17.0,18.0
"Eric Parker",1,"2021-22","2021-22",1,0,28.0,13.0,15.0,17.0,18.0
"Karleena  Tobin",1,"2021-22","2021-22",1,0,28.0,13.0,15.0,17.0,18.0
"Dan Outlaw",1,"2021-22","2021-22",1,0,38.0,19.0,19.0,25.0,12.0
"Toni Petillo",1,"2021-22","2021-22",1,0,38.0,19.0,19.0,25.0,12.0
"Daryl Humphrey",1,"2021-22","2021-22",1,0,38.0,19.0,19.0,25.0,12.0
"Bryan  Enterline",1,"2021-22","2021-22",1,0,30.0,14.0,16.0,21.0,12.0
"Angelica  Suffren",1,"2021-22","2021-22",1,0,33.0,14.0,19.0,22.0,12.0
"Edward Mathews",1,"2021-22","2021-22",1,0,28.0,18.0,10.0,15.0,19.0
"Desiree Peterkin",1,"2021-22","2021-22",1,0,28.0,18.0,10.0,15.0,19.0
"Gina  Cross",1,"2021-22","2021-22",0,1,40.0,22.0,18.0,23.0,21.0
"Mark  Berger",1,"2021-22","2021-22",1,0,24.0,11.0,13.0,16.0,10.0
"Juvie  Krommenhoek",1,"2021-22","2021-22",0,1,27.0,13.0,14.0,13.0,10.0
"Michael McDonnell",1,"2021-22","2021-22",0,1,27.0,13.0,14.0,13.0,10.0
"Ericka Herriman",1,"2021-22","2021-22",1,0,30.0,16.0,14.0,11.0,11.0
"Karlenna Tobin",1,"2021-22","2021-22",1,0,32.0,15.0,17.0,23.0,11.0
"Mark Kentz",1,"2021-22","2021-22",1,0,32.0,15.0,17.0,23.0,11.0
"Mark McClenney",1,"2021-22","2021-22",1,0,25.0,10.0,15.0,17.0,9.0
"Edward Sidlasky",1,"2021-22","2021-22",1,0,35.0,14.0,21.0,30.0,6.0
"Adrienne Gilmore-Nichols",1,"2022-23","2022-23",1,0,38.0,17.0,21.0,28.0,11.0
"Doug  Knight",1,"2022-23","2022-23",1,0,38.0,17.0,21.0,28.0,11.0
"Steve Matuszewski",1,"2022-23","2022-23",1,0,21.0,9.0,12.0,14.0,9.0
"Meghan Joseph",1,"2022-23","2022-23",1,0,21.0,9.0,12.0,14.0,9.0
"Jesse  Dickerson",1,"2022-23","2022-23",0,1,42.0,25.0,17.0,25.0,23.0
"Lauren Niemiera",1,"2022-23","2022-23",1,0,28.0,14.0,14.0,22.0,8.0
"Sha'Rae Mitchell",1,"2022-23","2022-23",1,0,26.0,14.0,12.0,17.0,13.0
"Tyler Trimble",1,"2022-23","2022-23",1,0,31.0,15.0,16.0,15.0,11.0
"Teresa Turner",1,"2022-23","2022-23",1,0,37.0,16.0,21.0,22.0,14.0
"Natosha Harris",1,"2023-24","2023-24",1,0,35.0,16.0,19.0,20.0,7.0
"Kevin Penthel",1,"2023-24","2023-24",0,1,42.0,22.0,20.0,12.0,25.0
"Neonta Williams",1,"2023-24","2023-24",1,0,41.0,18.0,23.0,29.0,12.0
"Julie Kroemmenhoek",1,"2023-24","2023-24",0,1,44.0,23.0,21.0,22.0,28.0
"Ify Seales",1,"2023-24","2023-24",1,0,42.0,19.0,23.0,28.0,18.0
"Charles Gonzalez",1,"2023-24","2023-24",0,1,39.0,24.0,15.0,15.0,24.0
"In'FIni Robinson",1,"2023-24","2023-24",0,1,39.0,24.0,15.0,15.0,24.0
"Krystle Apellaniz",1,"2024-25","2024-25",1,0,30.0,12.0,18.0,24.0,10.0
"Gerda Gatling",1,"2024-25","2024-25",1,0,31.0,12.0,19.0,24.0,12.0
"Kristen Csontos",1,"2024-25","2024-25",1,0,44.0,20.0,24.0,27.0,8.0
"Kevin Dillard",1,"2024-25","2024-25",1,0,44.0,20.0,24.0,27.0,8.0
"Alyssa Hann",1,"2024-25","2024-25",1,0,45.0,24.0,21.0,23.0,27.0
"Deanna Jackson",1,"2024-25","2024-25",1,0,33.0,12.0,21.0,25.0,11.0
"Alganese Carr",1,"2025-26","2025-26",1,0,33.0,18.0,15.0,20.0,9.0
"Kristie Watkins-Day",1,"2025-26","2025-26",1,0,30.0,13.0,17.0,18.0,14.0
"Maggie Tiemen",1,"2025-26","2025-26",1,0,30.0,13.0,17.0,18.0,14.0
"Charles Watson",1,"2025-26","2025-26",1,0,31.0,13.0,18.0,22.0,10.0
"Henry Sevilla",1,"2025-26","2025-26",1,0,28.0,11.0,17.0,23.0,8.0
"Rebeca Davila",1,"2025-26","2025-26",1,0,28.0,8.0,20.0,32.0,8.0
"Xiomara Cruz",1,"2025-26","2025-26",1,0,28.0,8.0,20.0,32.0,8.0
"Robert Miles",1,"2025-26","2025-26",1,0,38.0,11.0,27.0,27.0,12.0
"In'Fini  Robinson",1,"2025-26","2025-26",1,0,40.0,22.0,18.0,19.0,22.0
"Michol  Murray",1,"2025-26","2025-26",0,1,26.0,11.0,15.0,12.0,9.0
"S. Brian Hall",1,"2025-26","2025-26",1,0,37.0,20.0,17.0,20.0,16.0
"Chuck Gonzalez",1,"2025-26","2025-26",0,1,38.0,17.0,21.0,17.0,19.0
"Tashianna Smith",1,"2025-26","2025-26",1,0,42.0,20.0,22.0,22.0,10.0
