"opponent","season","file_id","date","location","is_home","maryland_score","opponent_score","result","margin"
"Mount St. Mary's","2014-15","9555","11/14/2014","College Park, Md. (XFINITY Center)",1,109,45,"W",64
"Wagner","2014-15","9556","11/16/2014","College Park, Md. (XFINITY Center)",1,97,24,"W",73
"South Florida","2014-15","9557","11/19/2014","College Park, Md. (XFINITY Center)",1,85,67,"W",18
"George Washington","2014-15","9558","11/22/2014","Washington, DC (Charles E. Smith Center)",0,75,65,"W",10
"Loyola","2014-15","9559","11/24/2014","College Park, Md. (XFINITY Center)",1,65,43,"W",22
"James Madison","2014-15","9560","11/28/2014","Guaynabo, P.R. (Mario Morales Coliseum)",1,80,64,"W",16
"Washington State","2014-15","9561","11/29/2014","Guaynabo, P.R. (Mario Morales Coliseum)",0,64,70,"L",-6
"Notre Dame","2014-15","9562","12/3/2014","Fort Wayne, Ind. (Memorial Coliseum)",0,72,92,"L",-20
"Towson","2014-15","9563","12/7/2014","College Park, Md. (XFINITY Center)",1,81,52,"W",29
"American","2014-15","9564","12/12/2014","College Park, Md. (XFINITY Center)",1,94,50,"W",44
"Coppin State","2014-15","9565","12/21/2014","Baltimore, Md. (Phys. Education Complex)",0,110,51,"W",59
"Ohio State","2014-15","9566","12/29/2014","College Park, Md. (XFINITY Center)",1,87,78,"W",9
"Nebraska","2014-15","9567","1/3/2015","Lincoln, Neb. (Pinnacle Bank Arena)",0,75,47,"W",28
"Purdue","2014-15","9568","1/8/2015","College Park, Md. (XFINITY Center)",1,88,64,"W",24
"Minnesota","2014-15","9569","1/11/2015","Minneapolis, Minn. (Williams Arena)",0,77,73,"W",4
"Rutgers","2014-15","9570","1/15/2015","Piscataway, N.J. (The RAC)",0,71,59,"W",12
"Illinois","2014-15","9571","1/18/2015","College Park, Md. (XFINITY Center)",1,74,54,"W",20
"Michigan State","2014-15","9572","1/22/2015","College Park, Md. (XFINITY Center)",1,85,56,"W",29
"Indiana","2014-15","9573","1/25/2015","Bloomington, Ind. (Assembly Hall)",0,84,74,"W",10
"Michigan","2014-15","9574","1/29/2015","Ann Arbor, Mich. (Crisler Center)",0,91,65,"W",26
"Iowa","2014-15","9575","2/1/2015","College Park, Md. (XFINITY Center)",1,93,88,"W",5
"Penn State","2014-15","9576","2/5/2015","University Park, Pa. (BJC)",0,77,62,"W",15
"Nebraska","2014-15","9577","2/8/2015","College Park, Md. (XFINITY Center)",1,59,47,"W",12
"Rutgers","2014-15","9578","2/10/2015","College Park, Md. (XFINITY Center)",1,80,69,"W",11
"Michigan State","2014-15","9579","2/16/2015","East Lansing, Mich. (Breslin Center)",0,75,69,"W",6
"Wisconsin","2014-15","9580","2/19/2015","Madison, Wisc. (Kohl Center)",0,81,70,"W",11
"Penn State","2014-15","9581","2/23/2015","College Park, Md. (XFINITY Center)",1,65,34,"W",31
"Indiana","2014-15","9582","2/26/2015","College Park, Md. (XFINITY Center)",1,83,72,"W",11
"Northwestern","2014-15","9583","3/1/2015","Evanston, Ill. (Welsh-Ryan Arena)",0,69,48,"W",21
"Michigan State","2014-15","9584","3/6/2015","Hoffman Estates, Ill. (Sears Centre)",1,70,60,"W",10
"Northwestern","2014-15","9585","3/7/2015","Hoffman Estates, Ill. (Sears Centre)",1,74,63,"W",11
"Ohio State","2014-15","9586","3/8/2015","Hoffman Estates, Ill. (Sears Centre)",1,77,74,"W",3
"New Mexico State","2014-15","9587","3/21/2015","College Park, Md. (XFINITY Center)",1,75,57,"W",18
"Princeton","2014-15","9588","3/23/2015","College Park, Md. (XFINITY Center)",1,85,70,"W",15
"Duke","2014-15","9589","3/28/2015","Spokane, Wash. (Spokane Arena)",1,65,55,"W",10
"Tennessee","2014-15","9590","3/30/2015","Spokane, Wash. (Spokane Arena)",1,58,48,"W",10
"UConn","2014-15","9591","4/5/2015","Tampa, Fla. (Amalie Arena)",0,58,81,"L",-23
"UMass-Lowell","2015-16","9605","11/14/2015","College Park, Md. (XFINITY Center)",1,102,53,"W",49
"High Point","2015-16","9606","11/18/2015","College Park, Md. (XFINITY Center)",1,105,50,"W",55
"Detroit","2015-16","9607","11/20/2015","College Park, Md. (XFINITY Center)",1,97,41,"W",56
"Old Dominion","2015-16","9608","11/26/2015","St. Thomas, U.S. Virgin Islands",1,95,49,"W",46
"South Dakota State","2015-16","9609","11/27/2015","St. Thomas, U.S. Virgin Islands",0,62,55,"W",7
"Pittsburgh","2015-16","9610","11/28/2015","St. Thomas, U.S. Virgin Islands",1,70,49,"W",21
"Syracuse","2015-16","9611","12/2/2015","College Park, Md. (XFINITY Center)",1,82,64,"W",18
"Ccsu","2015-16","9612","12/5/2015","College Park, Md. (XFINITY Center)",1,86,43,"W",43
"Loyola","2015-16","9613","12/8/2015","College Park, Md. (XFINITY Center)",1,97,47,"W",50
"Southern","2015-16","9614","12/11/2015","College Park, Md. (XFINITY Center)",1,94,61,"W",33
"Umes","2015-16","9615","12/20/2015","Princess Anne, Md. (Hytche)",0,106,30,"W",76
"Connecticut","2015-16","9616","12/28/2015","New York, N.Y. (Madison Square Garden)",0,73,83,"L",-10
"Illinois","2015-16","9617","12/31/2015","Champaign, Ill. (State Farm Center)",0,79,63,"W",16
"Ohio State","2015-16","9618","1/2/2016","College Park, Md. (XFINITY Center)",1,71,80,"L",-9
"Nebraska","2015-16","9619","1/7/2016","College Park, Md. (XFINITY Center)",1,89,50,"W",39
"Iowa","2015-16","9620","1/10/2016","Iowa City, Iowa (Carver-Hawkeye Arena)",0,76,56,"W",20
"Michigan","2015-16","9621","1/14/2016","Ann Arbor, Mich. (Crisler Center)",0,74,67,"W",7
"Northwestern","2015-16","9622","1/17/2016","College Park, Md. (XFINITY Center)",1,80,62,"W",18
"Wisconsin","2015-16","9623","1/20/2016","Madison, Wisc. (Kohl Center)",0,90,65,"W",25
"Penn State","2015-16","9624","1/27/2016","University Park, Pa. (Bryce Jordan)",0,89,53,"W",36
"Indiana","2015-16","9625","1/30/2016","College Park, Md. (XFINITY Center)",1,86,63,"W",23
"Purdue","2015-16","9626","2/2/2016","West Lafayette, Ind. (Mackey Arena)",0,87,67,"W",20
"Michigan State","2015-16","9627","2/5/2016","College Park, Md. (XFINITY Center)",1,85,76,"W",9
"Ohio State","2015-16","9628","2/8/2016","Columbus, Ohio (Value City Arena)",0,86,94,"L",-8
"Purdue","2015-16","9629","2/11/2016","College Park, Md. (XFINITY Center)",1,73,59,"W",14
"Northwestern","2015-16","9630","2/14/2016","Evanston, Ill. (Welsh-Ryan Arena)",0,79,70,"W",9
"Michigan","2015-16","9631","2/17/2016","College Park, Md. (XFINITY Center)",1,76,56,"W",20
"Rutgers","2015-16","9632","2/21/2016","Piscataway, N.J. (The RAC)",0,73,59,"W",14
"Wisconsin","2015-16","9633","2/25/2016","College Park, Md. (XFINITY Center)",1,83,77,"W",6
"Minnesota","2015-16","9634","2/28/2016","College Park, Md. (XFINITY Center)",1,110,77,"W",33
"Iowa","2015-16","9635","3/4/2016","Indianapolis, Ind. (Bankers Life FH)",1,75,55,"W",20
"Northwestern","2015-16","9636","3/5/2016","Indianapolis, Ind. (Bankers Life FH)",1,83,62,"W",21
"Michigan State","2015-16","9637","3/6/2016","Indianapolis, Ind. (Bankers Life FH)",1,60,44,"W",16
"Iona","2015-16","9638","3/19/2016","College Park, Md. (XFINITY Center)",1,74,58,"W",16
"Washington","2015-16","9639","3/21/2016","College Park, Md. (XFINITY Center)",1,65,74,"L",-9
"UMass-Lowell","2016-17","9665","11/13/2016","College Park, Md. (XFINITY Center)",1,100,44,"W",56
"Maryland Eastern Shore","2016-17","9666","11/16/2016","College Park, Md. (XFINITY Center)",1,106,61,"W",45
"Mount St. Mary's","2016-17","9668","11/18/2016","College Park, Md. (XFINITY Center)",1,106,42,"W",64
"Niagara","2016-17","9669","11/20/2016","Niagara Univ, N.Y. (Gallagher Center)",0,96,64,"W",32
"Arizona State","2016-17","9670","11/25/2016","Las Vegas, Nev. (South Point Casino)",0,83,42,"W",41
"Washington State","2016-17","9671","11/26/2016","Las Vegas, Nev. (South Point Casino)",1,79,69,"W",10
"Louisville","2016-17","9672","12/1/2016","KFC Yum! Center, Louisville, KY",0,78,72,"W",6
"Umbc","2016-17","9673","12/4/2016","College Park, Md. (XFINITY Center)",1,92,42,"W",50
"Towson","2016-17","9674","12/6/2016","College Park, Md. (XFINITY Center)",1,97,63,"W",34
"Saint Peter's","2016-17","9675","12/8/2016","College Park, Md. (XFINITY Center)",1,101,49,"W",52
"Loyola Maryland","2016-17","9676","12/12/2016","Baltimore, Md. (Reitz Arena)",0,79,60,"W",19
"Duquesne","2016-17","9677","12/21/2016","Pittsburgh, Pa. (Palumbo Center)",0,77,57,"W",20
"Connecticut","2016-17","9678","12/29/2016","College Park, Md. (XFINITY Center)",1,81,87,"L",-6
"Minnesota","2016-17","9679","1/1/2017","Minneapolis, Minn. (Williams Arena)",0,83,72,"W",11
"Nebraska","2016-17","9680","1/4/2017","Lincoln, Neb. (Pinnacle Bank Arena)",0,93,49,"W",44
"Northwestern","2016-17","9681","1/7/2017","College Park, Md. (XFINITY Center)",1,96,65,"W",31
"Penn State","2016-17","9682","1/11/2017","College Park, Md. (XFINITY Center)",1,89,83,"W",6
"Iowa","2016-17","9683","1/14/2017","Iowa City (Carver-Hawkeye Arena)",0,98,82,"W",16
"Michigan","2016-17","9684","1/19/2017","College Park, Md. (XFINITY Center)",1,83,70,"W",13
"Rutgers","2016-17","9685","1/22/2017","College Park, Md. (XFINITY Center)",1,80,71,"W",9
"Illinois","2016-17","9686","1/26/2017","State Farm Center",0,94,49,"W",45
"Iowa","2016-17","9687","1/29/2017","College Park, Md. (XFINITY Center)",1,100,81,"W",19
"Purdue","2016-17","9688","2/2/2017","West Lafayette, Ind. (Mackey Arena)",0,85,70,"W",15
"Indiana","2016-17","9689","2/5/2017","Bloomington, Ind. (Assembly Hall)",0,92,56,"W",36
"Illinois","2016-17","9690","2/9/2017","College Park, Md. (XFINITY Center)",1,84,59,"W",25
"Michigan State","2016-17","9691","2/12/2017","East Lansing, Mich. (Breslin Center)",0,89,72,"W",17
"Wisconsin","2016-17","9692","2/15/2017","College Park, Md. (XFINITY Center)",1,89,40,"W",49
"Ohio State","2016-17","9693","2/20/2017","Columbus, Ohio (Value City Arena)",0,87,98,"L",-11
"Minnesota","2016-17","9694","2/26/2017","College Park, Md. (XFINITY Center)",1,93,60,"W",33
"Minnesota","2016-17","9695","3/3/2017","Indianapolis, Ind. (Bankers Life FH)",1,92,80,"W",12
"Michigan State","2016-17","9696","3/4/2017","Indianapolis, Ind. (Bankers Life FH)",1,100,89,"W",11
"Purdue","2016-17","9697","3/5/2017","Bankers Life Fieldhouse-Indianapolis, IN",1,74,64,"W",10
"Bucknell","2016-17","9698","3/17/2017","College Park, Md. (XFINITY Center)",1,103,61,"W",42
"West Virginia","2016-17","9699","3/19/2017","College Park, Md. (XFINITY Center)",1,83,56,"W",27
"Oregon","2016-17","9700","3/25/2017","Bridgeport, Conn. (Webster Bank Arena)",1,63,77,"L",-14
"Albany","2017-18","9713","11/10/2017","College Park, Md. (XFINITY Center)",1,91,58,"W",33
"South Carolina","2017-18","9714","11/13/2017","College Park, Md. (XFINITY Center)",1,86,94,"L",-8
"Niagara","2017-18","9715","11/16/2017","College Park, Md. (XFINITY Center)",1,92,65,"W",27
"UConn","2017-18","9716","11/19/2017","XL Center (Hartford, Conn.)",0,72,97,"L",-25
"Howard","2017-18","9717","11/21/2017","College Park, Md. (XFINITY Center)",1,111,49,"W",62
"Kennesaw State","2017-18","9718","11/24/2017","Watsco Center | Coral Gables, Fla.",0,89,35,"W",54
"Miami","2017-18","9719","11/26/2017","Coral Gables, Fla. (Watsco Center)",0,79,71,"W",8
"Virginia","2017-18","9720","11/29/2017","Charlottesville, Va. (JPJ Arena)",0,60,59,"W",1
"Akron","2017-18","9721","12/2/2017","Akron, Ohio (James A. Rhodes Arena)",0,75,54,"W",21
"Mount St. Mary's","2017-18","9722","12/6/2017","College Park, Md. (XFINITY Center)",1,97,57,"W",40
"George Washington","2017-18","9723","12/8/2017","College Park, Md. (XFINITY Center)",1,80,54,"W",26
"Loyola","2017-18","9724","12/11/2017","College Park, Md. (XFINITY Center)",1,114,45,"W",69
"Coppin State","2017-18","9725","12/20/2017","Baltimore, Md. (PEC Arena)",0,113,49,"W",64
"Illinois","2017-18","9726","12/28/2017","College Park, Md. (XFINITY Center)",1,100,65,"W",35
"Penn State","2017-18","9727","12/31/2017","University Park, Pa. (BJC)",0,69,65,"W",4
"Iowa","2017-18","9728","1/4/2018","College Park, Md. (XFINITY Center)",1,80,64,"W",16
"Wisconsin","2017-18","9729","1/7/2018","Kohl Center, Madison, Wis.",0,71,44,"W",27
"Michigan State","2017-18","9730","1/11/2018","College Park, Md. (XFINITY Center)",1,68,82,"L",-14
"Indiana","2017-18","9731","1/16/2018","College Park, Md. (XFINITY Center)",1,74,70,"W",4
"Ohio State","2017-18","9732","1/22/2018","College Park, Md. (XFINITY Center)",1,99,69,"W",30
"Northwestern","2017-18","9733","1/25/2018","Evanston, Ill. (Evanston Township HS)",0,68,65,"W",3
"Rutgers","2017-18","9734","2/1/2018","College Park, Md. (XFINITY Center)",1,88,60,"W",28
"Nebraska","2017-18","9735","2/4/2018","Lincoln, Neb. (Pinnacle Bank Arena)",0,64,57,"W",7
"Michigan State","2017-18","9736","2/8/2018","East Lansing, Mich. (Breselin Center)",0,76,68,"W",8
"Rutgers","2017-18","9737","2/11/2018","Piscataway, N.J. (The RAC)",0,72,54,"W",18
"Purdue","2017-18","9738","2/15/2018","College Park, Md. (XFINITY Center)",1,65,75,"L",-10
"Minnesota","2017-18","9739","2/18/2018","Minneapolis, Minn. (Williams Arena)",0,74,93,"L",-19
"Michigan","2017-18","9740","2/22/2018","Ann Arbor, Mich. (Crisler Center)",0,65,71,"L",-6
"Nebraska","2017-18","9741","2/25/2018","College Park, Md. (XFINITY Center)",1,77,75,"W",2
"Indiana","2017-18","9742","3/2/2018","Indianapolis, Ind. (Bankers Life FH)",1,67,54,"W",13
"Nebraska","2017-18","9743","3/3/2018","Indianapolis, Ind. (Bankers Life FH)",1,66,53,"W",13
"Ohio State","2017-18","9744","3/4/2018","Indianapolis, Ind. (Bankers Life FH)",0,69,79,"L",-10
"Princeton","2017-18","9745","3/16/2018","Raleigh, N.C. (Reynolds Coliseum)",1,77,57,"W",20
"NC State","2017-18","9746","3/18/2018","Raleigh, N.C. (Reynolds Coliseum)",0,60,74,"L",-14
"Coppin State","2018-19","9885","11/9/2018","College Park, Md. (XFINITY Center)",1,93,36,"W",57
"Dayton","2018-19","9886","11/11/2018","College Park, Md. (XFINITY Center)",1,82,71,"W",11
"George Washington","2018-19","9887","11/14/2018","Washington, D.C. (Smith Center)",0,69,30,"W",39
"#10/11 South Carolina","2018-19","9888","11/18/2018","Columbia, S.C. (Colonial Life Arena)",0,85,61,"W",24
"Morgan State","2018-19","9890","11/23/2018","Trujillo Alto, PR (Coliseo Ruben Zayas)",0,68,44,"W",24
"Georgia","2018-19","9889","11/24/2018","San Juan, PR (Roberto Clemente Coliseum)",1,58,51,"W",7
"Georgia Tech","2018-19","9891","11/29/2018","College Park, Md. (XFINITY Center)",1,67,54,"W",13
"Umbc","2018-19","9892","12/2/2018","",1,92,61,"W",31
"James Madison","2018-19","9893","12/8/2018","XFINITY Center (College Park, Md.)",1,87,63,"W",24
"Loyola","2018-19","9894","12/10/2018","College Park, Md. (XFINITY Center)",1,83,48,"W",35
"Delaware","2018-19","9895","12/20/2018","Newark, Del. (Bob Carpenter Center)",0,77,53,"W",24
"Penn State","2018-19","10054","12/28/2018","University Park, Pa. (Bryce Jordan Ctr)",0,77,61,"W",16
"Rutgers","2018-19","10055","12/31/2018","College Park, Md. (XFINITY Center)",1,65,73,"L",-8
"Ohio State","2018-19","10056","1/5/2019","College Park, Md. (XFINITY Center)",1,75,69,"W",6
"Nebraska","2018-19","10057","1/8/2019","Lincoln, Neb. (Pinnacle Bank Arena)",0,81,63,"W",18
"Michigan","2018-19","10058","1/12/2019","College Park, Md. (XFINITY Center)",1,83,69,"W",14
"Michigan State","2018-19","10059","1/17/2019","East Lansing, Mich. (Breslin Center)",0,60,77,"L",-17
"Penn State","2018-19","10060","1/20/2019","College Park, Md. (XFINITY Center)",1,79,67,"W",12
"Ohio State","2018-19","10061","1/24/2019","Columbus, Ohio (Value City Arena)",0,70,57,"W",13
"Indiana","2018-19","10062","1/27/2019","Bloomington, Ind. (Assembly Hall)",0,76,56,"W",20
"Wisconsin","2018-19","10063","1/31/2019","College Park, Md. (XFINITY Center)",1,75,57,"W",18
"Illinois","2018-19","10064","2/4/2019","Champaign, Ill. (State Farm Arena)",0,80,66,"W",14
"Northwestern","2018-19","10065","2/7/2019","College Park, Md. (XFINITY Center)",1,72,57,"W",15
"Rutgers","2018-19","10066","2/10/2019","Piscataway, N.J. (The RAC)",0,62,48,"W",14
"Nebraska","2018-19","10067","2/14/2019","College Park, Md. (XFINITY Center)",1,89,63,"W",26
"Iowa","2018-19","10068","2/17/2019","Iowa City, Iowa (Carver Hawkeye)",0,73,86,"L",-13
"Minnesota","2018-19","10069","2/21/2019","College Park, Md. (XFINITY Center)",1,71,69,"W",2
"Purdue","2018-19","10070","2/25/2019","West Lafayette, Ind. (Mackey Arena)",0,58,55,"W",3
"Illinois","2018-19","10071","3/2/2019","College Park, Md. (XFINITY Center)",1,71,62,"W",9
"Michigan State","2018-19","9910","3/8/2019","Indianapolis, IN (Bankers Life FH)",1,71,55,"W",16
"Michigan","2018-19","9911","3/9/2019","",1,73,72,"W",1
"Iowa","2018-19","9912","3/10/2019","Indianapolis, Ind. (Bankers Life FH)",1,76,90,"L",-14
"Radford","2018-19","9913","3/23/2019","College Park, Md. (XFINITY Center)",1,73,51,"W",22
"Ucla","2018-19","9914","3/25/2019","College Park, Md. (XFINITY Center)",1,80,85,"L",-5
"Wagner","2019-20","11441","11/5/2019","XFINITY Center",1,119,56,"W",63
"South Carolina","2019-20","11442","11/10/2019","XFINITY Center, College Park, MD",1,54,63,"L",-9
"James Madison","2019-20","11443","11/13/2019","JMU Convocation Center, Harrisonburg, VA",0,70,68,"W",2
"Delaware","2019-20","11444","11/17/2019","XFINITY Center, College Park, MD",1,99,55,"W",44
"George Washington","2019-20","11445","11/20/2019","XFINITY Center, College Park, MD",1,88,54,"W",34
"Quinnipiac","2019-20","11446","11/24/2019","XFINITY Center, College Park, MD",1,107,52,"W",55
"Clemson","2019-20","11447","11/29/2019","Daytona Beach, Fla. - Ocean Center",0,63,44,"W",19
"Belmont","2019-20","11448","11/30/2019","Daytona Beach, Fla. - Ocean Center",1,90,26,"W",64
"NC State","2019-20","11449","12/5/2019","Reynolds Coliseum, Raleigh, NC",0,59,66,"L",-7
"Loyola Maryland","2019-20","11450","12/8/2019","XFINITY Center, College Park, MD",1,105,45,"W",60
"Georgia St.","2019-20","11451","12/18/2019","GSU Sports Arena, Atlanta, GA",0,114,41,"W",73
"Michigan","2019-20","11716","12/28/2019","XFINITY Center, College Park, MD",1,70,55,"W",15
"Northwestern","2019-20","11717","12/31/2019","Welsh-Ryan Arena, Evanston, IL",0,58,81,"L",-23
"Ohio St.","2019-20","11718","1/6/2020","XFINITY Center, College Park, MD",1,72,62,"W",10
"Iowa","2019-20","11719","1/9/2020","Carver-Hawkeye Arena, Iowa City, IA",0,61,66,"L",-5
"Michigan","2019-20","11720","1/12/2020","Crisler Center, Ann Arbor, MI",0,77,49,"W",28
"Nebraska","2019-20","11721","1/16/2020","XFINITY Center, College Park, MD",1,87,69,"W",18
"Indiana","2019-20","11722","1/20/2020","XFINITY Center, College Park, MD",1,76,62,"W",14
"Illinois","2019-20","11723","1/23/2020","State Farm Center, Champaign, IL",0,79,60,"W",19
"Northwestern","2019-20","11724","1/26/2020","XFINITY Center, College Park, MD",1,70,61,"W",9
"Ohio St.","2019-20","11725","1/30/2020","Value City Arena, Columbus, OH",0,85,65,"W",20
"Michigan St.","2019-20","11726","2/3/2020","XFINITY Center, College Park, MD",1,94,53,"W",41
"Indiana","2019-20","11727","2/6/2020","Simon Skjodt Assembly Hall, Bloomington, IN",0,79,69,"W",10
"Rutgers","2019-20","11728","2/9/2020","XFINITY Center, College Park, MD",1,79,50,"W",29
"Iowa","2019-20","11729","2/13/2020","XFINITY Center, College Park, MD",1,93,59,"W",34
"Penn St.","2019-20","11730","2/16/2020","Bryce Jordan Center, PA",0,106,69,"W",37
"Wisconsin","2019-20","11731","2/19/2020","Kohl Center, Madison, WI",0,85,56,"W",29
"Purdue","2019-20","11732","2/25/2020","XFINITY Center, College Park, MD",1,88,45,"W",43
"Minnesota","2019-20","11733","3/1/2020","Williams Arena, Minneapolis, MN",0,99,44,"W",55
"Purdue","2019-20","11734","3/6/2020","",1,74,62,"W",12
"Indiana","2019-20","12071","3/7/2020","",1,66,51,"W",15
"Ohio St.","2019-20","12072","3/8/2020","",1,82,65,"W",17
"Davidson","2020-21","12076","11/27/2020","Alico Arena, Fort Myers, FL",0,94,72,"W",22
"Missouri St.","2020-21","12077","11/28/2020","Alico Arena, Fort Myers, FL",1,72,81,"L",-9
"Arkansas","2020-21","12078","11/29/2020","Alico Arena, Fort Myers, FL",0,115,96,"W",19
"Towson","2020-21","12079","12/3/2020","XFINITY Center, College Park, MD",1,112,78,"W",34
"Rutgers","2020-21","12109","12/14/2020","Rutgers Athletic Center, Piscataway, NJ",0,91,87,"W",4
"James Madison","2020-21","12137","12/19/2020","XFINITY Center, College Park, MD",1,101,59,"W",42
"Penn St.","2020-21","12111","12/31/2020","Bryce Jordan Center, PA",0,96,82,"W",14
"Indiana","2020-21","12112","1/4/2021","XFINITY Center, College Park, MD",1,84,80,"W",4
"Michigan St.","2020-21","12113","1/7/2021","Breslin Events Center, East Lansing, MI",0,93,87,"W",6
"Purdue","2020-21","12114","1/10/2021","XFINITY Center, College Park, MD",1,83,46,"W",37
"Minnesota","2020-21","12115","1/14/2021","Williams Arena, Minneapolis, MN",0,90,73,"W",17
"Wisconsin","2020-21","12116","1/17/2021","Kohl Center, Madison, WI",0,79,70,"W",9
"Ohio St.","2020-21","12118","1/25/2021","Value City Arena, Columbus, OH",0,86,88,"L",-2
"Michigan St.","2020-21","12122","1/28/2021","XFINITY Center, College Park, MD",1,92,52,"W",40
"Wisconsin","2020-21","12120","2/4/2021","XFINITY Center, College Park, MD",1,84,48,"W",36
"Nebraska","2020-21","12123","2/14/2021","Pinnacle Bank Arena, Lincoln, NE",0,95,73,"W",22
"Illinois","2020-21","12124","2/17/2021","XFINITY Center, College Park, MD",1,103,58,"W",45
"Minnesota","2020-21","12125","2/20/2021","XFINITY Center, College Park, MD",1,94,62,"W",32
"Iowa","2020-21","12117","2/23/2021","XFINITY Center, College Park, MD",1,111,93,"W",18
"Purdue","2020-21","12382","2/25/2021","Mackey Arena, West Lafayette, IN",0,88,59,"W",29
"Northwestern","2020-21","12127","2/28/2021","Welsh-Ryan Arena, Evanston, IL",0,62,50,"W",12
"Michigan","2020-21","12121","3/4/2021","Crisler Center, Ann Arbor, MI",0,88,63,"W",25
"Penn St.","2020-21","12128","3/6/2021","XFINITY Center, College Park, MD",1,88,61,"W",27
"Nebraska","2020-21","12129","3/11/2021","Bankers Life Fieldhouse, Indianapolis, IN",1,83,73,"W",10
"Northwestern","2020-21","12384","3/12/2021","Bankers Life Fieldhouse, Indianapolis, IN",1,85,52,"W",33
"Iowa","2020-21","12385","3/13/2021","Bankers Life Fieldhouse, Indianapolis, IN",1,104,84,"W",20
"Mount St. Mary's","2020-21","12130","3/22/2021","Alamodome, San Antonio, TX",1,98,45,"W",53
"Alabama","2020-21","12394","3/24/2021","Bill Greehey Arena, San Antonio, TX",1,100,64,"W",36
"Texas","2020-21","12131","3/28/2021","Alamodome, San Antonio, TX",1,61,64,"L",-3
"Longwood","2021-22","12548","11/9/2021","XFINITY Center, College Park, MD",1,97,67,"W",30
"Villanova","2021-22","12549","11/12/2021","XFINITY Center, College Park, MD",1,88,67,"W",21
"James Madison","2021-22","12550","11/14/2021","Atlantic Union Bank Center, Harrisonburg, VA",0,81,45,"W",36
"Mount St. Mary's","2021-22","12551","11/16/2021","XFINITY Center, College Park, MD",1,98,57,"W",41
"Uncw","2021-22","12552","11/18/2021","XFINITY Center, College Park, MD",1,108,66,"W",42
"Baylor","2021-22","12553","11/21/2021","XFINITY Center, College Park, MD",1,79,76,"W",3
"NC State","2021-22","12546","11/25/2021","Baha Mar Convention Center, Nassau, Bahamas",0,60,78,"L",-18
"Stanford","2021-22","12547","11/27/2021","Baha Mar Convention Center, Nassau, Bahamas",1,68,86,"L",-18
"Miami (FL)","2021-22","12584","12/2/2021","XFINITY Center, College Park, MD",1,82,74,"W",8
"Rutgers","2021-22","12647","12/5/2021","Jersey Mike's Arena, Piscataway, NJ",0,73,59,"W",14
"Purdue","2021-22","12648","12/8/2021","XFINITY Center, College Park, MD",1,86,71,"W",15
"South Carolina","2021-22","12554","12/12/2021","Colonial Life Arena, Columbia, SC",0,59,66,"L",-7
"Coppin St.","2021-22","12555","12/21/2021","Physical Education Complex, Baltimore, MD",0,98,52,"W",46
"Indiana","2021-22","12650","1/2/2022","Simon Skjodt Assembly Hall, Bloomington, IN",0,63,70,"L",-7
"Penn St.","2021-22","12651","1/6/2022","XFINITY Center, College Park, MD",1,106,78,"W",28
"Minnesota","2021-22","12652","1/9/2022","Williams Arena, Minneapolis, MN",0,87,73,"W",14
"Michigan","2021-22","12653","1/16/2022","XFINITY Center, College Park, MD",1,49,69,"L",-20
"Ohio St.","2021-22","12654","1/20/2022","Value City Arena, Columbus, OH",0,89,95,"L",-6
"Northwestern","2021-22","12655","1/23/2022","XFINITY Center, College Park, MD",1,87,59,"W",28
"Rutgers","2021-22","12656","1/27/2022","XFINITY Center, College Park, MD",1,72,55,"W",17
"Penn St.","2021-22","12657","1/30/2022","Bryce Jordan Center, State College, PA",0,82,71,"W",11
"Michigan St.","2021-22","12658","2/3/2022","Breslin Events Center, East Lansing, MI",0,67,62,"W",5
"Nebraska","2021-22","12659","2/6/2022","XFINITY Center, College Park, MD",1,80,65,"W",15
"Wisconsin","2021-22","12660","2/9/2022","XFINITY Center, College Park, MD",1,70,43,"W",27
"Iowa","2021-22","12661","2/14/2022","Carver-Hawkeye Arena , Iowa City, IA",0,81,69,"W",12
"Ohio St.","2021-22","12662","2/17/2022","XFINITY Center, College Park, MD",1,77,72,"W",5
"Michigan","2021-22","12663","2/20/2022","Crisler Center, Ann Arbor, MI",0,59,71,"L",-12
"Indiana","2021-22","12664","2/25/2022","XFINITY Center, College Park, MD",1,67,64,"W",3
"Indiana","2021-22","12966","3/4/2022","Gainbridge Fieldhouse, Indianapolis, IN",1,51,62,"L",-11
"Delaware","2021-22","12706","3/18/2022","XFINITY Center, College Park, MD",1,102,71,"W",31
"Fgcu","2021-22","12970","3/20/2022","XFINITY Center, College Park, MD",1,89,65,"W",24
"Stanford","2021-22","12707","3/25/2022","Spokane Veterans Memorial Arena, Spokane, WA",0,66,72,"L",-6
"George Mason","2022-23","13134","11/7/2022","EagleBank Arena, Fairfax, VA",0,88,51,"W",37
"South Carolina","2022-23","13135","11/11/2022","XFINITY Center, College Park, MD",1,56,81,"L",-25
"Fordham","2022-23","13136","11/13/2022","XFINITY Center, College Park, MD",1,83,76,"W",7
"Davidson","2022-23","13137","11/16/2022","XFINITY Center, College Park, MD",1,70,52,"W",18
"Baylor","2022-23","13138","11/20/2022","Ferrell Center, Waco, TX",0,73,68,"W",5
"DePaul","2022-23","13139","11/25/2022","Suncoast Credit Union Arena, Fort Myers, FL",1,67,76,"L",-9
"Towson","2022-23","13150","11/26/2022","Suncoast Credit Union Arena, Fort Myers, FL",0,81,70,"W",11
"Pittsburgh","2022-23","13151","11/27/2022","Suncoast Credit Union Arena, Fort Myers, FL",1,87,63,"W",24
"Notre Dame","2022-23","13140","12/1/2022","Purcell Pavilion at the Joyce Center, Notre Dame, IN",0,74,72,"W",2
"Nebraska","2022-23","13175","12/4/2022","XFINITY Center, College Park, MD",1,67,90,"L",-23
"Purdue","2022-23","13176","12/8/2022","Mackey Arena, West Lafayette, IN",0,77,74,"W",3
"UConn","2022-23","13141","12/11/2022","XFINITY Center, College Park, MD",1,85,78,"W",7
"Purdue Fort Wayne","2022-23","13142","12/21/2022","Gates Sports Center, Fort Wayne, IN",0,88,51,"W",37
"Minnesota","2022-23","13177","12/30/2022","XFINITY Center, College Park, MD",1,107,85,"W",22
"Rutgers","2022-23","13178","1/2/2023","Jersey Mike's Arena, Piscataway, NJ",0,78,67,"W",11
"Michigan St.","2022-23","13179","1/7/2023","XFINITY Center, College Park, MD",1,94,85,"W",9
"Indiana","2022-23","13180","1/12/2023","Simon Skjodt Assembly Hall, Bloomington, IN",0,61,68,"L",-7
"Rutgers","2022-23","13181","1/15/2023","XFINITY Center, College Park, MD",1,80,56,"W",24
"Wisconsin","2022-23","13182","1/19/2023","Kohl Center, Madison, WI",0,77,64,"W",13
"Nebraska","2022-23","13183","1/22/2023","Pinnacle Bank Arena, Lincoln, NE",0,69,54,"W",15
"Michigan","2022-23","13184","1/26/2023","XFINITY Center, College Park, MD",1,72,64,"W",8
"Penn St.","2022-23","13185","1/30/2023","XFINITY Center, College Park, MD",1,87,66,"W",21
"Iowa","2022-23","13186","2/2/2023","Carver-Hawkeye Arena , Iowa City, IA",0,82,96,"L",-14
"Ohio St.","2022-23","13187","2/5/2023","XFINITY Center, College Park, MD",1,90,54,"W",36
"Northwestern","2022-23","13188","2/9/2023","Welsh-Ryan Arena, Evanston, IL",0,79,54,"W",25
"Illinois","2022-23","13189","2/12/2023","XFINITY Center, College Park, MD",1,82,71,"W",11
"Michigan St.","2022-23","13190","2/18/2023","Breslin Events Center, East Lansing, MI",0,66,61,"W",5
"Iowa","2022-23","13530","2/21/2023","XFINITY Center, College Park, MD",1,96,68,"W",28
"Ohio St.","2022-23","13192","2/24/2023","Value City Arena, Columbus, OH",0,76,74,"W",2
"Illinois","2022-23","13193","3/3/2023","Target Center, Minneapolis, MN",1,73,58,"W",15
"Iowa","2022-23","13547","3/4/2023","Target Center, Minneapolis, MN",0,84,89,"L",-5
"Holy Cross","2022-23","13194","3/17/2023","XFINITY Center, College Park, MD",1,93,61,"W",32
"Arizona","2022-23","13554","3/19/2023","XFINITY Center, College Park, MD",1,77,64,"W",13
"Notre Dame","2022-23","13195","3/25/2023","Bon Secours Wellness Arena, Greenville, SC",1,76,59,"W",17
"South Carolina","2022-23","13558","3/27/2023","Bon Secours Wellness Arena, Greenville, SC",0,75,86,"L",-11
"Harvard","2023-24","16457","11/6/2023","XFINITY Center, College Park, MD",1,98,75,"W",23
"South Carolina","2023-24","16458","11/12/2023","Colonial Life Arena, Columbia, SC",0,76,114,"L",-38
"UConn","2023-24","16459","11/16/2023","Harry A. Gampel Pavilion, Storrs, CT",0,48,80,"L",-32
"Syracuse","2023-24","16460","11/19/2023","XFINITY Center, College Park, MD",1,83,81,"W",2
"Washington St.","2023-24","16461","11/23/2023","Hard Rock Hotel Riviera Maya, Puerto Aventuras",0,67,87,"L",-20
"Green Bay","2023-24","16462","11/24/2023","Hard Rock Hotel Riviera Maya, Puerto Aventuras",1,68,59,"W",9
"Massachusetts","2023-24","16463","11/25/2023","Hard Rock Hotel Riviera Maya, Puerto Aventuras",1,92,63,"W",29
"Niagara","2023-24","16464","11/29/2023","XFINITY Center, College Park, MD",1,114,44,"W",70
"George Mason","2023-24","16465","12/3/2023","XFINITY Center, College Park, MD",1,86,77,"W",9
"Northwestern","2023-24","16538","12/10/2023","XFINITY Center, College Park, MD",1,71,58,"W",13
"Towson","2023-24","16466","12/12/2023","XFINITY Center, College Park, MD",1,99,51,"W",48
"James Madison","2023-24","16467","12/20/2023","XFINITY Center, College Park, MD",1,78,55,"W",23
"Nebraska","2023-24","16539","12/31/2023","Pinnacle Bank Arena, Lincoln, NE",0,81,87,"L",-6
"Minnesota","2023-24","16540","1/3/2024","Williams Arena, Minneapolis, MN",0,72,64,"W",8
"Michigan St.","2023-24","16542","1/9/2024","Breslin Events Center, East Lansing, MI",0,69,74,"L",-5
"Purdue","2023-24","17526","1/14/2024","XFINITY Center, College Park, MD",1,88,66,"W",22
"Ohio St.","2023-24","16543","1/17/2024","XFINITY Center, College Park, MD",1,76,84,"L",-8
"Illinois","2023-24","16544","1/20/2024","XFINITY Center, College Park, MD",1,90,82,"W",8
"Michigan","2023-24","16545","1/24/2024","Crisler Center, Ann Arbor, MI",0,77,79,"L",-2
"Penn St.","2023-24","16546","1/28/2024","Bryce Jordan Center, State College, PA",0,76,112,"L",-36
"Indiana","2023-24","16547","1/31/2024","XFINITY Center, College Park, MD",1,73,87,"L",-14
"Iowa","2023-24","16548","2/3/2024","XFINITY Center, College Park, MD",1,85,93,"L",-8
"Rutgers","2023-24","16549","2/6/2024","Jersey Mike's Arena, Piscataway, NJ",0,67,59,"W",8
"Illinois","2023-24","16550","2/11/2024","State Farm Center, Champaign, IL",0,69,53,"W",16
"Penn St.","2023-24","16551","2/18/2024","XFINITY Center, College Park, MD",1,77,62,"W",15
"Rutgers","2023-24","16552","2/21/2024","XFINITY Center, College Park, MD",1,81,62,"W",19
"Ohio St.","2023-24","16553","2/25/2024","Value City Arena, Columbus, OH",0,66,79,"L",-13
"Wisconsin","2023-24","16554","2/29/2024","XFINITY Center, College Park, MD",1,79,63,"W",16
"Indiana","2023-24","16555","3/3/2024","Simon Skjodt Assembly Hall, Bloomington, IN",0,54,71,"L",-17
"Illinois","2023-24","16556","3/7/2024","Target Center, Minneapolis, MN",1,75,65,"W",10
"Ohio St.","2023-24","17566","3/8/2024","Target Center, Minneapolis, MN",0,82,61,"W",21
"Nebraska","2023-24","17567","3/9/2024","Target Center, Minneapolis, MN",0,68,78,"L",-10
"Iowa St.","2023-24","16557","3/22/2024","Maples Pavilion, Stanford, CA",0,86,93,"L",-7
"Umbc","2024-25","18346","11/4/2024","Chesapeake Employers Insurance Arena, Baltimore, MD",0,74,32,"W",42
"Coppin St.","2024-25","18281","11/7/2024","XFINITY Center, College Park, MD",1,70,47,"W",23
"Duke","2024-25","18282","11/10/2024","XFINITY Center, College Park, MD",1,85,80,"W",5
"Syracuse","2024-25","18347","11/13/2024","JMA Wireless Dome, Syracuse, NY",0,84,73,"W",11
"Towson","2024-25","18286","11/17/2024","XFINITY Center, College Park, MD",1,98,63,"W",35
"Saint Francis","2024-25","18283","11/24/2024","XFINITY Center, College Park, MD",1,107,35,"W",72
"George Mason","2024-25","18348","11/30/2024","Alumni Hall, Annapolis, MD",1,66,56,"W",10
"Toledo","2024-25","18349","12/1/2024","Alumni Hall, Annapolis, MD",0,92,70,"W",22
"Mount St. Mary's","2024-25","18285","12/3/2024","XFINITY Center, College Park, MD",1,87,52,"W",35
"Purdue","2024-25","18350","12/7/2024","Mackey Arena, West Lafayette, IN",0,78,69,"W",9
"William & Mary","2024-25","18289","12/19/2024","XFINITY Center, College Park, MD",1,107,57,"W",50
"Michigan St.","2024-25","18351","12/29/2024","XFINITY Center, College Park, MD",1,72,66,"W",6
"Rutgers","2024-25","18352","1/2/2025","XFINITY Center, College Park, MD",1,78,61,"W",17
"Iowa","2024-25","18353","1/5/2025","Carver-Hawkeye Arena , Iowa City, IA",0,74,66,"W",8
"Southern California","2024-25","18354","1/8/2025","XFINITY Center, College Park, MD",1,74,79,"L",-5
"Wisconsin","2024-25","18355","1/11/2025","Kohl Center, Madison, WI",0,83,68,"W",15
"Minnesota","2024-25","18356","1/14/2025","XFINITY Center, College Park, MD",1,99,92,"W",7
"Texas","2024-25","18357","1/20/2025","Prudential Center, Newark, NJ",1,51,89,"L",-38
"Ohio St.","2024-25","18358","1/23/2025","Value City Arena, Columbus, OH",0,66,74,"L",-8
"Ucla","2024-25","18359","1/26/2025","XFINITY Center, College Park, MD",1,67,82,"L",-15
"Penn St.","2024-25","18360","1/29/2025","Rec Hall, State College, PA",0,82,73,"W",9
"Illinois","2024-25","18361","2/2/2025","XFINITY Center, College Park, MD",1,65,66,"L",-1
"Oregon","2024-25","18363","2/6/2025","Matthew Knight Arena, Eugene, OR",0,79,61,"W",18
"Washington","2024-25","18364","2/9/2025","Alaska Airlines Arena, Seattle, WA",0,81,73,"W",8
"Nebraska","2024-25","18365","2/13/2025","XFINITY Center, College Park, MD",1,71,91,"L",-20
"Michigan","2024-25","18366","2/17/2025","XFINITY Center, College Park, MD",1,85,77,"W",8
"Northwestern","2024-25","18367","2/20/2025","Welsh-Ryan Arena, Evanston, IL",0,85,79,"W",6
"Indiana","2024-25","18368","2/27/2025","Simon Skjodt Assembly Hall, Bloomington, IN",0,74,60,"W",14
"Ohio St.","2024-25","18369","3/2/2025","XFINITY Center, College Park, MD",1,93,90,"W",3
"Michigan","2024-25","18370","3/7/2025","Gainbridge Fieldhouse, Indianapolis, IN",1,71,98,"L",-27
"Norfolk St.","2024-25","18371","3/22/2025","XFINITY Center, College Park, MD",1,82,69,"W",13
"Alabama","2024-25","18730","3/24/2025","XFINITY Center, College Park, MD",1,111,108,"W",3
"South Carolina","2024-25","18372","3/28/2025","Legacy Arena, Birmingham, AL",0,67,71,"L",-4
"Loyola Maryland","2025-26","18928","11/3/2025","XFINITY Center, College Park, MD",1,80,26,"W",54
"Umbc","2025-26","18929","11/6/2025","XFINITY Center, College Park, MD",1,87,54,"W",33
"Georgetown","2025-26","18930","11/9/2025","XFINITY Center, College Park, MD",1,85,66,"W",19
"Towson","2025-26","18931","11/13/2025","XFINITY Center, College Park, MD",1,88,70,"W",18
"Princeton","2025-26","18932","11/16/2025","XFINITY Center, College Park, MD",1,84,68,"W",16
"Bethune-Cookman","2025-26","19716","11/20/2025","XFINITY Center, College Park, MD",1,95,49,"W",46
"George Mason","2025-26","18933","11/23/2025","XFINITY Center, College Park, MD",1,84,62,"W",22
"Kentucky","2025-26","18869","11/26/2025","Coliseo Guillermo Angulo, San Juan",1,74,66,"W",8
"Hofstra","2025-26","18870","11/27/2025","Coliseo Guillermo Angulo, San Juan",0,95,38,"W",57
"Mount St. Mary's","2025-26","18934","12/3/2025","XFINITY Center, College Park, MD",1,92,44,"W",48
"Minnesota","2025-26","19740","12/7/2025","Williams Arena, Minneapolis, MN",0,100,99,"W",1
"Delaware St.","2025-26","18935","12/10/2025","XFINITY Center, College Park, MD",1,91,21,"W",70
"Central Conn. St.","2025-26","18936","12/19/2025","XFINITY Center, College Park, MD",1,98,30,"W",68
"Wisconsin","2025-26","19741","12/29/2025","XFINITY Center, College Park, MD",1,97,59,"W",38
"Illinois","2025-26","19742","1/1/2026","State Farm Center, Champaign, IL",0,70,73,"L",-3
"Indiana","2025-26","19743","1/4/2026","XFINITY Center, College Park, MD",1,82,67,"W",15
"Rutgers","2025-26","19744","1/8/2026","Jersey Mike's Arena, Piscataway, NJ",0,88,41,"W",47
"Ohio St.","2025-26","19745","1/11/2026","XFINITY Center, College Park, MD",1,76,89,"L",-13
"Southern California","2025-26","19746","1/15/2026","Galen Center, Los Angeles, CA",0,62,55,"W",7
"Ucla","2025-26","19747","1/18/2026","Pauley Pavilion, Los Angeles, CA",0,67,97,"L",-30
"Iowa","2025-26","19748","1/22/2026","XFINITY Center, College Park, MD",1,78,85,"L",-7
"Washington","2025-26","19749","1/28/2026","XFINITY Center, College Park, MD",1,80,83,"L",-3
"Oregon","2025-26","19750","1/31/2026","XFINITY Center, College Park, MD",1,61,68,"L",-7
"Michigan St.","2025-26","19751","2/4/2026","Breslin Events Center, East Lansing, MI",0,86,70,"W",16
"Nebraska","2025-26","19752","2/7/2026","Pinnacle Bank Arena, Lincoln, NE",0,78,60,"W",18
"Penn St.","2025-26","19753","2/12/2026","XFINITY Center, College Park, MD",1,81,62,"W",19
"Ohio St.","2025-26","19754","2/15/2026","Schottenstein Center, Columbus, OH",0,76,75,"W",1
"Purdue","2025-26","19755","2/22/2026","XFINITY Center, College Park, MD",1,99,66,"W",33
"Northwestern","2025-26","19756","2/25/2026","XFINITY Center, College Park, MD",1,79,57,"W",22
"Michigan","2025-26","19757","2/28/2026","Crisler Center, Ann Arbor, MI",0,69,87,"L",-18
"Oregon","2025-26","19793","3/5/2026","Gainbridge Fieldhouse, Indianapolis, IN",1,68,73,"L",-5
"Murray St.","2025-26","19794","3/20/2026","Carmichael Arena, Chapel Hill, NC",1,99,67,"W",32
"North Carolina","2025-26","20082","3/22/2026","Carmichael Arena, Chapel Hill, NC",0,66,74,"L",-8
