"source_id","file_id","team","name","number","position","minutes","field_goals","fg_pct","three_pointers","three_pt_pct","free_throws","ft_pct","rebounds","assists","turnovers","steals","blocks","points","offensive_rebounds","defensive_rebounds","personal_fouls","technical_fouls","efficiency","usage_pct","points_per_minute","fgm","fga","tpm","tpa","ftm","fta","starter"
2020,12076,"Davidson","K. TURNER",1,"G",22,"2-6",33.3,"1-2",50.0,"0-0",0.0,1,3,3,0,0,5,0,1,4,0,2.0,17.03,0.227,2,6,1,2,0,0,1
2020,12076,"Davidson","C. WELCH",2,"G",32,"8-19",42.1,"3-8",37.5,"4-5",80.0,6,3,3,0,0,23,2,4,1,0,17.0,31.48,0.719,8,19,3,8,4,5,1
2020,12076,"Davidson","S. KONSTANS",10,"G",26,"2-5",40.0,"0-0",0.0,"2-6",33.3,3,1,3,0,1,6,1,2,4,0,1.0,17.04,0.231,2,5,0,0,2,6,1
2020,12076,"Davidson","C. GOULD",14,"G",32,"3-9",33.3,"2-7",28.6,"2-2",100.0,4,4,2,0,0,10,2,2,2,0,10.0,15.46,0.313,3,9,2,7,2,2,1
2020,12076,"Davidson","P. CARTER",21,"F",13,"4-8",50.0,"0-0",0.0,"1-2",50.0,4,0,1,0,0,9,3,1,5,0,7.0,31.64,0.692,4,8,0,0,1,2,1
2020,12076,"Davidson","K. FITZGERALD",4,"G",13,"0-2",0.0,"0-1",0.0,"2-2",100.0,2,0,0,0,0,2,1,1,1,0,2.0,9.22,0.154,0,2,0,1,2,2,0
2020,12076,"Davidson","C. TABOR",20,"G",28,"2-11",18.2,"1-9",11.1,"1-4",25.0,6,0,1,1,0,6,2,4,1,0,0.0,20.46,0.214,2,11,1,9,1,4,0
2020,12076,"Davidson","A. FULLER",24,"F",20,"3-7",42.9,"0-0",0.0,"0-2",0.0,4,0,0,0,0,6,3,1,1,0,4.0,16.4,0.3,3,7,0,0,0,2,0
2020,12076,"Davidson","S. ABDUL-AZIZ",32,"G",5,"1-3",33.3,"1-2",50.0,"0-0",0.0,2,0,1,0,0,3,1,1,2,0,2.0,0.0,0.0,1,3,1,2,0,0,0
2020,12076,"Davidson","A. DAVIDSON",34,"F",9,"1-1",100.0,"0-0",0.0,"0-0",0.0,0,1,1,0,1,2,0,0,2,0,3.0,0.0,0.0,1,1,0,0,0,0,0
2020,12076,"Maryland","D. MILLER",1,"G",25,"6-10",60.0,"0-3",0.0,"8-10",80.0,5,1,1,2,0,20,3,2,3,0,21.0,26.9,0.8,6,10,0,3,8,10,1
2020,12076,"Maryland","A. REESE",10,"F",15,"7-10",70.0,"0-0",0.0,"6-9",66.7,9,0,1,1,2,20,4,5,4,0,25.0,43.55,1.333,7,10,0,0,6,9,1
2020,12076,"Maryland","K. BENZAN",11,"G",33,"5-10",50.0,"1-5",20.0,"2-2",100.0,2,2,1,0,0,13,0,2,2,0,11.0,15.72,0.394,5,10,1,5,2,2,1
2020,12076,"Maryland","A. OWUSU",15,"G",17,"4-9",44.4,"0-0",0.0,"2-2",100.0,5,3,2,1,0,10,1,4,4,0,12.0,30.52,0.588,4,9,0,0,2,2,1
2020,12076,"Maryland","C. BIBBY",55,"F",26,"3-10",30.0,"1-5",20.0,"2-2",100.0,9,1,3,2,2,9,2,7,2,0,13.0,23.31,0.346,3,10,1,5,2,2,1
2020,12076,"Maryland","M. COLLINS",2,"F",25,"2-5",40.0,"0-0",0.0,"3-4",75.0,6,1,0,2,0,7,2,4,2,0,12.0,11.81,0.28,2,5,0,0,3,4,0
2020,12076,"Maryland","C. LEWIS",3,"G",18,"2-5",40.0,"0-2",0.0,"1-2",50.0,1,3,0,0,0,5,0,1,2,0,5.0,14.26,0.278,2,5,0,2,1,2,0
2020,12076,"Maryland","F. MASONIUS",13,"F",22,"5-9",55.6,"0-1",0.0,"0-0",0.0,7,1,1,2,0,10,4,3,4,0,15.0,19.85,0.455,5,9,0,1,0,0,0
2020,12076,"Maryland","T. KOZLOVA",14,"G",19,"0-0",0.0,"0-0",0.0,"0-0",0.0,2,1,1,0,0,0,0,2,3,0,2.0,2.3,0.0,0,0,0,0,0,0,0
2020,12077,"Maryland","D. MILLER",1,"G",20,"0-4",0.0,"0-1",0.0,"4-4",100.0,5,1,6,0,0,4,0,5,3,0,0.0,26.1,0.2,0,4,0,1,4,4,1
2020,12077,"Maryland","A. REESE",10,"F",29,"6-10",60.0,"0-0",0.0,"3-6",50.0,9,3,3,2,3,15,4,5,2,0,22.0,23.94,0.517,6,10,0,0,3,6,1
2020,12077,"Maryland","K. BENZAN",11,"G",36,"6-10",60.0,"4-7",57.1,"0-0",0.0,3,3,2,2,0,16,1,2,3,0,18.0,14.79,0.444,6,10,4,7,0,0,1
2020,12077,"Maryland","A. OWUSU",15,"G",37,"5-16",31.3,"0-0",0.0,"4-4",100.0,7,3,5,1,0,14,3,4,1,0,9.0,27.3,0.378,5,16,0,0,4,4,1
2020,12077,"Maryland","C. BIBBY",55,"F",29,"1-6",16.7,"0-5",0.0,"0-0",0.0,3,2,0,2,0,2,0,3,4,0,4.0,9.18,0.069,1,6,0,5,0,0,1
2020,12077,"Maryland","M. COLLINS",2,"F",17,"4-7",57.1,"0-1",0.0,"0-0",0.0,3,0,2,1,1,8,0,3,4,0,8.0,23.5,0.471,4,7,0,1,0,0,0
2020,12077,"Maryland","C. LEWIS",3,"G",18,"4-5",80.0,"3-3",100.0,"0-0",0.0,0,1,2,0,0,11,0,0,4,0,9.0,17.26,0.611,4,5,3,3,0,0,0
2020,12077,"Maryland","F. MASONIUS",13,"F",14,"1-3",33.3,"0-1",0.0,"0-0",0.0,1,2,3,0,0,2,0,1,2,0,0.0,19.02,0.143,1,3,0,1,0,0,0
2020,12077,"Missouri St.","A. HIPP",4,"F",26,"2-6",33.3,"0-1",0.0,"2-4",50.0,6,2,4,1,0,6,2,4,4,0,5.0,19.21,0.231,2,6,0,1,2,4,1
2020,12077,"Missouri St.","B. CALIP",11,"G",29,"7-16",43.8,"2-4",50.0,"10-14",71.4,6,2,2,2,0,26,1,5,2,0,21.0,35.39,0.897,7,16,2,4,10,14,1
2020,12077,"Missouri St.","S. WILSON",21,"G",28,"3-7",42.9,"0-1",0.0,"4-4",100.0,4,1,0,0,0,10,3,1,2,0,11.0,13.29,0.357,3,7,0,1,4,4,1
2020,12077,"Missouri St.","M. BHINHAR",23,"G",30,"2-9",22.2,"1-2",50.0,"1-2",50.0,2,3,1,3,0,6,0,2,1,0,5.0,15.41,0.2,2,9,1,2,1,2,1
2020,12077,"Missouri St.","J. FRANKLIN",32,"F",28,"6-11",54.5,"0-0",0.0,"2-2",100.0,8,0,2,3,0,14,4,4,5,0,18.0,21.06,0.5,6,11,0,0,2,2,1
2020,12077,"Missouri St.","A. JACKSON",0,"F",11,"2-7",28.6,"1-3",33.3,"0-0",0.0,3,0,0,0,0,5,2,1,1,0,3.0,27.03,0.455,2,7,1,3,0,0,0
2020,12077,"Missouri St.","E. RUFFRIDGE",2,"G",15,"0-2",0.0,"0-2",0.0,"0-0",0.0,4,1,1,0,1,0,1,3,0,0,3.0,8.5,0.0,0,2,0,2,0,0,0
2020,12077,"Missouri St.","S. MANNING",34,"G",17,"3-6",50.0,"1-2",50.0,"0-0",0.0,2,1,2,0,0,7,0,2,0,0,5.0,19.99,0.412,3,6,1,2,0,0,0
2020,12077,"Missouri St.","E. GARTNER",50,"C",16,"3-3",100.0,"0-0",0.0,"1-4",25.0,3,1,0,0,0,7,1,2,0,0,8.0,12.64,0.438,3,3,0,0,1,4,0
2020,12078,"Arkansas","D. SLOCUM",12,"G",29,"6-13",46.2,"2-4",50.0,"2-2",100.0,3,4,2,2,0,16,1,2,2,0,16.0,23.12,0.552,6,13,2,4,2,2,1
2020,12078,"Arkansas","A. RAMIREZ",23,"G",27,"1-6",16.7,"1-4",25.0,"1-2",50.0,4,3,0,1,0,4,0,4,1,0,6.0,10.76,0.148,1,6,1,4,1,2,1
2020,12078,"Arkansas","T. THOMAS",24,"F",23,"1-1",100.0,"0-0",0.0,"1-1",100.0,2,2,0,2,0,3,1,1,3,0,9.0,2.64,0.13,1,1,0,0,1,1,1
2020,12078,"Arkansas","C. DUNGEE",33,"G",28,"5-14",35.7,"0-6",0.0,"8-10",80.0,3,0,0,0,0,18,0,3,2,0,10.0,27.75,0.643,5,14,0,6,8,10,1
2020,12078,"Arkansas","M. DANIELS",43,"G",26,"7-15",46.7,"2-6",33.3,"5-6",83.3,4,3,3,1,0,21,1,3,4,0,17.0,33.52,0.808,7,15,2,6,5,6,1
2020,12078,"Arkansas","M. DAVIS",1,"F",17,"6-9",66.7,"1-2",50.0,"2-4",50.0,4,0,1,3,0,15,2,2,2,0,16.0,29.21,0.882,6,9,1,2,2,4,0
2020,12078,"Arkansas","E. BARNUM",4,"F",13,"1-4",25.0,"0-0",0.0,"2-2",100.0,5,0,2,0,2,4,3,2,3,0,6.0,22.35,0.308,1,4,0,0,2,2,0
2020,12078,"Arkansas","R. LANGERMAN",11,"G",5,"1-1",100.0,"0-0",0.0,"0-0",0.0,0,0,1,1,0,2,0,0,0,0,2.0,0.0,0.0,1,1,0,0,0,0,0
2020,12078,"Arkansas","J. MASON",14,"G",24,"4-8",50.0,"2-3",66.7,"0-0",0.0,1,0,1,0,1,10,0,1,2,0,7.0,15.84,0.417,4,8,2,3,0,0,0
2020,12078,"Arkansas","A. HUGHES",22,"G",2,"0-0",0.0,"0-0",0.0,"0-0",0.0,0,0,0,0,0,0,0,0,0,0,0.0,0.0,0.0,0,0,0,0,0,0,0
2020,12078,"Arkansas","D. OBERG",25,"C",4,"1-1",100.0,"0-0",0.0,"1-2",50.0,1,1,0,1,0,3,0,1,0,0,5.0,0.0,0.0,1,1,0,0,1,2,0
2020,12078,"Arkansas","M. WEAVER",30,"F",2,"0-0",0.0,"0-0",0.0,"0-0",0.0,0,0,0,0,0,0,0,0,1,0,0.0,0.0,0.0,0,0,0,0,0,0,0
2020,12078,"Maryland","D. MILLER",1,"G",32,"8-14",57.1,"1-5",20.0,"2-3",66.7,10,3,4,1,1,19,3,7,4,0,23.0,22.35,0.594,8,14,1,5,2,3,1
2020,12078,"Maryland","A. REESE",10,"F",17,"5-12",41.7,"0-0",0.0,"6-7",85.7,8,2,3,1,1,16,6,2,5,0,17.0,39.36,0.941,5,12,0,0,6,7,1
2020,12078,"Maryland","K. BENZAN",11,"G",29,"10-18",55.6,"8-14",57.1,"0-0",0.0,1,0,3,0,0,28,1,0,3,0,18.0,26.8,0.966,10,18,8,14,0,0,1
2020,12078,"Maryland","A. OWUSU",15,"G",28,"6-12",50.0,"0-2",0.0,"0-1",0.0,9,7,4,0,0,12,4,5,3,0,17.0,21.73,0.429,6,12,0,2,0,1,1
2020,12078,"Maryland","C. BIBBY",55,"F",37,"6-9",66.7,"5-7",71.4,"6-6",100.0,12,3,2,2,0,23,3,9,1,0,35.0,13.64,0.622,6,9,5,7,6,6,1
2020,12078,"Maryland","M. COLLINS",2,"F",15,"2-7",28.6,"0-1",0.0,"5-6",83.3,7,1,1,1,1,9,4,3,4,0,12.0,26.25,0.6,2,7,0,1,5,6,0
2020,12078,"Maryland","C. LEWIS",3,"G",17,"1-2",50.0,"1-1",100.0,"0-0",0.0,1,7,2,0,0,3,0,1,1,0,8.0,8.71,0.176,1,2,1,1,0,0,0
2020,12078,"Maryland","F. MASONIUS",13,"F",18,"1-2",50.0,"0-0",0.0,"0-0",0.0,2,1,1,0,0,2,0,2,3,0,3.0,6.17,0.111,1,2,0,0,0,0,0
2020,12078,"Maryland","T. KOZLOVA",14,"G",7,"1-2",50.0,"1-1",100.0,"0-0",0.0,1,0,0,0,0,3,0,1,2,0,3.0,0.0,0.0,1,2,1,1,0,0,0
2020,12079,"Maryland","D. MILLER",1,"G",23,"10-15",66.7,"5-7",71.4,"3-5",60.0,9,4,2,1,0,28,4,5,4,0,33.0,38.33,1.217,10,15,5,7,3,5,1
2020,12079,"Maryland","A. REESE",10,"F",3,"1-1",100.0,"0-0",0.0,"0-0",0.0,2,0,1,0,0,2,0,2,1,0,3.0,0.0,0.0,1,1,0,0,0,0,1
2020,12079,"Maryland","K. BENZAN",11,"G",30,"7-8",87.5,"6-7",85.7,"1-1",100.0,0,3,1,1,0,21,0,0,2,0,23.0,14.45,0.7,7,8,6,7,1,1,1
2020,12079,"Maryland","A. OWUSU",15,"G",30,"9-15",60.0,"3-5",60.0,"4-4",100.0,7,3,5,2,0,25,0,7,2,0,26.0,33.3,0.833,9,15,3,5,4,4,1
2020,12079,"Maryland","C. BIBBY",55,"F",27,"3-9",33.3,"3-6",50.0,"0-0",0.0,3,4,0,0,0,9,0,3,2,0,10.0,15.3,0.333,3,9,3,6,0,0,1
2020,12079,"Maryland","M. COLLINS",2,"F",24,"3-6",50.0,"1-2",50.0,"0-0",0.0,6,2,1,0,1,7,1,5,1,0,12.0,13.39,0.292,3,6,1,2,0,0,0
2020,12079,"Maryland","C. LEWIS",3,"G",21,"1-4",25.0,"1-2",50.0,"0-0",0.0,2,7,2,1,0,3,1,1,1,0,8.0,13.12,0.143,1,4,1,2,0,0,0
2020,12079,"Maryland","F. MASONIUS",13,"F",28,"4-6",66.7,"0-0",0.0,"3-4",75.0,9,5,3,1,0,11,5,4,2,0,20.0,17.64,0.393,4,6,0,0,3,4,0
2020,12079,"Maryland","T. KOZLOVA",14,"G",14,"2-2",100.0,"2-2",100.0,"0-0",0.0,2,0,0,0,0,6,0,2,1,0,8.0,6.56,0.429,2,2,2,2,0,0,0
2020,12079,"Towson","A. KUBEK",0,"F",26,"5-9",55.6,"0-1",0.0,"1-2",50.0,7,0,2,1,0,11,3,4,0,0,12.0,19.11,0.423,5,9,0,1,1,2,1
2020,12079,"Towson","A. NELSON",4,"G",35,"6-12",50.0,"3-6",50.0,"3-4",75.0,2,3,1,1,0,18,1,1,1,0,16.0,17.64,0.514,6,12,3,6,3,4,1
2020,12079,"Towson","W. SCHWARTAU",13,"C",16,"0-1",0.0,"0-0",0.0,"0-0",0.0,1,1,0,0,0,0,1,0,0,0,1.0,2.61,0.0,0,1,0,0,0,0,1
2020,12079,"Towson","K. JETER",21,"G",32,"12-28",42.9,"3-7",42.9,"1-3",33.3,3,1,0,1,0,28,1,2,2,0,15.0,38.32,0.875,12,28,3,7,1,3,1
2020,12079,"Towson","S. SMITH",23,"G",25,"3-10",30.0,"0-1",0.0,"3-4",75.0,2,0,2,0,0,9,1,1,0,0,1.0,23.02,0.36,3,10,0,1,3,4,1
2020,12079,"Towson","S. WILLIAMS",1,"G",14,"0-4",0.0,"0-0",0.0,"1-2",50.0,2,1,3,0,0,1,1,1,1,0,-4.0,23.54,0.071,0,4,0,0,1,2,0
2020,12079,"Towson","M. SHARP",3,"G",2,"1-3",33.3,"1-2",50.0,"0-0",0.0,0,0,0,0,0,3,0,0,0,0,1.0,0.0,0.0,1,3,1,2,0,0,0
2020,12079,"Towson","L. WRIGHT",22,"C",16,"1-1",100.0,"0-0",0.0,"0-2",0.0,7,1,0,2,1,2,2,5,3,0,11.0,4.91,0.125,1,1,0,0,0,2,0
2020,12079,"Towson","T. BORGOSZ",24,"F",14,"1-2",50.0,"0-0",0.0,"0-0",0.0,0,0,2,0,1,2,0,0,2,0,0.0,11.95,0.143,1,2,0,0,0,0,0
2020,12079,"Towson","T. GARY",33,"G",14,"0-4",0.0,"0-2",0.0,"1-2",50.0,4,1,0,0,0,1,4,0,1,0,1.0,14.58,0.071,0,4,0,2,1,2,0
2020,12079,"Towson","B. GLOVER",35,"F",6,"1-2",50.0,"0-0",0.0,"1-3",33.3,4,0,0,0,1,3,4,0,3,0,5.0,0.0,0.0,1,2,0,0,1,3,0
2020,12109,"Rutgers","Z. BROUGHTON",1,"G",37,"4-11",36.4,"2-4",50.0,"0-0",0.0,3,3,3,0,0,10,0,3,4,0,6.0,16.08,0.27,4,11,2,4,0,0,1
2020,12109,"Rutgers","M. GILLES",13,"F",40,"6-10",60.0,"1-1",100.0,"1-1",100.0,11,0,2,2,1,14,7,4,3,0,22.0,13.22,0.35,6,10,1,1,1,1,1
2020,12109,"Rutgers","T. SINGLETON",22,"F",18,"3-4",75.0,"0-0",0.0,"0-0",0.0,5,1,1,0,1,6,0,5,5,0,11.0,11.81,0.333,3,4,0,0,0,0,1
2020,12109,"Rutgers","A. GUIRANTES",24,"G",40,"12-23",52.2,"3-4",75.0,"6-9",66.7,10,6,8,1,1,33,1,9,4,0,29.0,37.14,0.825,12,23,3,4,6,9,1
2020,12109,"Rutgers","T. MACK",31,"G",5,"0-1",0.0,"0-0",0.0,"0-0",0.0,0,0,0,0,0,0,0,0,0,0,-1.0,0.0,0.0,0,1,0,0,0,0,1
2020,12109,"Rutgers","L. MARTINO",2,"G",2,"1-1",100.0,"1-1",100.0,"0-0",0.0,0,0,0,0,0,3,0,0,0,0,3.0,0.0,0.0,1,1,1,1,0,0,0
2020,12109,"Rutgers","D. JOHNSON",3,"G",31,"6-15",40.0,"2-5",40.0,"4-4",100.0,4,3,2,3,0,18,2,2,4,0,17.0,25.72,0.581,6,15,2,5,4,4,0
2020,12109,"Rutgers","D. MARSHALL",4,"G",0,"0-0",0.0,"0-0",0.0,"0-0",0.0,0,0,1,0,0,0,0,0,0,0,-1.0,0.0,0.0,0,0,0,0,0,0,0
2020,12109,"Rutgers","E. LAFAYETTE",10,"F",21,"1-2",50.0,"1-2",50.0,"0-0",0.0,3,0,1,2,0,3,2,1,4,0,6.0,6.07,0.143,1,2,1,2,0,0,0
2020,12109,"Rutgers","S. WALKER",12,"C",6,"0-0",0.0,"0-0",0.0,"0-0",0.0,1,0,1,0,0,0,0,1,0,0,0.0,0.0,0.0,0,0,0,0,0,0,0
2020,12109,"Maryland","D. MILLER",1,"G",33,"6-17",35.3,"2-6",33.3,"5-9",55.6,4,2,5,2,2,19,3,1,4,0,9.0,32.91,0.576,6,17,2,6,5,9,1
2020,12109,"Maryland","K. BENZAN",11,"G",32,"4-8",50.0,"4-8",50.0,"0-0",0.0,1,3,2,2,0,12,1,0,3,0,12.0,13.08,0.375,4,8,4,8,0,0,1
2020,12109,"Maryland","F. MASONIUS",13,"F",8,"0-0",0.0,"0-0",0.0,"0-0",0.0,2,0,1,0,0,0,0,2,1,0,1.0,0.0,0.0,0,0,0,0,0,0,1
2020,12109,"Maryland","A. OWUSU",15,"G",32,"4-12",33.3,"0-2",0.0,"7-8",87.5,5,5,2,3,0,15,2,3,3,1,17.0,22.91,0.469,4,12,0,2,7,8,1
2020,12109,"Maryland","C. BIBBY",55,"F",36,"5-13",38.5,"3-7",42.9,"2-3",66.7,11,4,1,1,0,15,6,5,2,0,21.0,17.81,0.417,5,13,3,7,2,3,1
2020,12109,"Maryland","M. COLLINS",2,"F",29,"8-13",61.5,"2-2",100.0,"4-5",80.0,7,1,1,1,0,22,4,3,3,0,24.0,23.37,0.759,8,13,2,2,4,5,0
2020,12109,"Maryland","C. LEWIS",3,"G",30,"2-5",40.0,"0-1",0.0,"4-6",66.7,2,2,2,0,0,8,0,2,2,0,5.0,13.44,0.267,2,5,0,1,4,6,0
2020,12111,"Penn St.","T. SABEL",10,"G",32,"2-8",25.0,"1-3",33.3,"1-2",50.0,7,1,3,0,0,6,1,6,1,0,4.0,15.74,0.188,2,8,1,3,1,2,1
2020,12111,"Penn St.","A. CAMDEN",11,"F",17,"2-3",66.7,"0-0",0.0,"0-0",0.0,3,0,2,0,0,4,0,3,2,0,4.0,12.47,0.235,2,3,0,0,0,0,1
2020,12111,"Penn St.","M. MARISA",20,"G",21,"3-11",27.3,"1-2",50.0,"0-0",0.0,2,5,2,0,0,7,1,1,3,0,4.0,26.25,0.333,3,11,1,2,0,0,1
2020,12111,"Penn St.","K. JEKOT",25,"G",37,"6-13",46.2,"1-3",33.3,"10-10",100.0,10,3,2,1,0,23,2,8,2,0,28.0,22.24,0.622,6,13,1,3,10,10,1
2020,12111,"Penn St.","J. CASH",33,"F",24,"5-11",45.5,"0-0",0.0,"1-4",25.0,3,0,3,0,1,11,2,1,4,0,3.0,27.85,0.458,5,11,0,0,1,4,1
2020,12111,"Penn St.","N. THORNTON",0,"G",14,"1-4",25.0,"0-0",0.0,"2-2",100.0,2,5,3,1,0,4,0,2,3,0,6.0,23.87,0.286,1,4,0,0,2,2,0
2020,12111,"Penn St.","N. BEVERLEY",1,"G",10,"1-1",100.0,"1-1",100.0,"0-0",0.0,0,1,2,0,0,3,0,0,2,0,2.0,0.0,0.0,1,1,1,1,0,0,0
2020,12111,"Penn St.","M. BURKE",15,"G",37,"8-16",50.0,"7-14",50.0,"1-1",100.0,2,0,2,0,0,24,0,2,1,0,16.0,21.14,0.649,8,16,7,14,1,1,0
2020,12111,"Penn St.","S. HAGANS",23,"G",8,"0-0",0.0,"0-0",0.0,"0-0",0.0,0,2,0,0,0,0,0,0,2,0,2.0,0.0,0.0,0,0,0,0,0,0,0
2020,12111,"Maryland","D. MILLER",1,"G",33,"5-12",41.7,"0-3",0.0,"7-8",87.5,6,4,4,0,1,17,1,5,2,0,16.0,24.48,0.515,5,12,0,3,7,8,1
2020,12111,"Maryland","M. COLLINS",2,"F",22,"3-8",37.5,"0-1",0.0,"2-2",100.0,7,4,3,1,0,8,3,4,4,0,12.0,22.35,0.364,3,8,0,1,2,2,1
2020,12111,"Maryland","K. BENZAN",11,"G",37,"3-9",33.3,"1-4",25.0,"0-0",0.0,3,4,0,3,0,7,1,2,2,0,11.0,10.07,0.189,3,9,1,4,0,0,1
2020,12111,"Maryland","A. OWUSU",15,"G",38,"15-22",68.2,"1-2",50.0,"3-6",50.0,8,1,1,2,1,34,3,5,4,0,35.0,27.93,0.895,15,22,1,2,3,6,1
2020,12111,"Maryland","C. BIBBY",55,"F",31,"4-14",28.6,"2-8",25.0,"3-4",75.0,9,3,2,3,0,13,5,4,1,0,15.0,23.71,0.419,4,14,2,8,3,4,1
2020,12111,"Maryland","C. LEWIS",3,"G",11,"3-4",75.0,"0-1",0.0,"0-0",0.0,0,1,1,0,0,6,0,0,3,0,5.0,18.81,0.545,3,4,0,1,0,0,0
2020,12111,"Maryland","F. MASONIUS",13,"F",28,"5-7",71.4,"0-0",0.0,"1-2",50.0,5,4,0,4,0,11,1,4,2,0,21.0,11.65,0.393,5,7,0,0,1,2,0
2020,12112,"Maryland","D. MILLER",1,"G",25,"8-12",66.7,"2-3",66.7,"2-4",50.0,6,2,3,0,1,20,1,5,3,0,20.0,33.7,0.8,8,12,2,3,2,4,1
2020,12112,"Maryland","M. COLLINS",2,"F",35,"2-5",40.0,"0-1",0.0,"5-5",100.0,9,2,1,0,0,9,0,9,2,0,16.0,11.78,0.257,2,5,0,1,5,5,1
2020,12112,"Maryland","K. BENZAN",11,"G",22,"3-6",50.0,"2-3",66.7,"4-4",100.0,1,1,0,1,0,12,0,1,3,0,12.0,17.73,0.545,3,6,2,3,4,4,1
2020,12112,"Maryland","A. OWUSU",15,"G",33,"9-17",52.9,"1-2",50.0,"1-2",50.0,5,5,3,1,0,20,0,5,3,0,19.0,31.81,0.606,9,17,1,2,1,2,1
2020,12112,"Maryland","C. BIBBY",55,"F",38,"6-14",42.9,"3-9",33.3,"0-0",0.0,6,2,3,1,0,15,3,3,1,0,13.0,22.49,0.395,6,14,3,9,0,0,1
2020,12112,"Maryland","C. LEWIS",3,"G",21,"2-3",66.7,"0-0",0.0,"0-0",0.0,0,5,1,0,0,4,0,0,0,0,7.0,9.58,0.19,2,3,0,0,0,0,0
2020,12112,"Maryland","F. MASONIUS",13,"F",25,"2-3",66.7,"0-0",0.0,"0-0",0.0,3,1,2,0,1,4,1,2,3,0,6.0,10.05,0.16,2,3,0,0,0,0,0
2020,12112,"Maryland","T. KOZLOVA",14,"G",1,"0-0",0.0,"0-0",0.0,"0-0",0.0,0,0,0,0,0,0,0,0,0,0,0.0,0.0,0.0,0,0,0,0,0,0,0
2020,12112,"Indiana","A. GULBE",10,"F",35,"3-12",25.0,"2-5",40.0,"0-0",0.0,9,2,0,0,1,8,6,3,3,0,11.0,15.42,0.229,3,12,2,5,0,0,1
2020,12112,"Indiana","J. PENN",13,"G",26,"5-14",35.7,"0-3",0.0,"0-1",0.0,4,0,1,0,0,10,2,2,1,0,3.0,26.71,0.385,5,14,0,3,0,1,1
2020,12112,"Indiana","A. PATBERG",14,"G",35,"2-7",28.6,"1-5",20.0,"4-5",80.0,3,4,3,1,0,9,0,3,2,0,8.0,15.68,0.257,2,7,1,5,4,5,1
2020,12112,"Indiana","G. BERGER",34,"G",35,"13-21",61.9,"0-1",0.0,"0-1",0.0,3,7,0,2,1,26,0,3,5,0,30.0,27.56,0.743,13,21,0,1,0,1,1
2020,12112,"Indiana","M. HOLMES",54,"F",31,"8-16",50.0,"0-0",0.0,"2-2",100.0,11,0,0,1,2,18,7,4,1,0,24.0,24.49,0.581,8,16,0,0,2,2,1
2020,12112,"Indiana","K. WARTHEN",2,"G",3,"0-1",0.0,"0-0",0.0,"0-0",0.0,1,0,0,1,0,0,0,1,1,0,1.0,0.0,0.0,0,1,0,0,0,0,0
2020,12112,"Indiana","G. WAGGONER",3,"G",4,"0-0",0.0,"0-0",0.0,"0-0",0.0,1,0,0,0,0,0,0,1,1,0,1.0,0.0,0.0,0,0,0,0,0,0,0
2020,12112,"Indiana","N. CARDANO-HILLARY",4,"G",20,"4-6",66.7,"1-3",33.3,"0-0",0.0,3,0,2,0,0,9,0,3,3,0,8.0,17.99,0.45,4,6,1,3,0,0,0
2020,12112,"Indiana","C. MOORE-MCNEIL",22,"G",0,"0-0",0.0,"0-0",0.0,"0-0",0.0,0,0,0,0,0,0,0,0,0,0,0.0,0.0,0.0,0,0,0,0,0,0,0
2020,12112,"Indiana","K. BROWNE",23,"F",9,"0-0",0.0,"0-0",0.0,"0-0",0.0,1,0,0,0,0,0,0,1,0,0,1.0,0.0,0.0,0,0,0,0,0,0,0
2020,12112,"Indiana","D. PATTERSON",33,"F",2,"0-1",0.0,"0-0",0.0,"0-0",0.0,0,0,0,0,0,0,0,0,1,0,-1.0,0.0,0.0,0,1,0,0,0,0,0
2020,12113,"Michigan St.","T. OZMENT",1,"G",21,"3-11",27.3,"1-3",33.3,"0-0",0.0,3,6,1,0,0,7,2,1,3,0,7.0,24.03,0.333,3,11,1,3,0,0,1
2020,12113,"Michigan St.","A. WINSTON",3,"G",29,"5-12",41.7,"1-4",25.0,"0-0",0.0,2,4,2,0,0,11,1,1,2,0,8.0,20.3,0.379,5,12,1,4,0,0,1
2020,12113,"Michigan St.","T. PARKS",14,"F",11,"3-5",60.0,"0-0",0.0,"0-0",0.0,8,0,0,0,1,6,4,4,5,0,13.0,19.11,0.545,3,5,0,0,0,0,1
2020,12113,"Michigan St.","N. CLOUDEN",24,"G",37,"12-20",60.0,"3-7",42.9,"5-8",62.5,3,5,1,2,0,32,0,3,3,0,30.0,27.87,0.865,12,20,3,7,5,8,1
2020,12113,"Michigan St.","J. AYRAULT",40,"G",23,"5-10",50.0,"4-7",57.1,"3-4",75.0,3,1,0,0,2,17,0,3,3,0,17.0,21.5,0.739,5,10,4,7,3,4,1
2020,12113,"Michigan St.","M. COOK",2,"F",23,"4-9",44.4,"1-4",25.0,"1-2",50.0,3,2,0,2,0,10,2,1,4,0,11.0,18.06,0.435,4,9,1,4,1,2,0
2020,12113,"Michigan St.","A. SMITH",4,"F",19,"1-4",25.0,"0-0",0.0,"0-0",0.0,11,1,2,0,1,2,4,7,2,0,10.0,13.28,0.105,1,4,0,0,0,0,0
2020,12113,"Michigan St.","M. JOINER",22,"G",14,"0-3",0.0,"0-1",0.0,"0-0",0.0,0,2,3,0,0,0,0,0,2,0,-4.0,18.02,0.0,0,3,0,1,0,0,0
2020,12113,"Michigan St.","J. CROOMS",23,"G",16,"0-2",0.0,"0-1",0.0,"0-0",0.0,2,2,2,1,1,0,0,2,2,0,2.0,10.51,0.0,0,2,0,1,0,0,0
2020,12113,"Michigan St.","K. BOSTIC",44,"F",7,"1-1",100.0,"0-0",0.0,"0-0",0.0,1,0,0,0,0,2,0,1,1,0,3.0,0.0,0.0,1,1,0,0,0,0,0
2020,12113,"Maryland","D. MILLER",1,"G",36,"3-11",27.3,"0-2",0.0,"8-9",88.9,6,3,3,1,1,14,3,3,2,0,13.0,21.77,0.389,3,11,0,2,8,9,1
2020,12113,"Maryland","M. COLLINS",2,"F",28,"6-10",60.0,"1-1",100.0,"0-2",0.0,9,2,1,0,2,13,1,8,3,0,19.0,18.51,0.464,6,10,1,1,0,2,1
2020,12113,"Maryland","K. BENZAN",11,"G",39,"5-12",41.7,"3-8",37.5,"6-6",100.0,6,3,1,1,0,19,4,2,4,0,21.0,17.5,0.487,5,12,3,8,6,6,1
2020,12113,"Maryland","A. OWUSU",15,"G",38,"5-16",31.3,"0-1",0.0,"10-12",83.3,10,6,4,1,0,20,2,8,3,0,20.0,29.02,0.526,5,16,0,1,10,12,1
2020,12113,"Maryland","C. BIBBY",55,"F",39,"5-12",41.7,"1-5",20.0,"9-9",100.0,5,2,0,2,3,20,2,3,3,0,25.0,17.85,0.513,5,12,1,5,9,9,1
2020,12113,"Maryland","C. LEWIS",3,"G",4,"1-1",100.0,"1-1",100.0,"0-0",0.0,0,2,0,0,0,3,0,0,0,0,5.0,0.0,0.0,1,1,1,1,0,0,0
2020,12113,"Maryland","A. STYLES",5,"F",1,"0-0",0.0,"0-0",0.0,"0-0",0.0,0,0,0,0,0,0,0,0,0,0,0.0,0.0,0.0,0,0,0,0,0,0,0
2020,12113,"Maryland","F. MASONIUS",13,"F",15,"2-3",66.7,"0-0",0.0,"0-0",0.0,3,1,1,0,0,4,2,1,4,0,6.0,11.63,0.267,2,3,0,0,0,0,0
2020,12114,"Maryland","D. MILLER",1,"G",21,"7-13",53.8,"2-4",50.0,"0-0",0.0,8,2,0,0,0,16,4,4,2,0,20.0,27.85,0.762,7,13,2,4,0,0,1
2020,12114,"Maryland","M. COLLINS",2,"F",24,"4-14",28.6,"0-1",0.0,"0-0",0.0,7,2,3,3,0,8,2,5,3,0,7.0,31.86,0.333,4,14,0,1,0,0,1
2020,12114,"Maryland","K. BENZAN",11,"G",35,"4-9",44.4,"3-6",50.0,"0-0",0.0,5,3,0,1,0,11,0,5,1,0,15.0,11.57,0.314,4,9,3,6,0,0,1
2020,12114,"Maryland","A. OWUSU",15,"G",29,"9-13",69.2,"0-1",0.0,"1-1",100.0,3,9,2,3,1,19,0,3,1,0,29.0,23.95,0.655,9,13,0,1,1,1,1
2020,12114,"Maryland","C. BIBBY",55,"F",27,"3-10",30.0,"1-5",20.0,"4-4",100.0,5,1,2,0,0,11,2,3,1,0,8.0,22.92,0.407,3,10,1,5,4,4,1
2020,12114,"Maryland","A. STYLES",5,"F",20,"3-5",60.0,"0-0",0.0,"0-0",0.0,4,0,1,1,1,6,2,2,3,0,9.0,13.49,0.3,3,5,0,0,0,0,0
2020,12114,"Maryland","Z. YOUNG",12,"G",8,"0-2",0.0,"0-2",0.0,"2-2",100.0,1,0,0,0,0,2,1,0,0,0,1.0,0.0,0.0,0,2,0,2,2,2,0
2020,12114,"Maryland","F. MASONIUS",13,"F",24,"3-7",42.9,"0-0",0.0,"0-0",0.0,10,3,0,2,0,6,4,6,3,0,17.0,13.12,0.25,3,7,0,0,0,0,0
2020,12114,"Maryland","T. KOZLOVA",14,"G",12,"1-4",25.0,"0-3",0.0,"2-2",100.0,2,0,0,0,0,4,1,1,0,0,3.0,18.29,0.333,1,4,0,3,2,2,0
2020,12114,"Purdue","B. MOORE",0,"G",10,"0-3",0.0,"0-2",0.0,"0-0",0.0,0,0,0,0,0,0,0,0,1,0,-3.0,0.0,0.0,0,3,0,2,0,0,1
2020,12114,"Purdue","K. TRAYLOR",23,"G",33,"3-14",21.4,"1-3",33.3,"5-6",83.3,5,3,4,0,0,12,2,3,3,0,4.0,31.19,0.364,3,14,1,3,5,6,1
2020,12114,"Purdue","T. FARQUHAR",25,"G",30,"1-7",14.3,"0-1",0.0,"1-2",50.0,4,0,1,4,0,3,1,3,1,0,3.0,14.76,0.1,1,7,0,1,1,2,1
2020,12114,"Purdue","M. LAYDEN",33,"G",21,"3-5",60.0,"2-4",50.0,"0-0",0.0,0,0,2,1,0,8,0,0,1,0,5.0,16.62,0.381,3,5,2,4,0,0,1
2020,12114,"Purdue","F. DIAGNE",45,"C",16,"1-4",25.0,"0-0",0.0,"1-2",50.0,4,0,1,0,1,3,1,3,0,0,3.0,18.33,0.188,1,4,0,0,1,2,1
2020,12114,"Purdue","K. MCLAUGHLIN",1,"G",21,"2-8",25.0,"2-8",25.0,"2-2",100.0,2,0,0,0,0,8,1,1,0,0,4.0,21.09,0.381,2,8,2,8,2,2,0
2020,12114,"Purdue","R. DOUMBIA",4,"G",16,"1-1",100.0,"0-0",0.0,"3-3",100.0,4,2,2,0,0,5,1,3,1,0,9.0,13.47,0.313,1,1,0,0,3,3,0
2020,12114,"Purdue","C. HARDIN",5,"G",15,"1-5",20.0,"1-4",25.0,"0-0",0.0,1,0,1,0,0,3,0,1,2,0,-1.0,19.95,0.2,1,5,1,4,0,0,0
2020,12114,"Purdue","A. STALLINGS",13,"G",3,"0-0",0.0,"0-0",0.0,"0-0",0.0,0,0,0,0,0,0,0,0,1,0,0.0,0.0,0.0,0,0,0,0,0,0,0
2020,12114,"Purdue","J. GRANT",22,"F",11,"0-4",0.0,"0-2",0.0,"0-2",0.0,4,0,2,0,0,0,4,0,1,0,-4.0,31.19,0.0,0,4,0,2,0,2,0
2020,12114,"Purdue","R. KYLE",24,"C",16,"1-2",50.0,"0-0",0.0,"2-4",50.0,6,0,4,0,0,4,3,3,2,0,3.0,24.19,0.25,1,2,0,0,2,4,0
2020,12114,"Purdue","N. GONY",30,"F",4,"0-0",0.0,"0-0",0.0,"0-0",0.0,2,0,0,0,0,0,0,2,0,0,2.0,0.0,0.0,0,0,0,0,0,0,0
2020,12114,"Purdue","R. WOLTMAN",35,"F",4,"0-1",0.0,"0-0",0.0,"0-0",0.0,0,0,0,0,0,0,0,0,0,0,-1.0,0.0,0.0,0,1,0,0,0,0,0
2020,12115,"Minnesota","J. POWELL",4,"G",36,"8-17",47.1,"4-8",50.0,"2-2",100.0,7,8,3,1,0,22,1,6,2,0,26.0,29.32,0.611,8,17,4,8,2,2,1
2020,12115,"Minnesota","S. SCALIA",14,"G",36,"4-11",36.4,"2-8",25.0,"4-4",100.0,2,3,4,1,0,14,0,2,1,0,9.0,23.53,0.389,4,11,2,8,4,4,1
2020,12115,"Minnesota","K. SCONIERS",25,"C",26,"4-5",80.0,"0-0",0.0,"5-5",100.0,7,1,0,0,1,13,2,5,0,0,21.0,14.0,0.5,4,5,0,0,5,5,1
2020,12115,"Minnesota","K. SISSOKO",30,"F",20,"3-10",30.0,"0-0",0.0,"2-3",66.7,3,0,1,0,0,8,1,2,4,0,2.0,31.14,0.4,3,10,0,0,2,3,1
2020,12115,"Minnesota","G. HUBBARD",34,"G",28,"2-6",33.3,"0-3",0.0,"0-0",0.0,3,1,3,0,0,4,0,3,2,0,1.0,16.25,0.143,2,6,0,3,0,0,1
2020,12115,"Minnesota","A. SMITH",1,"G",15,"2-2",100.0,"0-0",0.0,"0-0",0.0,0,0,2,0,0,4,0,0,2,0,2.0,13.48,0.267,2,2,0,0,0,0,0
2020,12115,"Minnesota","L. BAGWELL KATALINICH",12,"F",15,"0-1",0.0,"0-0",0.0,"0-0",0.0,2,1,0,0,0,0,0,2,2,0,2.0,3.37,0.0,0,1,0,0,0,0,0
2020,12115,"Minnesota","K. MERSHON",15,"F",16,"0-1",0.0,"0-0",0.0,"0-0",0.0,4,0,1,0,1,0,1,3,1,0,3.0,6.32,0.0,0,1,0,0,0,0,0
2020,12115,"Minnesota","C. STRANDE",21,"G",1,"0-0",0.0,"0-0",0.0,"0-0",0.0,0,0,0,0,0,0,0,0,0,0,0.0,0.0,0.0,0,0,0,0,0,0,0
2020,12115,"Minnesota","K. BOROWICZ",23,"G",4,"3-4",75.0,"2-2",100.0,"0-0",0.0,0,1,0,1,0,8,0,0,1,0,9.0,0.0,0.0,3,4,2,2,0,0,0
2020,12115,"Minnesota","G. CUMMING",43,"F",3,"0-0",0.0,"0-0",0.0,"0-0",0.0,1,0,0,0,0,0,0,1,1,0,1.0,0.0,0.0,0,0,0,0,0,0,0
2020,12115,"Maryland","D. MILLER",1,"G",29,"9-15",60.0,"2-4",50.0,"3-4",75.0,6,4,3,2,2,23,1,5,2,0,27.0,31.62,0.793,9,15,2,4,3,4,1
2020,12115,"Maryland","M. COLLINS",2,"F",22,"1-5",20.0,"0-1",0.0,"0-0",0.0,4,2,0,0,0,2,0,4,0,0,4.0,10.55,0.091,1,5,0,1,0,0,1
2020,12115,"Maryland","K. BENZAN",11,"G",32,"6-10",60.0,"6-10",60.0,"2-2",100.0,2,1,1,2,0,20,0,2,2,0,20.0,17.23,0.625,6,10,6,10,2,2,1
2020,12115,"Maryland","A. OWUSU",15,"G",33,"5-15",33.3,"1-4",25.0,"0-2",0.0,5,8,0,0,2,11,1,4,3,0,14.0,22.33,0.333,5,15,1,4,0,2,1
2020,12115,"Maryland","C. BIBBY",55,"F",32,"7-13",53.8,"2-5",40.0,"6-7",85.7,9,3,0,2,1,22,6,3,1,0,30.0,23.32,0.688,7,13,2,5,6,7,1
2020,12115,"Maryland","A. STYLES",5,"F",16,"2-7",28.6,"0-0",0.0,"2-2",100.0,3,2,0,0,1,6,1,2,3,0,7.0,22.85,0.375,2,7,0,0,2,2,0
2020,12115,"Maryland","Z. YOUNG",12,"G",6,"0-0",0.0,"0-0",0.0,"0-0",0.0,0,0,0,0,0,0,0,0,0,0,0.0,0.0,0.0,0,0,0,0,0,0,0
2020,12115,"Maryland","F. MASONIUS",13,"F",21,"1-3",33.3,"0-0",0.0,"4-4",100.0,5,2,2,1,0,6,2,3,2,0,10.0,14.94,0.286,1,3,0,0,4,4,0
2020,12115,"Maryland","T. KOZLOVA",14,"G",9,"0-1",0.0,"0-1",0.0,"0-0",0.0,1,0,2,0,0,0,0,1,0,0,-2.0,0.0,0.0,0,1,0,1,0,0,0
2020,12116,"Wisconsin","E. MOSCHKAU",1,"G",31,"3-11",27.3,"2-9",22.2,"0-0",0.0,4,3,4,0,0,8,1,3,2,0,3.0,25.57,0.258,3,11,2,9,0,0,0
2020,12116,"Wisconsin","J. POSPISILOVA",5,"G",38,"7-11",63.6,"4-6",66.7,"0-0",0.0,0,5,3,1,2,18,0,0,4,0,19.0,19.47,0.474,7,11,4,6,0,0,0
2020,12116,"Wisconsin","S. HILLIARD",30,"G",37,"8-19",42.1,"0-1",0.0,"3-3",100.0,6,4,1,3,0,19,4,2,2,0,20.0,30.45,0.514,8,19,0,1,3,3,0
2020,12116,"Wisconsin","I. LEWIS",34,"F",37,"5-10",50.0,"0-0",0.0,"7-8",87.5,14,2,1,0,1,17,3,11,3,0,27.0,20.74,0.459,5,10,0,0,7,8,0
2020,12116,"Wisconsin","S. STAPLETON",41,"F",14,"1-2",50.0,"0-0",0.0,"2-2",100.0,1,1,0,0,0,4,0,1,4,0,5.0,10.87,0.286,1,2,0,0,2,2,0
2020,12116,"Wisconsin","B. SCHRAMEK",3,"G",6,"0-1",0.0,"0-0",0.0,"0-0",0.0,0,0,0,0,0,0,0,0,3,0,-1.0,0.0,0.0,0,1,0,0,0,0,0
2020,12116,"Wisconsin","H. DOUGLASS",10,"G",7,"0-0",0.0,"0-0",0.0,"0-0",0.0,0,0,1,0,1,0,0,0,0,0,0.0,0.0,0.0,0,0,0,0,0,0,0
2020,12116,"Wisconsin","K. THOMPSON",32,"F",9,"1-2",50.0,"0-0",0.0,"0-0",0.0,1,1,1,1,0,2,1,0,2,0,3.0,0.0,0.0,1,2,0,0,0,0,0
2020,12116,"Wisconsin","T. STAUFFACHER",40,"F",21,"1-3",33.3,"0-2",0.0,"0-0",0.0,0,0,0,0,0,2,0,0,0,0,0.0,7.55,0.095,1,3,0,2,0,0,0
2020,12116,"Maryland","D. MILLER",1,"G",29,"6-11",54.5,"1-4",25.0,"4-4",100.0,5,0,3,1,0,17,2,3,2,0,15.0,24.71,0.586,6,11,1,4,4,4,0
2020,12116,"Maryland","M. COLLINS",2,"F",34,"5-12",41.7,"0-0",0.0,"3-4",75.0,17,1,2,1,0,13,9,8,2,0,22.0,21.08,0.382,5,12,0,0,3,4,0
2020,12116,"Maryland","K. BENZAN",11,"G",31,"3-10",30.0,"2-7",28.6,"4-4",100.0,0,3,1,0,0,12,0,0,2,0,7.0,18.72,0.387,3,10,2,7,4,4,0
2020,12116,"Maryland","A. OWUSU",15,"G",39,"3-13",23.1,"0-1",0.0,"8-9",88.9,6,5,2,1,1,14,2,4,1,0,14.0,22.11,0.359,3,13,0,1,8,9,0
2020,12116,"Maryland","C. BIBBY",55,"F",37,"6-16",37.5,"3-9",33.3,"2-4",50.0,6,5,0,2,0,17,4,2,1,0,18.0,21.83,0.459,6,16,3,9,2,4,0
2020,12116,"Maryland","A. STYLES",5,"F",8,"1-1",100.0,"0-0",0.0,"0-0",0.0,0,0,0,0,0,2,0,0,2,0,2.0,0.0,0.0,1,1,0,0,0,0,0
2020,12116,"Maryland","F. MASONIUS",13,"F",22,"2-5",40.0,"0-0",0.0,"0-0",0.0,4,1,1,1,0,4,2,2,1,0,6.0,12.4,0.182,2,5,0,0,0,0,0
2020,12117,"Maryland","D. MILLER",1,"G",33,"10-15",66.7,"4-5",80.0,"3-3",100.0,3,4,2,1,0,27,1,2,0,0,28.0,26.03,0.818,10,15,4,5,3,3,1
2020,12117,"Maryland","M. COLLINS",2,"F",20,"1-5",20.0,"0-0",0.0,"1-2",50.0,4,1,3,1,0,3,2,2,3,0,1.0,20.81,0.15,1,5,0,0,1,2,1
2020,12117,"Maryland","K. BENZAN",11,"G",32,"10-11",90.9,"9-10",90.0,"0-0",0.0,4,1,1,1,0,29,1,3,4,0,33.0,17.58,0.906,10,11,9,10,0,0,1
2020,12117,"Maryland","A. OWUSU",15,"G",37,"10-15",66.7,"1-1",100.0,"3-4",75.0,3,12,3,1,0,24,0,3,2,0,31.0,25.04,0.649,10,15,1,1,3,4,1
2020,12117,"Maryland","C. BIBBY",55,"F",36,"5-12",41.7,"1-6",16.7,"3-4",75.0,6,4,0,0,0,14,4,2,0,0,16.0,17.92,0.389,5,12,1,6,3,4,1
2020,12117,"Maryland","A. STYLES",5,"F",20,"2-5",40.0,"0-0",0.0,"0-0",0.0,3,1,0,2,0,4,1,2,2,0,7.0,11.72,0.2,2,5,0,0,0,0,0
2020,12117,"Maryland","A. REESE",10,"F",11,"2-2",100.0,"0-0",0.0,"4-6",66.7,3,1,0,0,1,8,1,2,2,0,11.0,19.77,0.727,2,2,0,0,4,6,0
2020,12117,"Maryland","Z. YOUNG",12,"G",1,"0-0",0.0,"0-0",0.0,"0-0",0.0,0,0,0,0,0,0,0,0,0,0,0.0,0.0,0.0,0,0,0,0,0,0,0
2020,12117,"Maryland","F. MASONIUS",13,"F",8,"1-2",50.0,"0-0",0.0,"0-0",0.0,1,0,0,1,0,2,0,1,1,0,3.0,0.0,0.0,1,2,0,0,0,0,0
2020,12117,"Maryland","T. KOZLOVA",14,"G",2,"0-0",0.0,"0-0",0.0,"0-0",0.0,0,0,1,0,0,0,0,0,0,0,-1.0,0.0,0.0,0,0,0,0,0,0,0
2020,12117,"Iowa","M. WARNOCK",14,"F",33,"6-12",50.0,"3-6",50.0,"1-2",50.0,3,3,3,0,0,16,2,1,2,0,12.0,23.34,0.485,6,12,3,6,1,2,1
2020,12117,"Iowa","K. MARTIN",20,"G",35,"3-8",37.5,"0-3",0.0,"0-0",0.0,2,4,2,1,0,6,0,2,1,0,6.0,13.86,0.171,3,8,0,3,0,0,1
2020,12117,"Iowa","C. CLARK",22,"G",32,"11-20",55.0,"9-16",56.3,"3-3",100.0,3,7,6,1,0,34,0,3,2,0,30.0,41.4,1.063,11,20,9,16,3,3,1
2020,12117,"Iowa","G. MARSHALL",24,"G",26,"3-8",37.5,"2-4",50.0,"0-0",0.0,2,2,1,2,0,8,0,2,2,0,8.0,16.79,0.308,3,8,2,4,0,0,1
2020,12117,"Iowa","M. CZINANO",25,"C",28,"8-8",100.0,"0-0",0.0,"1-1",100.0,5,1,2,1,0,17,2,3,4,0,22.0,18.08,0.607,8,8,0,0,1,1,1
2020,12117,"Iowa","T. TAIWO",1,"G",21,"3-5",60.0,"3-4",75.0,"0-0",0.0,3,3,1,0,0,9,0,3,2,0,12.0,13.86,0.429,3,5,3,4,0,0,0
2020,12117,"Iowa","A. SEVILLIAN",5,"G",1,"0-0",0.0,"0-0",0.0,"0-0",0.0,0,0,0,0,0,0,0,0,0,0,0.0,0.0,0.0,0,0,0,0,0,0,0
2020,12117,"Iowa","M. MEYER",11,"G",5,"0-0",0.0,"0-0",0.0,"0-0",0.0,0,0,0,0,0,0,0,0,1,0,0.0,0.0,0.0,0,0,0,0,0,0,0
2020,12117,"Iowa","L. JENSEN",15,"G",2,"0-1",0.0,"0-0",0.0,"0-0",0.0,0,0,0,0,0,0,0,0,0,0,-1.0,0.0,0.0,0,1,0,0,0,0,0
2020,12117,"Iowa","L. COOK",23,"F",8,"0-0",0.0,"0-0",0.0,"1-2",50.0,2,0,0,1,0,1,2,0,0,0,3.0,0.0,0.0,0,0,0,0,1,2,0
2020,12117,"Iowa","S. GOODMAN",40,"C",9,"1-1",100.0,"0-0",0.0,"0-0",0.0,1,0,0,1,0,2,0,1,1,0,4.0,0.0,0.0,1,1,0,0,0,0,0
2020,12118,"Ohio St.","M. GREENE",0,"G",38,"9-15",60.0,"1-2",50.0,"5-5",100.0,4,7,6,5,0,24,4,0,3,0,28.0,25.5,0.632,9,15,1,2,5,5,1
2020,12118,"Ohio St.","J. SHELDON",4,"G",31,"8-16",50.0,"2-4",50.0,"3-4",75.0,2,1,4,0,0,21,0,2,1,0,11.0,29.32,0.677,8,16,2,4,3,4,1
2020,12118,"Ohio St.","B. MILLER",10,"G",35,"6-14",42.9,"3-4",75.0,"3-3",100.0,2,2,1,3,0,18,1,1,2,0,16.0,19.48,0.514,6,14,3,4,3,3,1
2020,12118,"Ohio St.","D. JUHASZ",14,"F",37,"2-8",25.0,"0-1",0.0,"2-4",50.0,16,1,0,1,0,6,6,10,3,0,16.0,11.02,0.162,2,8,0,1,2,4,1
2020,12118,"Ohio St.","T. BEACHAM",35,"F",24,"2-4",50.0,"0-0",0.0,"2-2",100.0,8,2,1,1,1,6,3,5,0,0,15.0,10.23,0.25,2,4,0,0,2,2,1
2020,12118,"Ohio St.","R. HARRIS",1,"G",3,"1-2",50.0,"1-2",50.0,"0-0",0.0,0,0,0,0,0,3,0,0,0,0,2.0,0.0,0.0,1,2,1,2,0,0,0
2020,12118,"Ohio St.","G. HUTCHERSON",2,"F",3,"1-1",100.0,"0-0",0.0,"0-0",0.0,0,0,0,0,0,2,0,0,1,0,2.0,0.0,0.0,1,1,0,0,0,0,0
2020,12118,"Ohio St.","K. POOLE",5,"G",12,"1-7",14.3,"0-1",0.0,"2-2",100.0,1,0,1,1,0,4,0,1,2,1,-1.0,30.91,0.333,1,7,0,1,2,2,0
2020,12118,"Ohio St.","R. MIKULASIKOVA",23,"F",17,"2-3",66.7,"0-1",0.0,"0-0",0.0,5,0,3,0,0,4,0,5,4,0,5.0,14.74,0.235,2,3,0,1,0,0,0
2020,12118,"Maryland","D. MILLER",1,"G",34,"4-9",44.4,"0-2",0.0,"2-4",50.0,5,0,2,2,2,10,2,3,1,0,10.0,15.77,0.294,4,9,0,2,2,4,1
2020,12118,"Maryland","M. COLLINS",2,"F",16,"0-2",0.0,"0-0",0.0,"0-0",0.0,0,1,3,0,0,0,0,0,3,0,-4.0,13.13,0.0,0,2,0,0,0,0,1
2020,12118,"Maryland","K. BENZAN",11,"G",40,"7-13",53.8,"7-12",58.3,"1-2",50.0,7,3,2,1,0,22,0,7,3,0,24.0,16.68,0.55,7,13,7,12,1,2,1
2020,12118,"Maryland","A. OWUSU",15,"G",40,"11-24",45.8,"1-4",25.0,"10-12",83.3,6,9,6,3,0,33,2,4,0,0,30.0,37.06,0.825,11,24,1,4,10,12,1
2020,12118,"Maryland","C. BIBBY",55,"F",39,"4-14",28.6,"2-8",25.0,"3-3",100.0,5,0,2,0,0,13,2,3,3,0,6.0,18.66,0.333,4,14,2,8,3,3,1
2020,12118,"Maryland","A. STYLES",5,"F",25,"4-6",66.7,"0-0",0.0,"0-0",0.0,7,0,1,2,0,8,3,4,5,0,14.0,11.76,0.32,4,6,0,0,0,0,0
2020,12118,"Maryland","F. MASONIUS",13,"F",6,"0-2",0.0,"0-0",0.0,"0-0",0.0,4,1,0,0,0,0,2,2,2,0,3.0,0.0,0.0,0,2,0,0,0,0,0
2020,12120,"Maryland","D. MILLER",1,"G",28,"3-11",27.3,"0-2",0.0,"5-7",71.4,5,4,6,3,2,11,1,4,1,0,9.0,32.93,0.393,3,11,0,2,5,7,1
2020,12120,"Maryland","M. COLLINS",2,"F",22,"7-9",77.8,"0-1",0.0,"0-0",0.0,3,1,1,2,0,14,1,2,3,0,17.0,20.87,0.636,7,9,0,1,0,0,1
2020,12120,"Maryland","K. BENZAN",11,"G",35,"6-8",75.0,"6-7",85.7,"0-0",0.0,2,5,1,3,0,18,0,2,1,0,25.0,11.81,0.514,6,8,6,7,0,0,1
2020,12120,"Maryland","A. OWUSU",15,"G",28,"8-16",50.0,"1-3",33.3,"0-1",0.0,2,5,3,1,0,17,1,1,1,0,13.0,31.88,0.607,8,16,1,3,0,1,1
2020,12120,"Maryland","C. BIBBY",55,"F",26,"4-9",44.4,"1-6",16.7,"5-6",83.3,6,1,0,2,0,14,0,6,3,0,17.0,20.55,0.538,4,9,1,6,5,6,1
2020,12120,"Maryland","A. STYLES",5,"F",22,"0-3",0.0,"0-0",0.0,"0-0",0.0,6,1,3,2,0,0,3,3,2,0,3.0,12.52,0.0,0,3,0,0,0,0,0
2020,12120,"Maryland","F. MASONIUS",13,"F",27,"5-6",83.3,"0-0",0.0,"0-0",0.0,11,2,3,2,1,10,7,4,2,0,22.0,15.3,0.37,5,6,0,0,0,0,0
2020,12120,"Maryland","T. KOZLOVA",14,"G",12,"0-2",0.0,"0-1",0.0,"0-0",0.0,1,0,0,0,0,0,0,1,1,0,-1.0,7.65,0.0,0,2,0,1,0,0,0
2020,12120,"Wisconsin","E. MOSCHKAU",1,"G",25,"1-4",25.0,"1-3",33.3,"1-2",50.0,3,0,3,2,0,4,0,3,1,0,2.0,16.2,0.16,1,4,1,3,1,2,1
2020,12120,"Wisconsin","J. POSPISILOVA",5,"G",29,"2-6",33.3,"0-2",0.0,"0-0",0.0,2,7,6,0,0,4,0,2,3,0,3.0,21.27,0.138,2,6,0,2,0,0,1
2020,12120,"Wisconsin","S. HILLIARD",30,"G",31,"9-14",64.3,"1-1",100.0,"1-2",50.0,4,1,5,2,0,20,1,3,1,0,16.0,32.97,0.645,9,14,1,1,1,2,1
2020,12120,"Wisconsin","I. LEWIS",34,"F",32,"5-10",50.0,"0-0",0.0,"3-4",75.0,4,1,4,0,0,13,2,2,0,0,8.0,25.32,0.406,5,10,0,0,3,4,1
2020,12120,"Wisconsin","S. STAPLETON",41,"F",18,"2-4",50.0,"0-0",0.0,"1-1",100.0,1,0,1,1,1,5,1,0,0,0,5.0,15.54,0.278,2,4,0,0,1,1,1
2020,12120,"Wisconsin","B. SCHRAMEK",3,"G",13,"0-4",0.0,"0-2",0.0,"0-0",0.0,1,0,1,0,0,0,0,1,2,0,-4.0,19.77,0.0,0,4,0,2,0,0,0
2020,12120,"Wisconsin","H. DOUGLASS",10,"G",18,"0-1",0.0,"0-0",0.0,"0-0",0.0,1,2,3,0,1,0,0,1,0,0,0.0,11.42,0.0,0,1,0,0,0,0,0
2020,12120,"Wisconsin","L. DJURSTROM",22,"F",1,"0-0",0.0,"0-0",0.0,"0-2",0.0,1,0,0,0,0,0,0,1,0,0,-1.0,0.0,0.0,0,0,0,0,0,2,0
2020,12120,"Wisconsin","N. LEUZINGER",24,"G",1,"0-1",0.0,"0-0",0.0,"0-0",0.0,0,0,0,0,0,0,0,0,0,0,-1.0,0.0,0.0,0,1,0,0,0,0,0
2020,12120,"Wisconsin","K. THOMPSON",32,"F",9,"1-3",33.3,"0-0",0.0,"0-0",0.0,3,0,1,0,0,2,2,1,1,0,2.0,0.0,0.0,1,3,0,0,0,0,0
2020,12120,"Wisconsin","T. STAUFFACHER",40,"F",16,"0-1",0.0,"0-1",0.0,"0-0",0.0,2,1,1,0,0,0,0,2,1,0,1.0,6.43,0.0,0,1,0,1,0,0,0
2020,12120,"Wisconsin","A. LUEHRING",44,"G",7,"0-0",0.0,"0-0",0.0,"0-0",0.0,0,0,0,0,0,0,0,0,0,0,0.0,0.0,0.0,0,0,0,0,0,0,0
2020,12121,"Michigan","N. HILLMON",0,"F",37,"5-8",62.5,"0-0",0.0,"9-11",81.8,11,1,2,0,0,19,3,8,4,0,24.0,19.86,0.514,5,8,0,0,9,11,1
2020,12121,"Michigan","A. DILK",1,"G",27,"1-4",25.0,"0-2",0.0,"0-0",0.0,1,2,5,0,0,2,0,1,3,0,-3.0,16.51,0.074,1,4,0,2,0,0,1
2020,12121,"Michigan","A. JOHNSON",14,"G",35,"5-9",55.6,"1-4",25.0,"0-0",0.0,3,3,3,1,0,11,1,2,3,0,11.0,16.98,0.314,5,9,1,4,0,0,1
2020,12121,"Michigan","H. BROWN",15,"F",29,"3-9",33.3,"2-6",33.3,"0-0",0.0,3,2,4,0,1,8,0,3,2,0,4.0,22.2,0.276,3,9,2,6,0,0,1
2020,12121,"Michigan","L. BROWN",32,"G",31,"5-13",38.5,"0-2",0.0,"4-6",66.7,6,1,1,0,2,14,2,4,1,0,12.0,26.58,0.452,5,13,0,2,4,6,1
2020,12121,"Michigan","M. NOLAN",3,"G",16,"2-4",50.0,"0-1",0.0,"1-1",100.0,1,1,0,2,0,5,1,0,3,0,7.0,13.74,0.313,2,4,0,1,1,1,0
2020,12121,"Michigan","D. RAUCH",23,"G",3,"0-0",0.0,"0-0",0.0,"0-0",0.0,0,0,1,0,0,0,0,0,0,0,-1.0,0.0,0.0,0,0,0,0,0,0,0
2020,12121,"Michigan","M. SIDOR",24,"G",8,"0-1",0.0,"0-1",0.0,"0-0",0.0,0,0,0,0,0,0,0,0,0,0,-1.0,0.0,0.0,0,1,0,1,0,0,0
2020,12121,"Michigan","W. SOLLOM",25,"F",3,"0-0",0.0,"0-0",0.0,"0-0",0.0,0,0,0,0,0,0,0,0,1,0,0.0,0.0,0.0,0,0,0,0,0,0,0
2020,12121,"Michigan","E. KISER",33,"F",10,"1-2",50.0,"0-0",0.0,"0-2",0.0,2,1,2,0,0,2,0,2,2,0,0.0,0.0,0.0,1,2,0,0,0,2,0
2020,12121,"Michigan","C. WILLIAMS",44,"F",1,"1-1",100.0,"0-0",0.0,"0-0",0.0,0,0,0,0,0,2,0,0,1,0,2.0,0.0,0.0,1,1,0,0,0,0,0
2020,12121,"Maryland","D. MILLER",1,"G",25,"5-9",55.6,"1-1",100.0,"6-10",60.0,9,2,2,2,1,17,2,7,4,0,21.0,31.12,0.68,5,9,1,1,6,10,1
2020,12121,"Maryland","M. COLLINS",2,"F",24,"4-5",80.0,"2-2",100.0,"0-0",0.0,1,1,0,0,0,10,1,0,0,0,11.0,10.53,0.417,4,5,2,2,0,0,1
2020,12121,"Maryland","K. BENZAN",11,"G",31,"2-7",28.6,"2-5",40.0,"0-0",0.0,0,3,0,3,0,6,0,0,1,0,7.0,11.41,0.194,2,7,2,5,0,0,1
2020,12121,"Maryland","A. OWUSU",15,"G",25,"8-15",53.3,"0-0",0.0,"6-6",100.0,5,3,5,1,0,22,3,2,1,0,19.0,45.76,0.88,8,15,0,0,6,6,1
2020,12121,"Maryland","C. BIBBY",55,"F",23,"2-3",66.7,"2-2",100.0,"0-0",0.0,1,2,1,1,0,6,0,1,4,0,8.0,8.79,0.261,2,3,2,2,0,0,1
2020,12121,"Maryland","A. STYLES",5,"F",21,"3-4",75.0,"0-0",0.0,"1-2",50.0,3,0,0,2,0,7,0,3,2,0,10.0,11.74,0.333,3,4,0,0,1,2,0
2020,12121,"Maryland","A. REESE",10,"F",15,"1-4",25.0,"0-0",0.0,"4-8",50.0,7,0,2,0,2,6,1,6,3,0,6.0,32.07,0.4,1,4,0,0,4,8,0
2020,12121,"Maryland","Z. YOUNG",12,"G",5,"1-1",100.0,"0-0",0.0,"0-0",0.0,0,0,0,0,0,2,0,0,0,0,2.0,0.0,0.0,1,1,0,0,0,0,0
2020,12121,"Maryland","F. MASONIUS",13,"F",24,"4-6",66.7,"0-0",0.0,"4-4",100.0,2,3,1,0,0,12,1,1,1,0,14.0,18.44,0.5,4,6,0,0,4,4,0
2020,12121,"Maryland","T. KOZLOVA",14,"G",7,"0-1",0.0,"0-0",0.0,"0-0",0.0,0,0,0,0,0,0,0,0,0,0,-1.0,0.0,0.0,0,1,0,0,0,0,0
2020,12122,"Maryland","D. MILLER",1,"G",23,"7-12",58.3,"4-6",66.7,"2-2",100.0,10,2,2,2,0,20,2,8,3,0,27.0,30.2,0.87,7,12,4,6,2,2,1
2020,12122,"Maryland","M. COLLINS",2,"F",27,"4-7",57.1,"1-1",100.0,"0-0",0.0,9,2,2,0,0,9,3,6,4,0,15.0,15.56,0.333,4,7,1,1,0,0,1
2020,12122,"Maryland","K. BENZAN",11,"G",26,"3-8",37.5,"3-7",42.9,"0-0",0.0,1,5,1,3,1,9,0,1,2,0,13.0,16.16,0.346,3,8,3,7,0,0,1
2020,12122,"Maryland","A. OWUSU",15,"G",26,"7-14",50.0,"0-0",0.0,"6-7",85.7,1,5,3,0,0,20,0,1,3,0,15.0,36.05,0.769,7,14,0,0,6,7,1
2020,12122,"Maryland","C. BIBBY",55,"F",26,"4-9",44.4,"3-7",42.9,"2-2",100.0,4,0,1,2,0,13,3,1,1,0,13.0,19.54,0.5,4,9,3,7,2,2,1
2020,12122,"Maryland","A. STYLES",5,"F",17,"1-2",50.0,"0-0",0.0,"0-0",0.0,2,0,0,4,0,2,1,1,4,0,7.0,5.49,0.118,1,2,0,0,0,0,0
2020,12122,"Maryland","Z. YOUNG",12,"G",9,"0-2",0.0,"0-1",0.0,"0-0",0.0,0,0,2,0,0,0,0,0,0,0,-4.0,0.0,0.0,0,2,0,1,0,0,0
2020,12122,"Maryland","F. MASONIUS",13,"F",28,"5-9",55.6,"1-3",33.3,"2-2",100.0,7,5,1,1,0,13,5,2,2,0,21.0,18.14,0.464,5,9,1,3,2,2,0
2020,12122,"Maryland","T. KOZLOVA",14,"G",18,"2-4",50.0,"2-3",66.7,"0-0",0.0,3,1,0,1,1,6,0,3,3,0,10.0,10.37,0.333,2,4,2,3,0,0,0
2020,12122,"Michigan St.","A. WINSTON",3,"G",20,"1-5",20.0,"1-5",20.0,"0-0",0.0,0,2,3,0,0,3,0,0,1,0,-2.0,20.51,0.15,1,5,1,5,0,0,1
2020,12122,"Michigan St.","A. SMITH",4,"F",18,"1-3",33.3,"0-0",0.0,"1-2",50.0,3,0,2,1,0,3,2,1,4,0,2.0,16.75,0.167,1,3,0,0,1,2,1
2020,12122,"Michigan St.","J. CROOMS",23,"G",27,"3-7",42.9,"1-2",50.0,"0-0",0.0,2,3,4,3,2,7,0,2,2,0,9.0,20.89,0.259,3,7,1,2,0,0,1
2020,12122,"Michigan St.","N. CLOUDEN",24,"G",32,"3-9",33.3,"3-4",75.0,"6-6",100.0,4,0,2,0,0,15,0,4,2,0,11.0,21.86,0.469,3,9,3,4,6,6,1
2020,12122,"Michigan St.","J. AYRAULT",40,"G",22,"1-3",33.3,"0-1",0.0,"2-2",100.0,3,1,1,0,1,4,0,3,2,0,6.0,11.37,0.182,1,3,0,1,2,2,1
2020,12122,"Michigan St.","M. COOK",2,"F",14,"4-6",66.7,"0-0",0.0,"3-4",75.0,1,0,2,1,0,11,0,1,3,0,8.0,35.75,0.786,4,6,0,0,3,4,0
2020,12122,"Michigan St.","T. PARKS",14,"F",15,"1-1",100.0,"0-0",0.0,"0-0",0.0,3,0,2,0,0,2,1,2,1,0,3.0,10.26,0.133,1,1,0,0,0,0,0
2020,12122,"Michigan St.","J. JAMES",20,"G",7,"0-1",0.0,"0-0",0.0,"0-0",0.0,0,0,3,0,0,0,0,0,0,0,-4.0,0.0,0.0,0,1,0,0,0,0,0
2020,12122,"Michigan St.","L. JACQMAIN",21,"G",6,"0-0",0.0,"0-0",0.0,"0-0",0.0,0,0,1,1,0,0,0,0,0,0,0.0,0.0,0.0,0,0,0,0,0,0,0
2020,12122,"Michigan St.","M. JOINER",22,"G",25,"1-10",10.0,"1-5",20.0,"1-2",50.0,6,4,3,0,0,4,3,3,3,0,1.0,28.47,0.16,1,10,1,5,1,2,0
2020,12122,"Michigan St.","K. BOSTIC",44,"F",14,"1-2",50.0,"1-2",50.0,"0-0",0.0,3,0,1,0,0,3,0,3,0,0,4.0,10.99,0.214,1,2,1,2,0,0,0
2020,12123,"Nebraska","A. SCOGGIN",0,"G",21,"0-0",0.0,"0-0",0.0,"0-0",0.0,2,4,3,0,0,0,0,2,1,0,3.0,7.2,0.0,0,0,0,0,0,0,1
2020,12123,"Nebraska","S. HAIBY",4,"G",32,"3-10",30.0,"0-2",0.0,"1-2",50.0,5,6,5,1,0,7,2,3,1,0,6.0,25.01,0.219,3,10,0,2,1,2,1
2020,12123,"Nebraska","R. PORTER",11,"G",32,"8-14",57.1,"3-7",42.9,"0-0",0.0,3,2,0,0,0,19,0,3,2,0,18.0,22.05,0.594,8,14,3,7,0,0,1
2020,12123,"Nebraska","K. CAIN",31,"C",27,"7-10",70.0,"0-0",0.0,"3-3",100.0,3,1,1,1,2,17,0,3,1,0,20.0,23.0,0.63,7,10,0,0,3,3,1
2020,12123,"Nebraska","I. BOURNE",34,"F",26,"8-15",53.3,"0-1",0.0,"1-1",100.0,10,5,0,0,1,17,4,6,2,0,26.0,29.93,0.654,8,15,0,1,1,1,1
2020,12123,"Nebraska","M. CAYTON",5,"G",12,"0-1",0.0,"0-0",0.0,"0-0",0.0,1,0,2,0,0,0,1,0,2,0,-2.0,12.6,0.0,0,1,0,0,0,0,0
2020,12123,"Nebraska","W. BROWN",10,"G",13,"0-4",0.0,"0-3",0.0,"1-2",50.0,1,0,0,0,0,1,0,1,0,0,-3.0,18.92,0.077,0,4,0,3,1,2,0
2020,12123,"Nebraska","B. CRAVENS",14,"F",13,"2-3",66.7,"0-0",0.0,"1-2",50.0,3,1,0,1,0,5,1,2,1,0,8.0,15.04,0.385,2,3,0,0,1,2,0
2020,12123,"Nebraska","A. STEWART",21,"F",14,"2-3",66.7,"1-2",50.0,"0-0",0.0,0,1,0,0,1,5,0,0,1,0,6.0,10.8,0.357,2,3,1,2,0,0,0
2020,12123,"Nebraska","K. COLEY",32,"F",10,"1-3",33.3,"0-2",0.0,"0-0",0.0,1,1,0,0,0,2,0,1,1,0,2.0,0.0,0.0,1,3,0,2,0,0,0
2020,12123,"Maryland","D. MILLER",1,"G",29,"9-12",75.0,"3-5",60.0,"3-5",60.0,2,2,1,0,0,24,0,2,3,0,22.0,25.05,0.828,9,12,3,5,3,5,1
2020,12123,"Maryland","M. COLLINS",2,"F",32,"9-15",60.0,"0-0",0.0,"1-1",100.0,7,2,2,0,0,19,3,4,2,0,20.0,26.05,0.594,9,15,0,0,1,1,1
2020,12123,"Maryland","K. BENZAN",11,"G",31,"1-6",16.7,"0-3",0.0,"0-0",0.0,4,7,2,2,0,2,1,3,1,0,8.0,12.34,0.065,1,6,0,3,0,0,1
2020,12123,"Maryland","A. OWUSU",15,"G",32,"10-15",66.7,"0-1",0.0,"5-7",71.4,7,7,2,3,0,25,4,3,2,0,33.0,29.99,0.781,10,15,0,1,5,7,1
2020,12123,"Maryland","C. BIBBY",55,"F",29,"6-11",54.5,"4-7",57.1,"0-0",0.0,7,1,1,0,1,16,1,6,2,0,19.0,19.78,0.552,6,11,4,7,0,0,1
2020,12123,"Maryland","A. STYLES",5,"F",14,"0-0",0.0,"0-0",0.0,"0-0",0.0,2,0,0,0,0,0,0,2,2,0,2.0,0.0,0.0,0,0,0,0,0,0,0
2020,12123,"Maryland","Z. YOUNG",12,"G",9,"2-2",100.0,"1-1",100.0,"0-0",0.0,1,0,0,0,0,5,1,0,1,0,6.0,0.0,0.0,2,2,1,1,0,0,0
2020,12123,"Maryland","F. MASONIUS",13,"F",19,"2-8",25.0,"0-2",0.0,"0-0",0.0,7,2,0,1,0,4,2,5,1,0,8.0,20.13,0.211,2,8,0,2,0,0,0
2020,12123,"Maryland","T. KOZLOVA",14,"G",5,"0-1",0.0,"0-0",0.0,"0-0",0.0,0,1,0,0,0,0,0,0,0,0,0.0,0.0,0.0,0,1,0,0,0,0,0
2020,12124,"Maryland","D. MILLER",1,"G",28,"3-14",21.4,"0-4",0.0,"5-6",83.3,8,7,1,2,1,11,3,5,4,0,16.0,24.5,0.393,3,14,0,4,5,6,1
2020,12124,"Maryland","M. COLLINS",2,"F",26,"4-10",40.0,"1-2",50.0,"0-0",0.0,8,2,2,4,2,9,3,5,1,0,17.0,17.95,0.346,4,10,1,2,0,0,1
2020,12124,"Maryland","K. BENZAN",11,"G",30,"7-13",53.8,"6-12",50.0,"2-2",100.0,4,2,2,2,0,22,0,4,1,0,22.0,20.58,0.733,7,13,6,12,2,2,1
2020,12124,"Maryland","A. OWUSU",15,"G",30,"6-13",46.2,"0-1",0.0,"5-6",83.3,6,7,0,2,0,17,2,4,1,0,24.0,20.27,0.567,6,13,0,1,5,6,1
2020,12124,"Maryland","C. BIBBY",55,"F",29,"8-15",53.3,"2-7",28.6,"2-2",100.0,9,1,4,1,0,20,5,4,2,0,20.0,26.65,0.69,8,15,2,7,2,2,1
2020,12124,"Maryland","A. STYLES",5,"F",19,"3-3",100.0,"0-0",0.0,"2-2",100.0,4,1,2,1,0,8,2,2,2,0,12.0,12.03,0.421,3,3,0,0,2,2,0
2020,12124,"Maryland","Z. YOUNG",12,"G",8,"1-3",33.3,"1-2",50.0,"0-0",0.0,0,2,0,1,0,3,0,0,1,0,4.0,0.0,0.0,1,3,1,2,0,0,0
2020,12124,"Maryland","F. MASONIUS",13,"F",16,"4-8",50.0,"1-2",50.0,"0-0",0.0,3,1,1,1,0,9,2,1,2,0,9.0,21.87,0.563,4,8,1,2,0,0,0
2020,12124,"Maryland","T. KOZLOVA",14,"G",14,"2-3",66.7,"0-0",0.0,"0-0",0.0,3,1,1,0,0,4,1,2,0,0,6.0,11.11,0.286,2,3,0,0,0,0,0
2020,12124,"Illinois","J. TERRY",10,"G",24,"1-10",10.0,"0-1",0.0,"1-2",50.0,5,6,7,0,0,3,1,4,2,0,-3.0,31.33,0.125,1,10,0,1,1,2,1
2020,12124,"Illinois","J. PEEBLES",11,"G",37,"7-14",50.0,"2-2",100.0,"2-3",66.7,0,0,5,1,0,18,0,0,0,0,6.0,23.09,0.486,7,14,2,2,2,3,1
2020,12124,"Illinois","E. RUBIN",22,"C",14,"0-2",0.0,"0-0",0.0,"0-0",0.0,3,0,2,0,0,0,2,1,1,1,-1.0,12.01,0.0,0,2,0,0,0,0,1
2020,12124,"Illinois","A. NYE",32,"G",29,"4-11",36.4,"2-6",33.3,"1-2",50.0,3,2,0,0,1,11,2,1,0,0,9.0,17.23,0.379,4,11,2,6,1,2,1
2020,12124,"Illinois","K. MYLES",44,"F",18,"3-5",60.0,"0-0",0.0,"1-2",50.0,6,0,4,2,0,7,3,3,4,0,8.0,23.08,0.389,3,5,0,0,1,2,1
2020,12124,"Illinois","J. EPHRAIM",0,"G",20,"2-3",66.7,"1-2",50.0,"0-0",0.0,1,1,2,0,0,5,0,1,1,0,4.0,10.51,0.25,2,3,1,2,0,0,0
2020,12124,"Illinois","N. PANAGIOTOPOULOU",1,"F",7,"0-1",0.0,"0-0",0.0,"0-0",0.0,0,0,0,0,0,0,0,0,1,0,-1.0,0.0,0.0,0,1,0,0,0,0,0
2020,12124,"Illinois","L. ROBINS",2,"F",11,"1-1",100.0,"0-0",0.0,"0-2",0.0,2,0,1,2,0,2,0,2,1,0,3.0,11.01,0.182,1,1,0,0,0,2,0
2020,12124,"Illinois","S. AMUSAN",3,"F",6,"0-2",0.0,"0-1",0.0,"0-0",0.0,3,0,0,0,0,0,0,3,1,0,1.0,0.0,0.0,0,2,0,1,0,0,0
2020,12124,"Illinois","T. O'MALLEY",13,"G",1,"0-0",0.0,"0-0",0.0,"0-0",0.0,0,0,0,0,0,0,0,0,0,0,0.0,0.0,0.0,0,0,0,0,0,0,0
2020,12124,"Illinois","G. LOPES",14,"C",13,"1-4",25.0,"0-0",0.0,"0-0",0.0,6,1,2,0,0,2,3,3,0,0,4.0,19.41,0.154,1,4,0,0,0,0,0
2020,12124,"Illinois","E. PORTER",20,"F",8,"1-2",50.0,"0-0",0.0,"1-1",100.0,0,1,0,0,0,3,0,0,1,0,3.0,0.0,0.0,1,2,0,0,1,1,0
2020,12124,"Illinois","A. MCQUEEN",21,"G",12,"2-10",20.0,"1-7",14.3,"2-2",100.0,2,0,0,2,0,7,0,2,1,0,3.0,38.13,0.583,2,10,1,7,2,2,0
2020,12125,"Maryland","D. MILLER",1,"G",26,"6-12",50.0,"2-6",33.3,"6-6",100.0,5,2,1,3,0,20,1,4,3,1,23.0,31.99,0.769,6,12,2,6,6,6,1
2020,12125,"Maryland","M. COLLINS",2,"F",15,"3-3",100.0,"0-0",0.0,"0-0",0.0,2,1,2,1,1,6,0,2,2,0,9.0,17.73,0.4,3,3,0,0,0,0,1
2020,12125,"Maryland","K. BENZAN",11,"G",33,"6-11",54.5,"3-7",42.9,"2-2",100.0,3,5,0,1,0,17,0,3,1,0,21.0,19.15,0.515,6,11,3,7,2,2,1
2020,12125,"Maryland","A. OWUSU",15,"G",32,"7-12",58.3,"0-1",0.0,"10-11",90.9,6,8,1,1,1,24,2,4,0,0,33.0,29.65,0.75,7,12,0,1,10,11,1
2020,12125,"Maryland","C. BIBBY",55,"F",28,"4-9",44.4,"2-3",66.7,"0-0",0.0,3,1,0,0,0,10,0,3,0,0,9.0,17.1,0.357,4,9,2,3,0,0,1
2020,12125,"Maryland","A. STYLES",5,"F",21,"2-4",50.0,"0-0",0.0,"0-0",0.0,1,0,1,0,0,4,0,1,4,0,2.0,12.66,0.19,2,4,0,0,0,0,0
2020,12125,"Maryland","Z. YOUNG",12,"G",6,"0-0",0.0,"0-0",0.0,"0-0",0.0,0,1,0,0,0,0,0,0,0,0,1.0,0.0,0.0,0,0,0,0,0,0,0
2020,12125,"Maryland","F. MASONIUS",13,"F",28,"2-6",33.3,"0-0",0.0,"1-2",50.0,6,8,0,1,0,5,2,4,3,0,15.0,13.07,0.179,2,6,0,0,1,2,0
2020,12125,"Maryland","T. KOZLOVA",14,"G",11,"3-4",75.0,"2-2",100.0,"0-0",0.0,0,0,0,0,0,8,0,0,1,0,7.0,19.34,0.727,3,4,2,2,0,0,0
2020,12125,"Minnesota","A. SMITH",1,"G",37,"1-5",20.0,"0-1",0.0,"0-0",0.0,3,1,0,0,0,2,0,3,1,0,2.0,7.15,0.054,1,5,0,1,0,0,1
2020,12125,"Minnesota","J. POWELL",4,"G",14,"2-6",33.3,"1-3",33.3,"0-0",0.0,1,2,2,0,0,5,0,1,1,0,2.0,30.25,0.357,2,6,1,3,0,0,1
2020,12125,"Minnesota","K. MERSHON",15,"F",16,"1-2",50.0,"0-0",0.0,"0-0",0.0,1,0,0,0,0,2,0,1,2,0,2.0,6.62,0.125,1,2,0,0,0,0,1
2020,12125,"Minnesota","K. SISSOKO",30,"F",31,"6-14",42.9,"0-3",0.0,"4-6",66.7,7,3,1,0,2,16,1,6,2,0,17.0,30.12,0.516,6,14,0,3,4,6,1
2020,12125,"Minnesota","G. HUBBARD",34,"G",21,"1-5",20.0,"0-4",0.0,"3-3",100.0,3,0,2,0,0,5,1,2,3,0,2.0,20.97,0.238,1,5,0,4,3,3,1
2020,12125,"Minnesota","E. HEDMAN",10,"F",6,"1-2",50.0,"0-1",0.0,"0-0",0.0,0,0,0,0,0,2,0,0,0,0,1.0,0.0,0.0,1,2,0,1,0,0,0
2020,12125,"Minnesota","L. BAGWELL KATALINICH",12,"F",18,"1-4",25.0,"0-0",0.0,"3-4",75.0,3,1,0,0,0,5,1,2,1,0,5.0,16.94,0.278,1,4,0,0,3,4,0
2020,12125,"Minnesota","C. STRANDE",21,"G",21,"3-6",50.0,"2-3",66.7,"0-0",0.0,2,1,3,0,0,8,0,2,1,0,5.0,22.69,0.381,3,6,2,3,0,0,0
2020,12125,"Minnesota","K. BOROWICZ",23,"G",12,"2-4",50.0,"2-3",66.7,"0-0",0.0,1,3,3,0,1,6,0,1,1,0,6.0,30.88,0.5,2,4,2,3,0,0,0
2020,12125,"Minnesota","K. SCONIERS",25,"C",12,"3-5",60.0,"0-0",0.0,"0-0",0.0,1,0,0,0,0,6,1,0,3,0,5.0,22.06,0.5,3,5,0,0,0,0,0
2020,12125,"Minnesota","G. CUMMING",43,"F",12,"2-3",66.7,"0-1",0.0,"1-2",50.0,3,1,0,1,0,5,1,2,0,0,8.0,17.11,0.417,2,3,0,1,1,2,0
2020,12127,"Northwestern","L. SATTERWHITE",2,"G",10,"0-1",0.0,"0-0",0.0,"0-0",0.0,3,0,1,0,0,0,3,0,3,0,1.0,0.0,0.0,0,1,0,0,0,0,1
2020,12127,"Northwestern","L. PULLIAM",10,"G",39,"6-21",28.6,"1-3",33.3,"0-0",0.0,6,3,2,0,0,13,1,5,2,0,5.0,29.32,0.333,6,21,1,3,0,0,1
2020,12127,"Northwestern","B. PIKIELL",11,"G",2,"0-0",0.0,"0-0",0.0,"0-0",0.0,0,0,0,0,0,0,0,0,0,0,0.0,0.0,0.0,0,0,0,0,0,0,1
2020,12127,"Northwestern","P. MOTT",20,"F",23,"1-1",100.0,"0-0",0.0,"0-2",0.0,3,1,1,0,1,2,1,2,3,0,4.0,6.23,0.087,1,1,0,0,0,2,1
2020,12127,"Northwestern","J. HAMILTON",24,"G",38,"2-14",14.3,"0-4",0.0,"0-0",0.0,5,7,2,0,1,4,0,5,2,0,3.0,20.94,0.105,2,14,0,4,0,0,1
2020,12127,"Northwestern","K. RAINEY",1,"G",0,"0-0",0.0,"0-0",0.0,"0-0",0.0,0,0,0,0,0,0,0,0,0,0,0.0,0.0,0.0,0,0,0,0,0,0,0
2020,12127,"Northwestern","S. WOOD",3,"G",34,"4-8",50.0,"0-0",0.0,"2-4",50.0,6,2,1,1,3,10,1,5,3,0,15.0,15.74,0.294,4,8,0,0,2,4,0
2020,12127,"Northwestern","V. BURTON",12,"G",36,"4-16",25.0,"0-5",0.0,"7-9",77.8,7,2,1,5,1,15,5,2,2,0,15.0,28.95,0.417,4,16,0,5,7,9,0
2020,12127,"Northwestern","J. MCWILLIAMS",23,"G",1,"0-0",0.0,"0-0",0.0,"0-0",0.0,0,0,1,0,0,0,0,0,1,0,-1.0,0.0,0.0,0,0,0,0,0,0,0
2020,12127,"Northwestern","A. MORRIS",42,"F",17,"2-2",100.0,"1-1",100.0,"1-2",50.0,1,1,0,0,2,6,0,1,3,0,9.0,8.42,0.353,2,2,1,1,1,2,0
2020,12127,"Maryland","D. MILLER",1,"G",31,"8-17",47.1,"1-5",20.0,"0-0",0.0,10,3,3,3,1,17,0,10,4,0,22.0,32.66,0.548,8,17,1,5,0,0,1
2020,12127,"Maryland","M. COLLINS",2,"F",34,"7-10",70.0,"0-0",0.0,"4-6",66.7,10,0,0,2,0,18,4,6,3,0,25.0,18.82,0.529,7,10,0,0,4,6,1
2020,12127,"Maryland","K. BENZAN",11,"G",32,"1-5",20.0,"1-4",25.0,"2-2",100.0,2,4,1,0,0,5,0,2,1,0,6.0,10.89,0.156,1,5,1,4,2,2,1
2020,12127,"Maryland","A. OWUSU",15,"G",39,"3-7",42.9,"0-0",0.0,"4-4",100.0,8,7,5,0,0,10,0,8,3,0,16.0,17.86,0.256,3,7,0,0,4,4,1
2020,12127,"Maryland","C. BIBBY",55,"F",26,"0-7",0.0,"0-3",0.0,"2-2",100.0,3,0,1,0,0,2,1,2,2,0,-3.0,17.29,0.077,0,7,0,3,2,2,1
2020,12127,"Maryland","A. STYLES",5,"F",2,"0-0",0.0,"0-0",0.0,"0-0",0.0,1,0,1,0,0,0,0,1,0,0,0.0,0.0,0.0,0,0,0,0,0,0,0
2020,12127,"Maryland","A. REESE",10,"F",13,"1-6",16.7,"0-1",0.0,"2-2",100.0,3,0,1,0,1,4,2,1,1,0,2.0,30.69,0.308,1,6,0,1,2,2,0
2020,12127,"Maryland","F. MASONIUS",13,"F",23,"3-6",50.0,"0-0",0.0,"0-0",0.0,2,2,2,2,1,6,2,0,4,0,8.0,17.61,0.261,3,6,0,0,0,0,0
2020,12128,"Maryland","D. MILLER",1,"G",26,"6-14",42.9,"0-4",0.0,"2-2",100.0,4,4,3,3,1,14,2,2,0,0,15.0,31.3,0.538,6,14,0,4,2,2,1
2020,12128,"Maryland","M. COLLINS",2,"F",25,"5-10",50.0,"0-1",0.0,"2-2",100.0,5,0,0,0,1,12,1,4,0,0,13.0,19.81,0.48,5,10,0,1,2,2,1
2020,12128,"Maryland","K. BENZAN",11,"G",31,"3-6",50.0,"1-4",25.0,"2-2",100.0,4,4,1,5,0,9,1,3,0,0,18.0,11.57,0.29,3,6,1,4,2,2,1
2020,12128,"Maryland","A. OWUSU",15,"G",24,"6-13",46.2,"0-1",0.0,"0-4",0.0,5,4,1,2,0,12,0,5,1,0,11.0,29.89,0.5,6,13,0,1,0,4,1
2020,12128,"Maryland","C. BIBBY",55,"F",27,"7-9",77.8,"1-1",100.0,"0-0",0.0,9,5,0,2,0,15,4,5,1,0,29.0,15.17,0.556,7,9,1,1,0,0,1
2020,12128,"Maryland","A. STYLES",5,"F",16,"4-5",80.0,"0-0",0.0,"0-0",0.0,2,1,2,1,0,8,1,1,1,0,9.0,19.91,0.5,4,5,0,0,0,0,0
2020,12128,"Maryland","A. REESE",10,"F",16,"3-5",60.0,"0-1",0.0,"5-6",83.3,4,2,2,0,1,11,2,2,3,0,13.0,27.42,0.688,3,5,0,1,5,6,0
2020,12128,"Maryland","Z. YOUNG",12,"G",5,"0-0",0.0,"0-0",0.0,"0-0",0.0,0,2,0,1,0,0,0,0,0,0,3.0,0.0,0.0,0,0,0,0,0,0,0
2020,12128,"Maryland","F. MASONIUS",13,"F",23,"2-4",50.0,"1-2",50.0,"2-2",100.0,5,1,2,1,0,7,2,3,0,0,10.0,13.61,0.304,2,4,1,2,2,2,0
2020,12128,"Maryland","T. KOZLOVA",14,"G",7,"0-3",0.0,"0-1",0.0,"0-0",0.0,0,0,0,0,0,0,0,0,1,0,-3.0,0.0,0.0,0,3,0,1,0,0,0
2020,12128,"Penn St.","N. BEVERLEY",1,"G",34,"6-16",37.5,"1-6",16.7,"2-2",100.0,5,2,2,1,1,15,1,4,3,0,12.0,24.76,0.441,6,16,1,6,2,2,1
2020,12128,"Penn St.","A. CAMDEN",11,"F",28,"2-7",28.6,"1-5",20.0,"0-0",0.0,5,0,1,0,0,5,3,2,1,0,4.0,12.74,0.179,2,7,1,5,0,0,1
2020,12128,"Penn St.","M. BURKE",15,"G",25,"2-9",22.2,"1-7",14.3,"0-0",0.0,1,2,2,0,0,5,1,0,3,0,-1.0,19.62,0.2,2,9,1,7,0,0,1
2020,12128,"Penn St.","M. MARISA",20,"G",29,"4-7",57.1,"2-3",66.7,"0-0",0.0,4,6,3,1,0,10,0,4,1,0,15.0,15.37,0.345,4,7,2,3,0,0,1
2020,12128,"Penn St.","S. HAGANS",23,"G",21,"2-7",28.6,"0-2",0.0,"0-0",0.0,1,1,7,0,0,4,1,0,0,0,-6.0,29.72,0.19,2,7,0,2,0,0,1
2020,12128,"Penn St.","N. STAPLES",3,"G",4,"0-1",0.0,"0-0",0.0,"0-0",0.0,0,0,0,0,0,0,0,0,0,0,-1.0,0.0,0.0,0,1,0,0,0,0,0
2020,12128,"Penn St.","T. SABEL",10,"G",16,"3-8",37.5,"3-6",50.0,"0-0",0.0,3,1,1,0,0,9,1,2,0,0,7.0,25.08,0.563,3,8,3,6,0,0,0
2020,12128,"Penn St.","N. GARCIA",24,"G",20,"2-3",66.7,"2-3",66.7,"0-0",0.0,3,0,3,1,0,6,1,2,3,0,6.0,13.37,0.3,2,3,2,3,0,0,0
2020,12128,"Penn St.","J. CASH",33,"F",23,"3-7",42.9,"0-0",0.0,"1-2",50.0,7,0,4,2,1,7,2,5,2,0,8.0,23.03,0.304,3,7,0,0,1,2,0
2020,12129,"Maryland","D. MILLER",1,"G",37,"6-11",54.5,"1-2",50.0,"5-6",83.3,4,4,4,2,2,18,0,4,2,0,20.0,23.2,0.486,6,11,1,2,5,6,1
2020,12129,"Maryland","M. COLLINS",2,"F",33,"7-11",63.6,"1-4",25.0,"2-2",100.0,4,3,2,1,0,17,1,3,1,0,19.0,20.47,0.515,7,11,1,4,2,2,1
2020,12129,"Maryland","K. BENZAN",11,"G",29,"1-8",12.5,"1-5",20.0,"0-0",0.0,2,2,0,3,0,3,0,2,0,0,3.0,13.42,0.103,1,8,1,5,0,0,1
2020,12129,"Maryland","A. OWUSU",15,"G",35,"6-14",42.9,"0-2",0.0,"10-11",90.9,9,8,1,2,0,22,1,8,2,0,31.0,27.58,0.629,6,14,0,2,10,11,1
2020,12129,"Maryland","C. BIBBY",55,"F",37,"7-11",63.6,"4-8",50.0,"0-0",0.0,3,2,1,2,1,18,3,0,2,0,21.0,15.78,0.486,7,11,4,8,0,0,1
2020,12129,"Maryland","A. STYLES",5,"F",5,"0-2",0.0,"0-0",0.0,"0-0",0.0,0,0,0,0,0,0,0,0,0,0,-2.0,0.0,0.0,0,2,0,0,0,0,0
2020,12129,"Maryland","A. REESE",10,"F",10,"2-4",50.0,"0-0",0.0,"1-2",50.0,3,0,0,0,1,5,2,1,0,0,6.0,0.0,0.0,2,4,0,0,1,2,0
2020,12129,"Maryland","F. MASONIUS",13,"F",14,"0-2",0.0,"0-1",0.0,"0-0",0.0,4,1,2,1,0,0,2,2,1,0,2.0,13.9,0.0,0,2,0,1,0,0,0
2020,12129,"Nebraska","A. SCOGGIN",0,"G",35,"4-9",44.4,"4-8",50.0,"2-2",100.0,0,1,4,1,0,14,0,0,2,0,7.0,17.95,0.4,4,9,4,8,2,2,1
2020,12129,"Nebraska","S. HAIBY",4,"G",37,"9-24",37.5,"4-7",57.1,"2-2",100.0,9,6,6,1,1,24,2,7,3,0,20.0,37.78,0.649,9,24,4,7,2,2,1
2020,12129,"Nebraska","B. CRAVENS",14,"F",25,"2-4",50.0,"0-0",0.0,"1-2",50.0,8,3,2,1,0,5,3,5,1,0,12.0,12.46,0.2,2,4,0,0,1,2,1
2020,12129,"Nebraska","K. CAIN",31,"C",38,"3-5",60.0,"0-0",0.0,"2-2",100.0,11,0,0,1,1,8,4,7,2,0,19.0,7.0,0.211,3,5,0,0,2,2,1
2020,12129,"Nebraska","I. BOURNE",34,"F",30,"6-13",46.2,"1-5",20.0,"0-0",0.0,5,2,4,0,0,13,2,3,4,0,9.0,25.65,0.433,6,13,1,5,0,0,1
2020,12129,"Nebraska","M. CAYTON",5,"G",7,"0-1",0.0,"0-1",0.0,"1-2",50.0,0,0,1,0,0,1,0,0,0,0,-2.0,0.0,0.0,0,1,0,1,1,2,0
2020,12129,"Nebraska","W. BROWN",10,"G",8,"0-1",0.0,"0-0",0.0,"0-0",0.0,0,2,0,0,0,0,0,0,0,0,1.0,0.0,0.0,0,1,0,0,0,0,0
2020,12129,"Nebraska","A. STEWART",21,"F",5,"2-4",50.0,"1-2",50.0,"0-0",0.0,2,1,0,1,0,5,2,0,0,0,7.0,0.0,0.0,2,4,1,2,0,0,0
2020,12129,"Nebraska","K. COLEY",32,"F",15,"1-4",25.0,"1-3",33.3,"0-0",0.0,1,2,1,1,0,3,1,0,2,0,3.0,15.09,0.2,1,4,1,3,0,0,0
2020,12130,"Maryland","D. MILLER",1,"G",19,"7-11",63.6,"1-3",33.3,"4-4",100.0,3,2,2,1,1,19,0,3,1,0,20.0,35.25,1.0,7,11,1,3,4,4,1
2020,12130,"Maryland","M. COLLINS",2,"F",22,"3-6",50.0,"0-1",0.0,"6-6",100.0,5,0,3,1,0,12,1,4,1,0,12.0,24.01,0.545,3,6,0,1,6,6,1
2020,12130,"Maryland","K. BENZAN",11,"G",27,"2-3",66.7,"1-2",50.0,"0-0",0.0,2,4,0,1,0,5,0,2,0,0,11.0,5.04,0.185,2,3,1,2,0,0,1
2020,12130,"Maryland","A. OWUSU",15,"G",26,"9-14",64.3,"1-1",100.0,"3-4",75.0,8,7,2,0,0,22,4,4,2,0,29.0,30.99,0.846,9,14,1,1,3,4,1
2020,12130,"Maryland","C. BIBBY",55,"F",24,"4-10",40.0,"1-3",33.3,"2-3",66.7,11,0,0,2,2,11,4,7,2,0,19.0,21.4,0.458,4,10,1,3,2,3,1
2020,12130,"Maryland","A. STYLES",5,"F",25,"3-5",60.0,"0-0",0.0,"2-2",100.0,6,1,2,3,0,8,3,3,1,0,14.0,14.3,0.32,3,5,0,0,2,2,0
2020,12130,"Maryland","A. REESE",10,"F",10,"2-8",25.0,"0-0",0.0,"7-9",77.8,6,0,1,0,1,11,4,2,1,0,9.0,0.0,0.0,2,8,0,0,7,9,0
2020,12130,"Maryland","Z. YOUNG",12,"G",11,"0-2",0.0,"0-2",0.0,"0-0",0.0,0,4,0,1,0,0,0,0,0,0,3.0,8.25,0.0,0,2,0,2,0,0,0
2020,12130,"Maryland","F. MASONIUS",13,"F",25,"2-4",50.0,"0-0",0.0,"1-2",50.0,6,3,0,1,0,5,1,5,1,0,12.0,8.86,0.2,2,4,0,0,1,2,0
2020,12130,"Maryland","T. KOZLOVA",14,"G",11,"2-2",100.0,"1-1",100.0,"0-0",0.0,0,0,0,0,0,5,0,0,1,0,5.0,8.25,0.455,2,2,1,1,0,0,0
2020,12130,"Mount St. Mary's","K. BRESEE",3,"G",36,"0-10",0.0,"0-4",0.0,"5-6",83.3,6,2,7,1,0,5,2,4,4,0,-4.0,25.56,0.139,0,10,0,4,5,6,1
2020,12130,"Mount St. Mary's","M. HARRISON",10,"G",30,"3-11",27.3,"2-10",20.0,"0-0",0.0,0,4,2,2,1,8,0,0,0,0,5.0,20.31,0.267,3,11,2,10,0,0,1
2020,12130,"Mount St. Mary's","A. TAYLOR",13,"G",20,"3-7",42.9,"2-6",33.3,"0-0",0.0,2,1,1,0,0,8,0,2,4,0,6.0,18.74,0.4,3,7,2,6,0,0,1
2020,12130,"Mount St. Mary's","K. AGENTOWICZ",21,"G",21,"1-6",16.7,"1-4",25.0,"0-0",0.0,1,3,2,1,0,3,0,1,2,0,1.0,17.85,0.143,1,6,1,4,0,0,1
2020,12130,"Mount St. Mary's","R. LEE",34,"C",25,"3-5",60.0,"0-0",0.0,"1-2",50.0,7,0,2,2,2,7,3,4,4,0,13.0,14.77,0.28,3,5,0,0,1,2,1
2020,12130,"Mount St. Mary's","I. HUNT",0,"F",16,"1-4",25.0,"0-0",0.0,"0-0",0.0,6,1,0,0,1,2,4,2,1,0,7.0,11.71,0.125,1,4,0,0,0,0,0
2020,12130,"Mount St. Mary's","B. BIRKHEAD",11,"G",31,"3-15",20.0,"2-11",18.2,"0-0",0.0,4,0,3,1,0,8,2,2,2,0,-2.0,27.21,0.258,3,15,2,11,0,0,0
2020,12130,"Mount St. Mary's","J. TOMASETTI",14,"G",12,"1-2",50.0,"1-1",100.0,"0-0",0.0,2,0,0,0,0,3,1,1,1,0,4.0,7.81,0.25,1,2,1,1,0,0,0
2020,12130,"Mount St. Mary's","J. LEE",15,"G",6,"0-1",0.0,"0-0",0.0,"1-2",50.0,1,0,1,0,0,1,1,0,2,0,-1.0,0.0,0.0,0,1,0,0,1,2,0
2020,12130,"Mount St. Mary's","I. PELAIA",33,"F",3,"0-0",0.0,"0-0",0.0,"0-0",0.0,0,0,0,0,0,0,0,0,0,0,0.0,0.0,0.0,0,0,0,0,0,0,0
2020,12131,"Maryland","D. MILLER",1,"G",34,"7-15",46.7,"1-4",25.0,"6-7",85.7,8,2,1,0,2,21,1,7,3,0,23.0,29.78,0.618,7,15,1,4,6,7,1
2020,12131,"Maryland","M. COLLINS",2,"F",34,"2-4",50.0,"0-2",0.0,"0-0",0.0,5,2,1,0,0,4,1,4,2,0,8.0,7.8,0.118,2,4,0,2,0,0,1
2020,12131,"Maryland","K. BENZAN",11,"G",31,"2-9",22.2,"2-7",28.6,"0-0",0.0,5,5,0,2,0,6,0,5,4,0,11.0,15.41,0.194,2,9,2,7,0,0,1
2020,12131,"Maryland","A. OWUSU",15,"G",36,"4-9",44.4,"0-1",0.0,"2-3",66.7,4,5,3,0,0,10,0,4,3,0,10.0,19.64,0.278,4,9,0,1,2,3,1
2020,12131,"Maryland","C. BIBBY",55,"F",30,"6-12",50.0,"2-7",28.6,"0-0",0.0,5,0,2,1,1,14,2,3,3,0,13.0,24.77,0.467,6,12,2,7,0,0,1
2020,12131,"Maryland","A. STYLES",5,"F",9,"1-2",50.0,"0-0",0.0,"0-0",0.0,1,0,0,1,0,2,1,0,1,0,3.0,0.0,0.0,1,2,0,0,0,0,0
2020,12131,"Maryland","A. REESE",10,"F",10,"0-6",0.0,"0-1",0.0,"0-0",0.0,5,2,2,0,0,0,4,1,2,0,-1.0,0.0,0.0,0,6,0,1,0,0,0
2020,12131,"Maryland","F. MASONIUS",13,"F",16,"2-3",66.7,"0-0",0.0,"0-0",0.0,1,0,2,1,0,4,1,0,1,0,3.0,16.59,0.25,2,3,0,0,0,0,0
2020,12131,"Texas","C. TAYLOR",0,"G",40,"6-16",37.5,"2-3",66.7,"1-2",50.0,11,4,1,1,0,15,4,7,2,0,19.0,23.98,0.375,6,16,2,3,1,2,1
2020,12131,"Texas","J. ALLEN-TAYLOR",11,"G",40,"4-11",36.4,"3-7",42.9,"3-3",100.0,1,5,0,2,0,14,0,1,3,0,15.0,16.52,0.35,4,11,3,7,3,3,1
2020,12131,"Texas","K. LAMBERT",15,"G",37,"4-9",44.4,"1-4",25.0,"1-3",33.3,1,1,3,0,0,10,0,1,2,0,2.0,19.31,0.27,4,9,1,4,1,3,1
2020,12131,"Texas","A. WARREN",31,"G",27,"4-9",44.4,"0-1",0.0,"0-0",0.0,4,0,2,1,0,8,1,3,3,0,6.0,21.85,0.296,4,9,0,1,0,0,1
2020,12131,"Texas","C. COLLIER",35,"C",36,"6-11",54.5,"0-0",0.0,"4-5",80.0,11,0,1,1,1,16,4,7,2,0,22.0,21.16,0.444,6,11,0,0,4,5,1
2020,12131,"Texas","L. EBO",1,"F",17,"0-2",0.0,"0-0",0.0,"1-2",50.0,6,1,1,1,0,1,1,5,0,0,5.0,12.24,0.059,0,2,0,0,1,2,0
2020,12131,"Texas","K. ORTIZ",3,"G",2,"0-0",0.0,"0-0",0.0,"0-0",0.0,0,0,0,0,0,0,0,0,0,0,0.0,0.0,0.0,0,0,0,0,0,0,0
2020,12131,"Texas","A. CHEVALIER",25,"G",1,"0-0",0.0,"0-0",0.0,"0-0",0.0,0,0,0,0,0,0,0,0,0,0,0.0,0.0,0.0,0,0,0,0,0,0,0
2020,12137,"Maryland","D. MILLER",1,"G",23,"7-12",58.3,"1-3",33.3,"3-4",75.0,6,2,2,1,1,18,1,5,4,0,20.0,28.2,0.783,7,12,1,3,3,4,1
2020,12137,"Maryland","M. COLLINS",2,"F",29,"6-11",54.5,"0-1",0.0,"2-4",50.0,11,1,3,1,0,14,3,8,1,0,17.0,22.36,0.483,6,11,0,1,2,4,1
2020,12137,"Maryland","K. BENZAN",11,"G",26,"4-9",44.4,"3-6",50.0,"1-2",50.0,1,3,0,1,0,12,1,0,1,0,11.0,15.64,0.462,4,9,3,6,1,2,1
2020,12137,"Maryland","A. OWUSU",15,"G",29,"9-15",60.0,"0-0",0.0,"1-2",50.0,8,7,2,2,0,19,0,8,0,0,27.0,25.37,0.655,9,15,0,0,1,2,1
2020,12137,"Maryland","C. BIBBY",55,"F",24,"6-12",50.0,"2-5",40.0,"3-3",100.0,10,4,0,0,0,17,5,5,1,0,25.0,22.84,0.708,6,12,2,5,3,3,1
2020,12137,"Maryland","C. LEWIS",3,"G",19,"1-3",33.3,"1-2",50.0,"0-0",0.0,0,3,1,0,0,3,0,0,2,0,3.0,8.66,0.158,1,3,1,2,0,0,0
2020,12137,"Maryland","Z. YOUNG",12,"G",10,"1-3",33.3,"0-1",0.0,"0-0",0.0,0,0,1,0,0,2,0,0,0,0,-1.0,0.0,0.0,1,3,0,1,0,0,0
2020,12137,"Maryland","F. MASONIUS",13,"F",28,"5-11",45.5,"0-1",0.0,"4-4",100.0,12,2,2,2,0,14,8,4,1,0,22.0,21.69,0.5,5,11,0,1,4,4,0
2020,12137,"Maryland","T. KOZLOVA",14,"G",12,"0-1",0.0,"0-1",0.0,"2-2",100.0,0,0,0,0,0,2,0,0,2,0,1.0,6.45,0.167,0,1,0,1,2,2,0
2020,12137,"James Madison","B. TINSLEY",3,"G",22,"2-10",20.0,"0-4",0.0,"2-2",100.0,0,2,3,2,0,6,0,0,1,0,-1.0,27.39,0.273,2,10,0,4,2,2,1
2020,12137,"James Madison","R. TUCKER",21,"F",27,"4-8",50.0,"0-0",0.0,"0-0",0.0,6,0,2,0,0,8,3,3,2,0,8.0,16.08,0.296,4,8,0,0,0,0,1
2020,12137,"James Madison","P. MCDANIEL",22,"G",32,"5-13",38.5,"4-10",40.0,"0-0",0.0,4,1,1,2,0,14,1,3,2,0,12.0,19.0,0.438,5,13,4,10,0,0,1
2020,12137,"James Madison","A. DIOUF",24,"F",24,"2-4",50.0,"0-0",0.0,"2-4",50.0,9,1,0,0,0,6,4,5,3,0,12.0,10.42,0.25,2,4,0,0,2,4,1
2020,12137,"James Madison","K. JEFFERSON",30,"G",19,"4-5",80.0,"0-1",0.0,"0-0",0.0,3,1,0,0,0,8,2,1,4,0,11.0,11.43,0.421,4,5,0,1,0,0,1
2020,12137,"James Madison","N. OPPENHEIMER",0,"G",16,"0-5",0.0,"0-4",0.0,"2-2",100.0,2,0,0,0,0,2,1,1,2,0,-1.0,15.96,0.125,0,5,0,4,2,2,0
2020,12137,"James Madison","J. CARODINE",2,"G",6,"0-1",0.0,"0-0",0.0,"0-0",0.0,1,1,2,0,0,0,1,0,0,0,-1.0,0.0,0.0,0,1,0,0,0,0,0
2020,12137,"James Madison","M. GREEN",4,"G",4,"0-1",0.0,"0-0",0.0,"0-0",0.0,0,0,0,0,0,0,0,0,0,0,-1.0,0.0,0.0,0,1,0,0,0,0,0
2020,12137,"James Madison","E. MARCISZEWSKI",13,"G",10,"1-3",33.3,"0-2",0.0,"0-0",0.0,2,0,2,0,0,2,0,2,0,0,0.0,0.0,0.0,1,3,0,2,0,0,0
2020,12137,"James Madison","A. GOODMAN",14,"F",8,"0-0",0.0,"0-0",0.0,"0-0",0.0,1,0,2,0,1,0,0,1,0,0,0.0,0.0,0.0,0,0,0,0,0,0,0
2020,12137,"James Madison","J. HAZELL",25,"G",21,"4-16",25.0,"1-3",33.3,"2-6",33.3,3,3,4,0,0,11,0,3,1,0,-3.0,46.81,0.524,4,16,1,3,2,6,0
2020,12137,"James Madison","S. OUDERKIRK",33,"F",11,"1-3",33.3,"0-1",0.0,"0-0",0.0,3,0,0,0,0,2,2,1,1,0,3.0,11.84,0.182,1,3,0,1,0,0,0
2020,12382,"Purdue","B. MOORE",0,"G",35,"5-16",31.3,"2-4",50.0,"1-2",50.0,1,1,1,5,0,13,1,0,1,0,7.0,24.65,0.371,5,16,2,4,1,2,1
2020,12382,"Purdue","K. TRAYLOR",23,"G",30,"4-7",57.1,"0-2",0.0,"7-9",77.8,1,3,4,0,0,15,0,1,1,0,10.0,24.07,0.5,4,7,0,2,7,9,1
2020,12382,"Purdue","T. FARQUHAR",25,"G",22,"2-3",66.7,"0-0",0.0,"0-0",0.0,2,1,1,1,0,4,0,2,0,0,6.0,8.77,0.182,2,3,0,0,0,0,1
2020,12382,"Purdue","M. LAYDEN",33,"G",37,"3-7",42.9,"2-5",40.0,"0-2",0.0,1,4,4,4,0,8,0,1,3,0,7.0,15.5,0.216,3,7,2,5,0,2,1
2020,12382,"Purdue","F. DIAGNE",45,"C",25,"5-7",71.4,"0-0",0.0,"2-4",50.0,10,1,1,1,0,12,5,5,0,0,19.0,18.84,0.48,5,7,0,0,2,4,1
2020,12382,"Purdue","R. DOUMBIA",4,"G",18,"1-4",25.0,"0-0",0.0,"0-1",0.0,2,2,3,0,0,2,1,1,1,0,-1.0,19.95,0.111,1,4,0,0,0,1,0
2020,12382,"Purdue","C. HARDIN",5,"G",8,"1-4",25.0,"1-4",25.0,"0-0",0.0,0,0,1,0,0,3,0,0,0,0,-1.0,0.0,0.0,1,4,1,4,0,0,0
2020,12382,"Purdue","J. GRANT",22,"F",11,"0-4",0.0,"0-1",0.0,"0-0",0.0,2,0,1,1,0,0,0,2,2,0,-2.0,21.94,0.0,0,4,0,1,0,0,0
2020,12382,"Purdue","R. KYLE",24,"C",6,"1-3",33.3,"0-0",0.0,"0-0",0.0,4,0,1,0,2,2,1,3,2,0,5.0,0.0,0.0,1,3,0,0,0,0,0
2020,12382,"Purdue","N. GONY",30,"F",2,"0-1",0.0,"0-0",0.0,"0-0",0.0,0,0,0,0,0,0,0,0,1,0,-1.0,0.0,0.0,0,1,0,0,0,0,0
2020,12382,"Purdue","R. WOLTMAN",35,"F",6,"0-1",0.0,"0-0",0.0,"0-0",0.0,0,0,1,0,0,0,0,0,0,0,-2.0,0.0,0.0,0,1,0,0,0,0,0
2020,12382,"Maryland","D. MILLER",1,"G",24,"6-12",50.0,"2-2",100.0,"2-2",100.0,5,1,3,0,2,16,1,4,1,0,15.0,28.06,0.667,6,12,2,2,2,2,1
2020,12382,"Maryland","M. COLLINS",2,"F",18,"5-8",62.5,"1-1",100.0,"2-2",100.0,6,1,2,2,0,13,4,2,1,0,17.0,25.63,0.722,5,8,1,1,2,2,1
2020,12382,"Maryland","K. BENZAN",11,"G",26,"1-3",33.3,"1-3",33.3,"0-0",0.0,4,3,2,1,0,3,1,3,3,0,7.0,8.16,0.115,1,3,1,3,0,0,1
2020,12382,"Maryland","A. OWUSU",15,"G",30,"6-16",37.5,"0-0",0.0,"1-4",25.0,6,5,1,0,0,13,2,4,2,0,10.0,26.52,0.433,6,16,0,0,1,4,1
2020,12382,"Maryland","C. BIBBY",55,"F",27,"2-6",33.3,"0-2",0.0,"0-0",0.0,5,2,0,0,1,4,3,2,1,0,8.0,9.42,0.148,2,6,0,2,0,0,1
2020,12382,"Maryland","A. STYLES",5,"F",17,"4-5",80.0,"0-0",0.0,"0-1",0.0,5,2,2,0,0,8,4,1,2,0,11.0,18.56,0.471,4,5,0,0,0,1,0
2020,12382,"Maryland","A. REESE",10,"F",19,"6-10",60.0,"1-2",50.0,"4-5",80.0,9,1,3,2,3,17,3,6,0,0,24.0,33.93,0.895,6,10,1,2,4,5,0
2020,12382,"Maryland","Z. YOUNG",12,"G",7,"0-1",0.0,"0-0",0.0,"0-0",0.0,1,2,0,0,0,0,0,1,0,0,2.0,0.0,0.0,0,1,0,0,0,0,0
2020,12382,"Maryland","F. MASONIUS",13,"F",25,"3-7",42.9,"0-0",0.0,"4-5",80.0,8,4,1,5,0,10,3,5,2,0,21.0,17.3,0.4,3,7,0,0,4,5,0
2020,12382,"Maryland","T. KOZLOVA",14,"G",7,"2-3",66.7,"0-1",0.0,"0-0",0.0,0,0,1,1,0,4,0,0,1,0,3.0,0.0,0.0,2,3,0,1,0,0,0
2020,12384,"Maryland","D. MILLER",1,"G",23,"5-9",55.6,"1-4",25.0,"2-2",100.0,3,6,2,2,1,13,1,2,1,0,19.0,26.64,0.565,5,9,1,4,2,2,1
2020,12384,"Maryland","M. COLLINS",2,"F",21,"3-6",50.0,"0-1",0.0,"4-4",100.0,5,1,0,0,1,10,1,4,0,0,14.0,19.06,0.476,3,6,0,1,4,4,1
2020,12384,"Maryland","K. BENZAN",11,"G",25,"2-4",50.0,"1-3",33.3,"0-0",0.0,2,4,1,0,0,5,0,2,2,0,8.0,10.31,0.2,2,4,1,3,0,0,1
2020,12384,"Maryland","A. OWUSU",15,"G",20,"5-9",55.6,"1-2",50.0,"1-2",50.0,4,2,3,1,0,12,1,3,2,0,11.0,33.21,0.6,5,9,1,2,1,2,1
2020,12384,"Maryland","C. BIBBY",55,"F",21,"3-5",60.0,"1-2",50.0,"2-2",100.0,4,3,0,0,2,9,0,4,0,0,16.0,14.44,0.429,3,5,1,2,2,2,1
2020,12384,"Maryland","A. STYLES",5,"F",23,"7-7",100.0,"0-0",0.0,"1-2",50.0,3,0,2,3,0,15,1,2,2,0,18.0,22.15,0.652,7,7,0,0,1,2,0
2020,12384,"Maryland","A. REESE",10,"F",22,"4-9",44.4,"0-0",0.0,"2-3",66.7,11,2,2,2,2,10,1,10,2,0,19.0,28.88,0.455,4,9,0,0,2,3,0
2020,12384,"Maryland","Z. YOUNG",12,"G",7,"0-2",0.0,"0-2",0.0,"0-0",0.0,0,3,2,0,0,0,0,0,1,0,-1.0,0.0,0.0,0,2,0,2,0,0,0
2020,12384,"Maryland","F. MASONIUS",13,"F",26,"5-6",83.3,"1-1",100.0,"0-0",0.0,4,3,0,0,0,11,2,2,2,0,17.0,11.9,0.423,5,6,1,1,0,0,0
2020,12384,"Maryland","T. KOZLOVA",14,"G",12,"0-1",0.0,"0-1",0.0,"0-0",0.0,0,0,1,2,0,0,0,0,2,0,0.0,8.59,0.0,0,1,0,1,0,0,0
2020,12384,"Northwestern","S. WOOD",3,"G",28,"3-6",50.0,"0-0",0.0,"1-2",50.0,2,0,2,4,0,7,2,0,3,0,7.0,14.9,0.25,3,6,0,0,1,2,1
2020,12384,"Northwestern","L. PULLIAM",10,"G",34,"0-12",0.0,"0-4",0.0,"1-2",50.0,4,1,2,0,0,1,2,2,1,0,-9.0,20.57,0.029,0,12,0,4,1,2,1
2020,12384,"Northwestern","V. BURTON",12,"G",32,"5-13",38.5,"1-5",20.0,"3-4",75.0,3,6,1,2,0,14,0,3,3,0,15.0,23.14,0.438,5,13,1,5,3,4,1
2020,12384,"Northwestern","P. MOTT",20,"F",12,"3-4",75.0,"0-0",0.0,"0-0",0.0,2,0,0,0,0,6,0,2,1,0,7.0,15.66,0.5,3,4,0,0,0,0,1
2020,12384,"Northwestern","J. HAMILTON",24,"G",25,"4-11",36.4,"2-6",33.3,"0-0",0.0,2,1,5,0,0,10,0,2,1,0,1.0,30.07,0.4,4,11,2,6,0,0,1
2020,12384,"Northwestern","K. RAINEY",1,"G",5,"0-1",0.0,"0-0",0.0,"2-2",100.0,1,0,0,0,0,2,0,1,0,0,2.0,0.0,0.0,0,1,0,0,2,2,0
2020,12384,"Northwestern","L. SATTERWHITE",2,"G",18,"1-3",33.3,"1-3",33.3,"0-0",0.0,2,2,2,0,0,3,2,0,0,0,3.0,13.05,0.167,1,3,1,3,0,0,0
2020,12384,"Northwestern","C. SHAW",15,"F",25,"2-9",22.2,"0-0",0.0,"0-0",0.0,8,1,1,0,0,4,5,3,1,0,5.0,18.8,0.16,2,9,0,0,0,0,0
2020,12384,"Northwestern","J. MCWILLIAMS",23,"G",14,"1-4",25.0,"1-3",33.3,"2-4",50.0,1,1,0,0,0,5,0,1,0,0,2.0,19.33,0.357,1,4,1,3,2,4,0
2020,12384,"Northwestern","A. MORRIS",42,"F",7,"0-1",0.0,"0-0",0.0,"0-0",0.0,0,1,0,0,1,0,0,0,2,0,1.0,0.0,0.0,0,1,0,0,0,0,0
2020,12385,"Maryland","D. MILLER",1,"G",25,"6-13",46.2,"0-4",0.0,"3-3",100.0,4,7,1,1,2,15,1,3,2,0,21.0,26.36,0.6,6,13,0,4,3,3,1
2020,12385,"Maryland","M. COLLINS",2,"F",25,"6-10",60.0,"3-6",50.0,"2-2",100.0,6,2,0,1,0,17,2,4,2,0,22.0,18.72,0.68,6,10,3,6,2,2,1
2020,12385,"Maryland","K. BENZAN",11,"G",33,"5-9",55.6,"4-7",57.1,"0-0",0.0,2,6,0,3,1,14,0,2,2,0,22.0,11.73,0.424,5,9,4,7,0,0,1
2020,12385,"Maryland","A. OWUSU",15,"G",30,"5-15",33.3,"0-0",0.0,"2-3",66.7,3,7,3,0,0,12,2,1,3,0,8.0,27.7,0.4,5,15,0,0,2,3,1
2020,12385,"Maryland","C. BIBBY",55,"F",28,"9-13",69.2,"3-6",50.0,"0-0",0.0,4,1,0,1,0,21,3,1,0,0,23.0,19.97,0.75,9,13,3,6,0,0,1
2020,12385,"Maryland","A. STYLES",5,"F",8,"2-4",50.0,"0-0",0.0,"2-2",100.0,1,1,0,1,0,6,1,0,2,0,7.0,0.0,0.0,2,4,0,0,2,2,0
2020,12385,"Maryland","A. REESE",10,"F",16,"2-8",25.0,"0-0",0.0,"2-6",33.3,6,2,1,1,0,6,3,3,2,0,4.0,31.29,0.375,2,8,0,0,2,6,0
2020,12385,"Maryland","Z. YOUNG",12,"G",3,"2-3",66.7,"1-2",50.0,"0-0",0.0,1,0,0,0,0,5,1,0,0,0,5.0,0.0,0.0,2,3,1,2,0,0,0
2020,12385,"Maryland","F. MASONIUS",13,"F",29,"4-4",100.0,"0-0",0.0,"0-0",0.0,5,3,1,2,0,8,2,3,0,0,17.0,7.42,0.276,4,4,0,0,0,0,0
2020,12385,"Maryland","T. KOZLOVA",14,"G",3,"0-1",0.0,"0-0",0.0,"0-0",0.0,0,0,0,0,0,0,0,0,1,0,-1.0,0.0,0.0,0,1,0,0,0,0,0
2020,12385,"Iowa","M. WARNOCK",14,"F",34,"3-4",75.0,"2-3",66.7,"2-2",100.0,10,4,3,0,1,10,2,8,2,0,21.0,10.96,0.294,3,4,2,3,2,2,1
2020,12385,"Iowa","K. MARTIN",20,"G",34,"5-9",55.6,"0-3",0.0,"1-2",50.0,6,5,4,0,0,11,2,4,0,0,13.0,19.31,0.324,5,9,0,3,1,2,1
2020,12385,"Iowa","C. CLARK",22,"G",36,"7-18",38.9,"4-10",40.0,"3-4",75.0,8,7,6,0,0,21,0,8,3,0,18.0,33.85,0.583,7,18,4,10,3,4,1
2020,12385,"Iowa","G. MARSHALL",24,"G",31,"4-11",36.4,"3-7",42.9,"0-0",0.0,1,1,1,1,0,11,1,0,3,0,6.0,18.31,0.355,4,11,3,7,0,0,1
2020,12385,"Iowa","M. CZINANO",25,"C",35,"10-13",76.9,"0-0",0.0,"2-5",40.0,7,0,1,0,0,22,4,3,3,0,22.0,21.89,0.629,10,13,0,0,2,5,1
2020,12385,"Iowa","T. TAIWO",1,"G",11,"0-1",0.0,"0-1",0.0,"0-0",0.0,1,1,1,0,0,0,0,1,1,0,0.0,8.6,0.0,0,1,0,1,0,0,0
2020,12385,"Iowa","A. SEVILLIAN",5,"G",2,"1-1",100.0,"1-1",100.0,"0-0",0.0,0,0,0,0,0,3,0,0,1,0,3.0,0.0,0.0,1,1,1,1,0,0,0
2020,12385,"Iowa","M. MEYER",11,"G",6,"0-1",0.0,"0-1",0.0,"0-0",0.0,0,0,0,0,0,0,0,0,0,0,-1.0,0.0,0.0,0,1,0,1,0,0,0
2020,12385,"Iowa","S. WETERING",13,"F",2,"0-0",0.0,"0-0",0.0,"0-0",0.0,0,0,0,0,0,0,0,0,0,0,0.0,0.0,0.0,0,0,0,0,0,0,0
2020,12385,"Iowa","L. JENSEN",15,"G",2,"0-0",0.0,"0-0",0.0,"0-0",0.0,0,0,1,0,0,0,0,0,0,0,-1.0,0.0,0.0,0,0,0,0,0,0,0
2020,12385,"Iowa","Z. SANDERS",21,"G",1,"1-1",100.0,"0-0",0.0,"1-1",100.0,0,1,0,1,0,3,0,0,0,0,5.0,0.0,0.0,1,1,0,0,1,1,0
2020,12385,"Iowa","L. COOK",23,"F",2,"0-0",0.0,"0-0",0.0,"0-0",0.0,0,1,0,0,0,0,0,0,0,0,1.0,0.0,0.0,0,0,0,0,0,0,0
2020,12385,"Iowa","S. GOODMAN",40,"C",4,"1-1",100.0,"0-0",0.0,"1-1",100.0,0,0,0,0,1,3,0,0,3,0,4.0,0.0,0.0,1,1,0,0,1,1,0
2020,12394,"Maryland","D. MILLER","01","G","25","5-10","50.0","1-3","33.3","2-2","100.0","5","3","4","2","1","13",2,3,2,0,15.0,27.79,0.52,5,10,1,3,2,2,1
2020,12394,"Maryland","M. COLLINS","02","F","18","6-10","60.0","1-2","50.0","0-0","0.0","6","0","0","1","0","13",1,5,4,0,16.0,25.93,0.722,6,10,1,2,0,0,1
2020,12394,"Maryland","K. BENZAN","11","G","27","3-5","60.0","2-3","66.7","1-1","100.0","3","4","0","0","1","9",0,3,2,0,15.0,9.41,0.333,3,5,2,3,1,1,1
2020,12394,"Maryland","A. OWUSU","15","G","29","5-8","62.5","0-0","0.0","0-1","0.0","2","8","2","3","0","10",0,2,1,0,17.0,16.81,0.345,5,8,0,0,0,1,1
2020,12394,"Maryland","C. BIBBY","55","F","24","3-6","50.0","2-4","50.0","1-2","50.0","1","3","0","4","1","9",0,1,1,0,14.0,13.38,0.375,3,6,2,4,1,2,1
2020,12394,"Maryland","A. STYLES","05","F","18","4-6","66.7","0-0","0.0","0-1","0.0","5","0","1","1","0","8",1,4,1,0,10.0,19.3,0.444,4,6,0,0,0,1,0
2020,12394,"Maryland","A. REESE","10","F","19","8-12","66.7","0-1","0.0","3-4","75.0","5","2","0","0","1","19",3,2,2,0,22.0,33.81,1.0,8,12,0,1,3,4,0
2020,12394,"Maryland","Z. YOUNG","12","G","5","0-1","0.0","0-1","0.0","0-0","0.0","0","0","3","0","0","0",0,0,0,0,-4.0,0.0,0.0,0,1,0,1,0,0,0
2020,12394,"Maryland","F. MASONIUS","13","F","23","7-8","87.5","0-1","0.0","2-2","100.0","5","2","1","2","0","16",3,2,3,0,23.0,20.05,0.696,7,8,0,1,2,2,0
2020,12394,"Maryland","T. KOZLOVA","14","G","12","1-2","50.0","1-2","50.0","0-0","0.0","3","0","1","0","0","3",1,2,2,0,4.0,11.67,0.25,1,2,1,2,0,0,0
2020,12394,"Alabama","M. ABRAMS","01","G","22","2-5","40.0","0-1","0.0","1-2","50.0","2","1","2","0","0","5",0,2,0,0,2.0,18.11,0.227,2,5,0,1,1,2,1
2020,12394,"Alabama","J. LEWIS","03","G","32","2-9","22.2","1-4","25.0","3-5","60.0","2","1","4","1","0","8",0,2,2,0,-1.0,24.01,0.25,2,9,1,4,3,5,1
2020,12394,"Alabama","H. BARBER","05","G","25","1-4","25.0","1-3","33.3","0-0","0.0","1","3","3","0","0","3",1,0,1,0,1.0,14.15,0.12,1,4,1,3,0,0,1
2020,12394,"Alabama","A. COPELAND","22","F","26","2-5","40.0","0-0","0.0","1-2","50.0","7","2","2","0","0","5",2,5,2,0,8.0,15.32,0.192,2,5,0,0,1,2,1
2020,12394,"Alabama","J. WALKER","40","F","35","9-16","56.3","4-11","36.4","1-1","100.0","7","2","3","1","1","23",2,5,2,0,24.0,28.08,0.657,9,16,4,11,1,1,1
2020,12394,"Alabama","T. SUTTON","04","G","12","4-7","57.1","0-0","0.0","0-0","0.0","0","0","2","3","0","8",0,0,0,0,6.0,37.91,0.667,4,7,0,0,0,0,0
2020,12394,"Alabama","D. RICE","11","G","16","1-3","33.3","1-2","50.0","2-2","100.0","0","1","1","1","0","5",0,0,0,0,4.0,15.42,0.313,1,3,1,2,2,2,0
2020,12394,"Alabama","A. CRUCE","12","F","16","1-2","50.0","1-2","50.0","2-2","100.0","0","0","0","1","0","5",0,0,4,0,5.0,9.1,0.313,1,2,1,2,2,2,0
2020,12394,"Alabama","M. GORDON","15","G","16","1-3","33.3","0-1","0.0","0-0","0.0","2","3","0","0","0","2",1,1,2,0,5.0,9.48,0.125,1,3,0,1,0,0,0
